T,L,E,Ms,Cv,chi_s,U,periodica,intento
1.4,16,-167.64028571428398,0.06515066964285714,0.21215761645537623,0.22301131445881925,0.30504612881777404,False,9
1.3,16,-173.46440000000086,0.0693515625,0.24680835550506902,0.2804234151785712,0.2876567945763935,False,9
1.2,16,-180.12137142857105,0.07616294642857142,0.3047389333899907,0.3616954815051021,0.2942152076701011,False,9
1.1,16,-188.43925714285638,0.08524888392857143,0.37465699349595033,0.5112147237360855,0.27931867449865333,False,9
1.0,16,-199.6829714285711,0.10564899553571429,0.48801096551017054,0.8614029552774234,0.29722607844379245,False,9
0.9,16,-215.00114285714287,0.1398203125,0.6588994646005945,1.7070479588293659,0.29112045575049783,False,9
0.8,16,-233.59919999999713,0.20924888392857144,0.7782215362722943,3.8964340844228307,0.40235934965209375,False,9
0.7,16,-250.97902857140193,0.3408286830357143,0.45900524029036666,3.8337547575391793,0.6033620829080781,False,9
0.6,16,-258.88468571426387,0.3766986607142857,0.23514043636588947,4.7310568218537465,0.617965477974345,False,9
1.4,16,-167.33108571428573,0.06397879464285715,0.22385870186899506,0.2180200835914722,0.2985456475983733,False,4
1.3,16,-173.6374285714277,0.06944698660714285,0.24318922816538768,0.2741746835140307,0.3053172927212653,False,4
1.2,16,-180.48377142857274,0.07630970982142857,0.30553627093963504,0.35930956307132245,0.29615365776132885,False,4
1.1,16,-188.46782857142787,0.08668470982142858,0.38146456011766766,0.5193145639349487,0.2782915203028594,False,4
1.0,16,-200.38365714285763,0.10541796875,0.5117046709693511,0.834957487165179,0.27826133390294083,False,4
0.9,16,-213.97097142856967,0.14103404017857143,0.7062677616527898,1.757921778539541,0.289322908138258,False,4
0.8,16,-234.0449714285697,0.21962276785714285,0.7660207196867218,4.122175333227041,0.4287763529454378,False,4
0.7,16,-251.6921142856935,0.34504854910714283,0.42730116243234895,3.9292741061179015,0.6054726353451467,False,4
0.6,16,-259.63268571426755,0.4095630580357143,0.19684555045339874,1.4083310787361825,0.6514145576819448,False,4
1.4,16,-167.562571428572,0.06434654017857143,0.22538072661781286,0.2214400464080722,0.3103390861277513,False,8
1.3,16,-173.250228571428,0.07022823660714286,0.24085580212987778,0.2806815516458986,0.2967601100175583,False,8
1.2,16,-179.9398857142846,0.07491462053571428,0.29044493424039947,0.347713381629996,0.2964560699543123,False,8
1.1,16,-188.73228571428584,0.08459598214285714,0.360224202806157,0.4851087650742116,0.30500645013183225,False,8
1.0,16,-200.01022857142712,0.10579296875,0.5213462877423467,0.895575210379465,0.2514936781698972,False,8
0.9,16,-214.0061142857138,0.13816964285714287,0.6475958294123108,1.515418083900226,0.33379755586342863,False,8
0.8,16,-235.21439999999544,0.23177455357142857,0.8104393035714085,4.4523798628826565,0.4483528289559491,False,8
0.7,16,-251.1781142856933,0.33022265625,0.46985059118602923,5.011717488042084,0.5842380249365372,False,8
0.6,16,-259.88742857140846,0.41967745535714285,0.18692946074278577,0.4032613408801093,0.6602505005484394,False,8
1.4,16,-167.36954285714185,0.06617801339285714,0.2148858152267363,0.2268292022936407,0.3171519091876155,False,0
1.3,16,-172.96051428571354,0.07026953125,0.2400945577149444,0.2749588568853022,0.31674634927994993,False,0
1.2,16,-180.69931428571385,0.07853125,0.29842016861537524,0.38307398065476195,0.3006840130617775,False,0
1.1,16,-188.52422857142585,0.08601785714285715,0.36962225632484846,0.4823341303339517,0.32142473396492055,False,0
1.0,16,-199.73885714285652,0.10419029017857143,0.4904848609693886,0.8356658417570153,0.2567948419070263,False,0
0.9,16,-214.52948571428573,0.13748270089285713,0.6550198923533138,1.621342548805982,0.2952247076796404,False,0
0.8,16,-234.69325714285452,0.21528404017857142,0.7456542286353062,4.228332916035555,0.40342019937592555,False,0
0.7,16,-249.49457142855195,0.2893353794642857,0.5076520974333627,6.2048794960595846,0.519692099729522,False,0
0.6,16,-258.8576571428423,0.37232868303571426,0.25021963290107074,5.56935395820048,0.6115620580305592,False,0
1.4,16,-167.3864000000006,0.06507477678571429,0.22631012700436337,0.228034404837828,0.2898378558684557,False,5
1.3,16,-173.33285714285793,0.07074441964285715,0.25067438545312903,0.2754045405710361,0.3248816202648368,False,5
1.2,16,-179.929485714286,0.07618694196428571,0.29794596127408945,0.34987718371332893,0.3128773494384641,False,5
1.1,16,-188.7517142857135,0.08549386160714285,0.36461695664313964,0.469557990419179,0.32465571662332293,False,5
1.0,16,-199.13531428571486,0.10481529017857143,0.47696133387754003,0.7824436988998724,0.3245097232473242,False,5
0.9,16,-213.717771428571,0.12833370535714286,0.635387145360853,1.4670136518565762,0.2981595119573799,False,5
0.8,16,-233.65971428571126,0.20965011160714286,0.8298952282964843,3.948417047094228,0.3967589146433793,False,5
0.7,16,-249.89028571426627,0.3014849330357143,0.538062932111657,5.977681632539179,0.5407950899682548,False,5
0.6,16,-259.34045714284224,0.40220870535714287,0.23735240348656816,2.629525328975338,0.6436685633806403,False,5
1.4,16,-167.41999999999948,0.06578627232142857,0.21582719114431895,0.21649101898460288,0.3312675188240185,False,7
1.3,16,-173.35874285714118,0.06974665178571429,0.24824479769954205,0.282560574715463,0.30225697029371124,False,7
1.2,16,-180.50674285714203,0.07672712053571429,0.2957840718537577,0.35500305424904344,0.3071186133530964,False,7
1.1,16,-188.99337142857058,0.08604296875,0.3769042265137271,0.5171935354099025,0.2576587507549577,False,7
1.0,16,-199.6130285714286,0.1027578125,0.4801720155102487,0.7837759754464284,0.3047889063786242,False,7
0.9,16,-214.38485714285702,0.14259988839285714,0.677953369472807,1.6993302224170916,0.32182546011786517,False,7
0.8,16,-234.6319999999964,0.21433370535714286,0.8045713169642531,4.2222088851243615,0.40958712374328643,False,7
0.7,16,-251.747257142841,0.3496852678571429,0.43782476236455004,3.8438770389941572,0.6090684983759457,False,7
0.6,16,-259.89251428569867,0.4207639508928571,0.19285504673326337,0.3839850285661228,0.6604403942629898,False,7
1.4,16,-167.41405714285747,0.06507421875,0.20985356026133734,0.22002273317920928,0.31379923311034963,False,11
1.3,16,-173.21897142856994,0.07002287946428572,0.2581611503441549,0.27891505831779817,0.2886453055692748,False,11
1.2,16,-180.48679999999823,0.07641629464285714,0.29459085918896516,0.3536182076424321,0.30918189586370926,False,11
1.1,16,-188.7225714285695,0.08791629464285715,0.3658070182050154,0.5439608856099255,0.2809381590630734,False,11
1.0,16,-200.26257142857045,0.10393861607142857,0.4994998848852674,0.8276070978954082,0.28394271448172714,False,11
0.9,16,-215.02068571428396,0.13957756696428572,0.6527311815948114,1.67704842253047,0.3055613837733192,False,11
0.8,16,-233.80474285713856,0.20351841517857142,0.7507504207389547,4.062036827865914,0.37929474878586067,False,11
0.7,16,-250.70805714283352,0.32393136160714286,0.5486124562420911,5.228848143107687,0.5744221008563695,False,11
0.6,16,-259.6328571428408,0.41836830357142857,0.19874647020227737,0.3843664094387833,0.6602658436721427,False,11
1.4,16,-167.2054857142848,0.06486495535714286,0.2170365653894316,0.22285801726494162,0.30098375314074965,False,6
1.3,16,-173.52451428571337,0.06975892857142857,0.24671036075805433,0.2847937068288856,0.28172711164241204,False,6
1.2,16,-179.87097142857166,0.07542689732142857,0.29347281955075155,0.35192680265465554,0.3046707263595103,False,6
1.1,16,-188.98594285714313,0.08820479910714285,0.3734178980857247,0.5548136762958026,0.25841340685476744,False,6
1.0,16,-200.09651428571388,0.10826171875,0.5525685239668405,0.9961843889508928,0.19363377332134402,False,6
0.9,16,-215.32285714285828,0.14697544642857144,0.7184424209498625,1.8202501062925158,0.3217480783732123,False,6
0.8,16,-235.1835999999952,0.21932198660714286,0.755092247907374,4.334371449996013,0.42397287489451985,False,6
0.7,16,-251.01051428569633,0.3355786830357143,0.4824575735111068,4.392807665702436,0.591984471703906,False,6
0.6,16,-259.93245714283916,0.4215502232142857,0.18478333602587327,0.33860082855016554,0.6610971908561951,False,6
1.4,16,-167.4430285714276,0.06406473214285714,0.2066901876236709,0.21245487791545178,0.30835576434488277,False,1
1.3,16,-173.62125714285884,0.06997879464285714,0.25001691836735734,0.27528026859301424,0.31316906774840014,False,1
1.2,16,-180.1486285714284,0.07475948660714286,0.29860221619012844,0.3615015172592473,0.28181302314945655,False,1
1.1,16,-188.42714285714263,0.08671037946428571,0.3515195371795416,0.5191674958690862,0.27916467973527204,False,1
1.0,16,-199.78760000000028,0.10621930803571429,0.5144347565178577,0.8451320133131377,0.2864903466228035,False,1
0.9,16,-214.38731428571438,0.14316071428571428,0.6977781039933918,1.7147583673469393,0.3000229971111943,False,1
0.8,16,-233.19571428571192,0.19839899553571427,0.7588663778500758,3.9326902342753534,0.3664523388161157,False,1
0.7,16,-250.66948571426647,0.31534877232142855,0.46723884173262353,5.294191642561051,0.5641048167319116,False,1
0.6,16,-259.79914285712283,0.4192544642857143,0.19836556742486916,0.3645662712585107,0.6605835775527241,False,1
1.4,16,-167.15222857142643,0.06504966517857143,0.21575119158682543,0.23006885699480698,0.2902352569344494,False,3
1.3,16,-173.2718857142847,0.07094587053571429,0.25398921805942054,0.28107527809801797,0.32625656781629964,False,3
1.2,16,-180.23822857142758,0.07632756696428572,0.3023317251187171,0.3771069939811859,0.28473158397271436,False,3
1.1,16,-189.14542857142683,0.08731361607142857,0.36784479860642466,0.5140022643205013,0.2952460792652133,False,3
1.0,16,-199.6915428571421,0.10165959821428572,0.49574083668360913,0.7874529435586735,0.28192257318666036,False,3
0.9,16,-213.86977142857054,0.13622767857142856,0.6746758182004688,1.5729981221655336,0.3123581574883383,False,3
0.8,16,-233.48868571428343,0.206484375,0.8245320730229099,4.044563895089286,0.38285107851294153,False,3
0.7,16,-250.1815999999816,0.3179358258928571,0.5212662514577112,5.509028780862794,0.5668782991423216,False,3
0.6,16,-258.6844571428406,0.37709375,0.28402478443862517,4.7072051041666665,0.6163976304721284,False,3
1.4,16,-167.39382857142806,0.06499162946428572,0.2127976646189032,0.220442828386935,0.32247379090818473,False,2
1.3,16,-173.24919999999855,0.06991294642857143,0.2513082785820056,0.27850393347723706,0.3057087056120239,False,2
1.2,16,-180.70359999999937,0.07656640625,0.28165007645088264,0.35485611653645854,0.3210122983228517,False,2
1.1,16,-188.85051428571404,0.08665792410714286,0.36687000910774725,0.4982259043802178,0.3151387940656175,False,2
1.0,16,-199.02479999999875,0.10070200892857142,0.4795418832142673,0.7352524103954083,0.2872503936981766,False,2
0.9,16,-214.971828571427,0.14138448660714287,0.657724567759594,1.7652494932504246,0.3025593175626914,False,2
0.8,16,-233.92754285713843,0.21447209821428573,0.8045460813138837,4.035338054448339,0.4215100437948084,False,2
0.7,16,-250.60171428569183,0.3239536830357143,0.43520332934205586,4.445708520294269,0.5820821867153823,False,2
0.6,16,-259.95445714283915,0.4217728794642857,0.18721286107563628,0.3291185043314234,0.6612034059191962,False,2
1.4,16,-167.31531428571398,0.06550558035714285,0.21203645405561494,0.23090396114249298,0.2911393456262512,False,10
1.3,16,-173.64388571428483,0.06922935267857143,0.249901085134635,0.2697530856922096,0.3102914743094115,False,10
1.2,16,-180.3146285714291,0.07680357142857143,0.30164950010627384,0.3636072076955782,0.29713312434681194,False,10
1.1,16,-188.56262857142954,0.08567466517857143,0.37651334841457856,0.5193036264349488,0.2820509589805189,False,10
1.0,16,-199.94559999999856,0.10404520089285714,0.47627076142859437,0.8467340082110972,0.2667333012836003,False,10
0.9,16,-214.23314285714213,0.1327818080357143,0.6960447467875672,1.6329108183638033,0.2605282025498735,False,10
0.8,16,-233.24902857142544,0.20166796875,0.7956987770248779,4.085353722795757,0.371072622985566,False,10
0.7,16,-252.63097142854573,0.3819765625,0.39357763004989943,1.049189595025502,0.6472352472686033,False,10
0.6,16,-259.73114285712586,0.42047321428571427,0.2016722638534437,0.3706069111394683,0.6606186803887375,False,10
1.4,16,-167.24154285714212,0.06497823660714286,0.2223452758681295,0.2198722507630283,0.31168456627792684,False,13
1.3,16,-173.5262857142864,0.07090234375,0.25520014113630307,0.2815047188358516,0.3134974152936658,False,13
1.2,16,-180.27994285714487,0.07515680803571428,0.29989002975304835,0.3601596539514244,0.29556483706582515,False,13
1.1,16,-188.469142857143,0.08515234375,0.3713065852167339,0.5172555768060066,0.2754112511914213,False,13
1.0,16,-199.46559999999928,0.10280189732142857,0.5081340828571399,0.8983941453284441,0.2071769734048513,False,13
0.9,16,-213.71348571428533,0.1387818080357143,0.6931951657218473,1.5989040524907872,0.3098131060292273,False,13
0.8,16,-232.81234285714172,0.21032254464285716,0.8205356214923131,3.7041842311065043,0.411878022149922,False,13
0.7,16,-250.0889142856922,0.3143359375,0.5157420049980556,5.142917490433671,0.5613208129288462,False,13
0.6,16,-258.49902857140944,0.3611489955357143,0.27434820404595134,5.948896279629045,0.5985983997642808,False,13
1.4,16,-167.2800571428563,0.06476060267857142,0.22837666726755346,0.22134192778562323,0.3176015088802969,False,12
1.3,16,-173.78285714285616,0.07006026785714285,0.2454888600410536,0.27860955259026693,0.29533259234735765,False,12
1.2,16,-180.6860571428552,0.07629743303571429,0.31072879432397904,0.35519101927880514,0.29888882636471836,False,12
1.1,16,-189.01605714285768,0.08923828125,0.3731432054203459,0.5242090224228897,0.31679977333470233,False,12
1.0,16,-199.7250857142842,0.10153348214285714,0.4715614703953861,0.7654171951530615,0.29913085167393627,False,12
0.9,16,-214.25971428571222,0.13009207589285715,0.6267742500472335,1.4543972660678852,0.2944835706062263,False,12
0.8,16,-234.23142857142358,0.22985100446428572,0.7822185805963054,3.7393721650789224,0.45735604224965254,False,12
0.7,16,-251.08874285712218,0.33057589285714284,0.45068466761245435,4.4970091946064175,0.588135007150981,False,12
0.6,16,-259.30028571426607,0.38336049107142856,0.2260300090347932,4.686423213754256,0.6225543323406977,False,12
1.4,16,-167.61274285714427,0.06591685267857143,0.21687554190313538,0.23001001452031689,0.30725912108697717,False,14
1.3,16,-173.5979428571432,0.06924330357142858,0.25351520577226117,0.2688828826530611,0.3149158247677777,False,14
1.2,16,-180.30908571428608,0.07713783482142857,0.3055401406515933,0.3685714045891797,0.29159495829717064,False,14
1.1,16,-188.90211428571328,0.08669921875,0.39225138757590805,0.5280949802150973,0.28420539838968595,False,14
1.0,16,-199.65685714285718,0.10418303571428572,0.4874274614158196,0.7845254770408157,0.3184333995163102,False,14
0.9,16,-214.98605714285716,0.14484207589285714,0.7190861436130178,1.891307464480584,0.2850086183875101,False,14
0.8,16,-234.2423428571374,0.2329174107142857,0.7891958091317707,3.7238890561224514,0.4714494699971249,False,14
0.7,16,-251.40319999998124,0.35055245535714286,0.4690830087463847,3.662112552387029,0.6118486443056579,False,14
0.6,16,-258.85337142855263,0.3720786830357143,0.24636938931416177,5.082477648676651,0.6105905496305376,False,14
1.4,16,-167.11765714285616,0.06469866071428572,0.2227453698914417,0.2235883063046646,0.2849100980948135,False,15
1.3,16,-173.2033142857125,0.06952120535714286,0.24243636514309455,0.2708588400215854,0.3067728263557221,False,15
1.2,16,-180.46365714285665,0.07728459821428571,0.28288236079223594,0.36581007945365673,0.3132282389280141,False,15
1.1,16,-188.8145714285723,0.0855625,0.35904543319911547,0.503346939935065,0.28852748337156,False,15
1.0,16,-199.513085714287,0.10305133928571429,0.4666432596810637,0.7881791913265301,0.2953930919291179,False,15
0.9,16,-214.87051428571573,0.14585546875,0.7027542397959209,1.913605253596231,0.2739311241597727,False,15
0.8,16,-234.62708571428158,0.22469698660714285,0.7653219731345472,4.241077342853156,0.4377544603770003,False,15
0.7,16,-252.6151999999711,0.38007979910714285,0.4221238870262109,1.1913163255056551,0.6447593042795,False,15
0.6,16,-259.8575428571259,0.41826729910714283,0.19470811901227433,0.5080432577327917,0.6591416368222882,False,15
1.4,16,-167.6282285714296,0.06494196428571429,0.2190095270459966,0.21963742620262383,0.30737820386029757,False,17
1.3,16,-173.7628571428579,0.07028125,0.2570901121543254,0.2739755975274724,0.31848361266908787,False,17
1.2,16,-180.43559999999883,0.07569084821428572,0.29873608339536045,0.3597804365965135,0.28653366622315113,False,17
1.1,16,-188.75205714285744,0.08916685267857143,0.3672720218312434,0.5169423723765076,0.3296293747232266,False,17
1.0,16,-199.56302857142913,0.10655747767857143,0.5166549284565747,0.8226692122927295,0.3155665121511392,False,17
0.9,16,-214.3993714285715,0.14290401785714285,0.7194613076183873,1.7939095223922912,0.29631686609823016,False,17
0.8,16,-234.52182857142495,0.23591796875,0.7985106938776186,4.07211971609933,0.4646108361565475,False,17
0.7,16,-252.1817142856926,0.37420089285714286,0.3914809350270477,1.3865282634839613,0.641256987405328,False,17
0.6,16,-258.82805714283865,0.37089676339285715,0.2495085713934802,5.725644716066102,0.6100153944100285,False,17
1.4,16,-167.88354285714308,0.06543303571428571,0.21931371405144215,0.22646822977405248,0.3044469537970217,False,16
1.3,16,-172.98074285714318,0.06878627232142857,0.2572833778453723,0.2636720451702314,0.3153351969652928,False,16
1.2,16,-180.38560000000123,0.07447879464285714,0.29191349999999616,0.3623163028805273,0.26597286811259246,False,16
1.1,16,-188.4136571428553,0.08419084821428571,0.34957045748648646,0.4931800136247683,0.27729448548483937,False,16
1.0,16,-199.51234285714264,0.10157087053571429,0.486114092397969,0.802109915098852,0.2836206110453192,False,16
0.9,16,-214.41714285714227,0.13946707589285715,0.6961683358528568,1.7859882878932818,0.26558418600399347,False,16
0.8,16,-233.87359999999882,0.21786049107142857,0.7944384776787049,4.069893292012116,0.4237229722557754,False,16
0.7,16,-251.94291428569073,0.34421595982142855,0.4020230372499815,4.128636317305952,0.6028578958230404,False,16
0.6,16,-259.89251428569753,0.42093136160714284,0.19266010625674174,0.3523628187446922,0.6608784041182003,False,16
1.4,16,-167.26685714285713,0.06471819196428572,0.22073325632549412,0.22171626588693508,0.2966057537930903,False,18
1.3,16,-173.30737142857043,0.06897265625,0.24620301261171257,0.285095062242445,0.26984469215065554,False,18
1.2,16,-180.27617142856985,0.07516238839285715,0.29861099694408944,0.36735235431281876,0.2865625636836171,False,18
1.1,16,-188.95542857142783,0.08675055803571428,0.39266241777706323,0.5062458075573978,0.29530360011417855,False,18
1.0,16,-199.8149714285716,0.10549497767857142,0.4827085887245346,0.8255673462213013,0.29580996197035425,False,18
0.9,16,-214.55531428571342,0.13596205357142857,0.7074112256866009,1.7781171400226765,0.24068829802181824,False,18
0.8,16,-233.78577142856943,0.20344363839285715,0.7321809629902364,4.051463743522801,0.38091481149127837,False,18
0.7,16,-250.57142857140948,0.30461941964285716,0.501119950020587,6.576109593203349,0.5428193114111226,False,18
0.6,16,-258.768114285698,0.37854520089285715,0.27735801573148444,4.746837052375632,0.6189144459884823,False,18
1.4,16,-167.44971428571458,0.06499832589285715,0.21203607286028384,0.22225910344159977,0.31057567259456353,False,19
1.3,16,-173.58057142857245,0.06874497767857143,0.24859813428329064,0.2630845589064952,0.30682325148225364,False,19
1.2,16,-180.6181714285684,0.07800558035714286,0.3032487322491642,0.38858605734481283,0.26235695261172365,False,19
1.1,16,-188.78662857142956,0.08477845982142856,0.3732506034322959,0.49407098438949476,0.2976462223920995,False,19
1.0,16,-199.66062857142543,0.10373604910714286,0.4809280520280197,0.8283882314253828,0.2839324265359108,False,19
0.9,16,-215.7650857142835,0.14041238839285713,0.6936371989008862,1.8783496172583616,0.24759422784649943,False,19
0.8,16,-233.80457142856764,0.20457198660714285,0.7770294483418371,3.993400166513872,0.383025629262599,False,19
0.7,16,-252.01977142855233,0.35491462053571426,0.4480821606621852,3.3745919450391835,0.6161147158631632,False,19
0.6,16,-259.91902857140656,0.4217075892857143,0.19251640841149412,0.354312818877555,0.6608242284594625,False,19
1.4,16,-167.33474285714342,0.06522209821428572,0.2010552883954709,0.2234098895317054,0.3002534988267428,False,20
1.3,16,-173.2152571428556,0.06961662946428572,0.24628649703386923,0.26555926161450133,0.3206237804799913,False,20
1.2,16,-180.46622857142793,0.07632310267857143,0.30436613980120186,0.36207659432132244,0.2931929092231469,False,20
1.1,16,-188.5434285714277,0.08483984375,0.34509046529766807,0.49896422128652557,0.2931837892973921,False,20
1.0,16,-199.42462857142766,0.10551618303571429,0.47483316631380035,0.8261093570631375,0.30748812964845196,False,20
0.9,16,-213.36994285714286,0.13285993303571428,0.7010937472285607,1.5734771626098365,0.26644168669608415,False,20
0.8,16,-233.22365714285522,0.20186551339285713,0.77801499928265,3.778763447763871,0.3791624147381495,False,20
0.7,16,-250.4905714285508,0.3061908482142857,0.4847343496199218,5.8142085418185125,0.5464671060145219,False,20
0.6,16,-259.7948571428378,0.4204955357142857,0.20242034793069605,0.3800437414966022,0.6604704284258115,False,20
1.4,16,-167.5460571428565,0.06501674107142857,0.2203905199916679,0.22523368599672,0.28944745964670604,False,21
1.3,16,-173.6102285714295,0.06970535714285714,0.25317204262015813,0.27449300039246477,0.30006557543393186,False,21
1.2,16,-180.6155999999991,0.07745200892857143,0.2985184370659866,0.37309255181760204,0.30170262714680207,False,21
1.1,16,-188.48125714285774,0.08577008928571428,0.3529940326783549,0.5051984288033398,0.291425235334583,False,21
1.0,16,-199.79982857142699,0.10427120535714286,0.48796464274232676,0.8128069741709183,0.29919687510682125,False,21
0.9,16,-214.54897142857067,0.14128348214285713,0.6776576365425233,1.6176941255668946,0.31593057376468314,False,21
0.8,16,-236.12622857142404,0.2547483258928571,0.831491336874146,3.861332102897803,0.5060247125519699,False,21
0.7,16,-251.61462857141078,0.34068191964285716,0.45742540774662244,4.532710230958454,0.5975175088901965,False,21
0.6,16,-259.57245714284363,0.4074760044642857,0.2173598241213881,1.7178975593909367,0.6490275282843267,False,21
1.4,16,-167.77142857142957,0.06531305803571429,0.21684531184921765,0.213414684254282,0.32843500959929883,False,22
1.3,16,-173.27588571428504,0.06917410714285714,0.24235978758605164,0.26581193583202506,0.30945906485703256,False,22
1.2,16,-180.49902857142933,0.07563392857142857,0.2915672097417203,0.35420444727891154,0.30507364253683456,False,22
1.1,16,-189.243885714286,0.08649107142857143,0.3765877906898061,0.4959595269016697,0.31268886356614234,False,22
1.0,16,-199.94217142857144,0.10830133928571428,0.5004226512245111,0.8716502091836738,0.289378792038528,False,22
0.9,16,-214.99045714285637,0.1437650669642857,0.6789605396667857,1.8826101784828522,0.27757427335718665,False,22
0.8,16,-234.71702857142617,0.21970256696428572,0.7896295778061279,4.119965636061062,0.4311523788267764,False,22
0.7,16,-252.35308571425998,0.37722265625,0.4365489629062073,1.5455474115114702,0.6413222888481701,False,22
0.6,16,-259.70565714284174,0.4188934151785714,0.20986572417093108,0.4260051752497892,0.6598376005104574,False,22
1.4,16,-167.39114285714257,0.06477845982142857,0.21101697193226615,0.2201201548264393,0.30274258422332323,False,23
1.3,16,-173.62085714285664,0.0694765625,0.24548826964588943,0.2714841294642856,0.30119551687777535,False,23
1.2,16,-180.6109714285708,0.07795926339285714,0.30199905342971595,0.37100929999734283,0.31129778579117084,False,23
1.1,16,-189.30765714285556,0.08578236607142857,0.37757002175747245,0.5184116068529683,0.2821863954005781,False,23
1.0,16,-199.98017142856844,0.10457142857142857,0.5139946248851857,0.8264054795918367,0.2895377089351411,False,23
0.9,16,-214.98080000000044,0.1393236607142857,0.6735487072310178,1.7192628415532893,0.29322816636475235,False,23
0.8,16,-234.56662857142607,0.21739118303571428,0.7825573769132176,3.925482678471781,0.4270229528106979,False,23
0.7,16,-251.40519999998253,0.3444458705357143,0.47149869114430115,3.7221419450391733,0.6049959164787944,False,23
0.6,16,-259.2734857142702,0.3912684151785714,0.23414725779499831,3.5509329282259827,0.6325775643504317,False,23
1.4,16,-167.2434285714253,0.06473716517857143,0.22000571636818814,0.22311742204582716,0.3066972266169299,False,24
1.3,16,-173.718,0.07004910714285714,0.25330630943576254,0.2838513795133437,0.2770994876931995,False,24
1.2,16,-179.9614285714299,0.07498939732142858,0.2839522514083568,0.3459014827141793,0.301798690958737,False,24
1.1,16,-188.5450857142854,0.08467801339285715,0.3787376083551422,0.49835495064645147,0.2791447070825315,False,24
1.0,16,-200.05554285714302,0.10714174107142857,0.47969509204085625,0.9104486603954083,0.2651619519074455,False,24
0.9,16,-215.2172571428568,0.13695870535714286,0.6813587930838383,1.6852328780470525,0.2700391975702159,False,24
0.8,16,-234.05617142856812,0.215734375,0.7684900891064216,3.9925265848214275,0.42181657781200466,False,24
0.7,16,-252.0679999999763,0.3638577008928571,0.42062385204095964,2.565376720913822,0.6277114897067064,False,24
0.6,16,-259.74691428569827,0.4181238839285714,0.19634640586032345,0.5003766363733083,0.6590093078028784,False,24
1.4,16,-167.2873142857136,0.06425613839285714,0.21545856684716957,0.2244540014007836,0.2936779175997546,False,27
1.3,16,-173.20440000000005,0.07059933035714286,0.2505414282016236,0.28155402546114594,0.31391468677203804,False,27
1.2,16,-180.5202285714278,0.07445479910714285,0.30008839271541043,0.3465752598187716,0.30423930867703597,False,27
1.1,16,-188.54074285714515,0.08338616071428571,0.36846962631768215,0.5096326252319108,0.2546404806922564,False,27
1.0,16,-199.5197714285718,0.10136160714285715,0.4803759283674367,0.8175331951530609,0.25108466849892797,False,27
0.9,16,-213.95011428571394,0.13188337053571428,0.656799837348861,1.5942342310622168,0.2592748618134043,False,27
0.8,16,-234.26542857142596,0.21400613839285715,0.8381250991509769,4.54579041762994,0.39338609782256306,False,27
0.7,16,-250.5638285714107,0.3160463169642857,0.5242599778998808,5.825836709069791,0.5631770140575358,False,27
0.6,16,-259.9253714285548,0.4209135044642857,0.19012657185394727,0.3435908629623796,0.6610195333654132,False,27
1.4,16,-167.55057142857308,0.06511383928571429,0.208301480991014,0.21631127824344,0.3256486257792417,False,25
1.3,16,-173.56965714285656,0.06869587053571428,0.2497799408208734,0.27633330007603996,0.2798435041978482,False,25
1.2,16,-180.31148571428756,0.07413839285714285,0.2926227820206388,0.34023857780612254,0.30439110332179053,False,25
1.1,16,-188.60508571428443,0.085953125,0.36418808061014707,0.4927201136363636,0.3079842858607764,False,25
1.0,16,-199.6265714285701,0.10598660714285714,0.5073044741710078,0.8431668380102044,0.3020837494318199,False,25
0.9,16,-214.35159999999843,0.14675558035714287,0.7080622258598273,1.8220214891581628,0.3187888329201721,False,25
0.8,16,-233.68171428571125,0.1919955357142857,0.798135026706026,4.212192169961735,0.32206970258591217,False,25
0.7,16,-251.15782857140758,0.33377790178571426,0.4966899041026604,4.842741105594034,0.5897050704837694,False,25
0.6,16,-258.62199999998154,0.36916183035714284,0.2656167720734478,5.159627784332486,0.6091858201696709,False,25
1.4,16,-167.16422857143058,0.06455803571428571,0.2202996545970326,0.22418644405976693,0.29186428612331006,False,26
1.3,16,-173.79542857142772,0.06909040178571428,0.24659293563580528,0.2670213096055731,0.30566163987287676,False,26
1.2,16,-180.59165714285564,0.07599162946428571,0.29542937468111713,0.37246423728475775,0.2754110200886297,False,26
1.1,16,-188.68674285714246,0.08604910714285714,0.35680554979759455,0.49819312384044545,0.30957192107182296,False,26
1.0,16,-199.74142857142974,0.10528013392857143,0.4948601705995088,0.8846649996811227,0.2790671686700962,False,26
0.9,16,-215.38302857142912,0.14411328125,0.7156632935091364,1.841866850818453,0.2819174703856474,False,26
0.8,16,-233.72817142856778,0.20667857142857143,0.8089425612045619,4.263496749043365,0.3899767493374585,False,26
0.7,16,-249.56519999998042,0.25609263392857146,0.48328243749994954,7.520174616891394,0.4381657079982516,False,26
0.6,16,-260.01342857140787,0.42197098214285716,0.1891976961096652,0.3657940603741494,0.6607402440573702,False,26
1.4,16,-167.40462857143032,0.06621986607142857,0.22170349228838002,0.2279081885477406,0.31385674757090354,False,28
1.3,16,-173.61497142857053,0.07092857142857142,0.2521082097271082,0.30334387166405036,0.26417159658682665,False,28
1.2,16,-180.1465142857131,0.07500948660714286,0.29038646102608945,0.3635463907711521,0.2780630290117819,False,28
1.1,16,-188.41628571428618,0.08671819196428572,0.36269992594661515,0.49422960625869633,0.31548055362266825,False,28
1.0,16,-199.9317142857132,0.10414676339285714,0.4806504461097063,0.8304337403539543,0.28347449270789826,False,28
0.9,16,-214.283485714285,0.1326255580357143,0.6928468990772082,1.5815395386018989,0.28253536101838483,False,28
0.8,16,-235.33097142856755,0.23485546875,0.757979845663259,3.9125774951171888,0.46672693104722274,False,28
0.7,16,-250.39445714284227,0.31599832589285715,0.5256471676124286,5.1138796737199295,0.5648549964590498,False,28
0.6,16,-259.68851428569155,0.4180680803571429,0.191886465383896,0.3812141682610459,0.6602826210717085,False,28
1.4,16,-167.5710857142824,0.06608928571428571,0.22563135128593376,0.2276538228862974,0.3008317214529985,False,29
1.3,16,-173.66079999999954,0.06821037946428571,0.243113814032151,0.2678235816694468,0.2960470883721432,False,29
1.2,16,-180.41714285714193,0.07646930803571429,0.2950328089569274,0.36747554680856703,0.3042659154565158,False,29
1.1,16,-188.85771428571402,0.08341015625,0.36296150172881686,0.49627370992288955,0.2555677071611,False,29
1.0,16,-198.98045714285703,0.10207756696428572,0.4978799366836597,0.7696692499202804,0.2930547692344304,False,29
0.9,16,-214.8116571428574,0.13905636160714285,0.6759411436130126,1.702858496226616,0.28360759359719034,False,29
0.8,16,-234.28382857142614,0.21953850446428572,0.7947894194636261,3.991034999900349,0.42666537676959104,False,29
0.7,16,-250.50205714283328,0.32306529017857144,0.5291928416285749,4.899641776489615,0.575367640892626,False,29
0.6,16,-259.86937142855516,0.42046651785714284,0.1905450043933696,0.41129270620749264,0.6602113357547983,False,29
1.4,16,-167.7380571428588,0.06444363839285715,0.21278453602664543,0.21604590191098744,0.3037616883354761,False,31
1.3,16,-173.69731428571203,0.07079854910714285,0.25250119845880453,0.2831218332393054,0.290483722934855,False,31
1.2,16,-179.95920000000007,0.07544419642857143,0.28484940302578743,0.3438416496598638,0.31355663712545956,False,31
1.1,16,-188.06182857142767,0.08579241071428571,0.3661798076826219,0.5059640538033398,0.2819512299939295,False,31
1.0,16,-200.44531428571253,0.10820479910714285,0.5094543896811388,0.916993749282526,0.27757245596542335,False,31
0.9,16,-214.65148571428543,0.1448671875,0.6632546327633241,1.7620090699404776,0.3182066498843198,False,31
0.8,16,-233.3387428571386,0.21213727678571428,0.8034525433674665,3.9770993602519145,0.4114057674811481,False,31
0.7,16,-251.32257142855184,0.33507979910714286,0.45695402892017595,4.695178187750539,0.5922497649557906,False,31
0.6,16,-259.8044571428353,0.4199162946428571,0.1838946257084078,0.38015995695153276,0.6604517305598352,False,31
1.4,16,-167.41502857143146,0.06546651785714286,0.224593117652787,0.22018450163994158,0.3220390925280202,False,30
1.3,16,-173.3831428571426,0.07051506696428571,0.25153769906261997,0.27837146971889726,0.30939122003543085,False,30
1.2,16,-180.3602285714296,0.07627232142857143,0.2996063242630539,0.3769574829931971,0.27430030096799407,False,30
1.1,16,-188.80880000000008,0.08625613839285715,0.3822441419716899,0.5239754579516462,0.28008675900090874,False,30
1.0,16,-200.07879999999946,0.10162834821428571,0.507323333660679,0.7986227739158167,0.28650290500534914,False,30
0.9,16,-214.9469142857144,0.14022879464285715,0.6896228735040438,1.7570386816184809,0.30066067081812464,False,30
0.8,16,-232.97194285713928,0.182046875,0.7915922935069374,3.6187850781249997,0.30588029261184846,False,30
0.7,16,-250.00245714283454,0.28884486607142856,0.4849822769420009,6.023979808217931,0.5189237379234382,False,30
0.6,16,-258.5523999999838,0.36223939732142857,0.28440845064463044,6.124122995190268,0.5975109781504067,False,30
1.4,16,-167.55525714285764,0.06570758928571428,0.2252701993375323,0.22342477314139947,0.3164024918742653,False,32
1.3,16,-173.81422857142852,0.070015625,0.24231662841896598,0.2832407142857143,0.30496014721998554,False,32
1.2,16,-180.45182857142774,0.07588560267857143,0.2904182464480777,0.35374367765465564,0.3026594426269892,False,32
1.1,16,-188.64548571428557,0.08389620535714286,0.36695214606175536,0.47706495216836753,0.30147467280822315,False,32
1.0,16,-200.02759999999935,0.10448270089285715,0.4671731850892513,0.8725373653539537,0.2837198050622467,False,32
0.9,16,-214.51668571428536,0.14074609375,0.7185952733055745,1.7318106851438497,0.29249743540500706,False,32
0.8,16,-234.04194285713788,0.21967857142857142,0.7722350774074903,3.9743711240433677,0.4297524739884455,False,32
0.7,16,-250.583542857124,0.32433816964285717,0.4999428117451303,4.783194720754368,0.5772726209928953,False,32
0.6,16,-259.6825142856933,0.42031863839285716,0.20255806632639584,0.35233424731610324,0.66082871626346,False,32
1.4,16,-167.8215999999975,0.06551841517857143,0.22138390980321346,0.22645622944378632,0.29956183829952,False,33
1.3,16,-173.23291428571414,0.07024162946428572,0.2556147825141586,0.2706656489771387,0.319160472367781,False,33
1.2,16,-180.56085714285507,0.07544642857142857,0.2937753576300316,0.35886373299319746,0.299021688181374,False,33
1.1,16,-188.63000000000028,0.08523270089285714,0.3730936116440257,0.5193278808412568,0.27798414356957846,False,33
1.0,16,-200.11234285714065,0.10424832589285714,0.49603962811232805,0.8519328787468115,0.28427993537212437,False,33
0.9,16,-214.54239999999928,0.14598158482142856,0.6784178624338527,1.92660096008716,0.294562091369474,False,33
0.8,16,-233.20102857142533,0.19820591517857142,0.7914165672033845,3.9802444171516282,0.36292918158324905,False,33
0.7,16,-251.09302857141117,0.32515011160714286,0.45326592086641493,5.198514877801565,0.5794724601553227,False,33
0.6,16,-259.2777714285509,0.4038404017857143,0.24405465841113028,2.004979920812069,0.645986938457404,False,33
1.4,16,-167.31428571428734,0.06524944196428571,0.21730833506873667,0.22010168042775147,0.3215203421906835,False,34
1.3,16,-173.68022857142643,0.07071595982142857,0.24314868965102193,0.2740755170108908,0.306621323291437,False,34
1.2,16,-180.23794285714294,0.07539453125,0.29119363931406167,0.3553872735305062,0.2951659055560235,False,34
1.1,16,-188.46262857142634,0.08370479910714286,0.3566617766908669,0.4919187006464518,0.28374790051775756,False,34
1.0,16,-199.83159999999924,0.09922433035714286,0.4881146708035544,0.7611350366709186,0.2862884400612925,False,34
0.9,16,-215.02794285714288,0.14395089285714285,0.6538752028061298,1.727649730725624,0.31447378189548825,False,34
0.8,16,-234.19285714285488,0.21500223214285713,0.7408177689532723,3.9016451434949007,0.4233603891496883,False,34
0.7,16,-251.3571999999775,0.34341015625,0.48425689814137624,4.009140638552294,0.6017123668502327,False,34
0.6,16,-258.1453714285529,0.31697209821428574,0.27377267800466776,9.65224992081207,0.5303917227477666,False,34
1.4,16,-167.60697142857035,0.06513448660714286,0.21601584701685556,0.22103516530384482,0.3089223106178647,False,35
1.3,16,-173.46582857142937,0.07029296875,0.2594495146721391,0.27919764122596147,0.30693832312982283,False,35
1.2,16,-180.2094285714294,0.07625390625,0.30181151480119794,0.35617974004836295,0.30379065630453006,False,35
1.1,16,-188.84519999999858,0.08574330357142858,0.36240552073496557,0.4875947135899809,0.3160034870471986,False,35
1.0,16,-199.9390285714278,0.10729910714285715,0.5113655677423594,0.9058398915816324,0.2678193245228464,False,35
0.9,16,-215.31451428571432,0.14842801339285713,0.7242434174855114,1.9138994039647115,0.2880550896191201,False,35
0.8,16,-233.65594285713817,0.20155357142857142,0.7816950446229319,4.101875811543369,0.36937879953716735,False,35
0.7,16,-251.1511999999806,0.3435267857142857,0.4440644701165356,3.713795553935861,0.6052071997788344,False,35
0.6,16,-259.3594285714128,0.4071060267857143,0.24628223852024198,1.7893525249787483,0.6479636821423251,False,35
1.4,16,-167.73800000000045,0.06628850446428572,0.21884747745080457,0.23512780606550632,0.2912658589935957,False,37
1.3,16,-173.4170857142832,0.06928627232142857,0.23969955771497634,0.27176247786253926,0.3157966994468481,False,37
1.2,16,-180.70342857142944,0.07719140625,0.2868882679634193,0.35444994094122034,0.32297099415666797,False,37
1.1,16,-189.29125714285792,0.08721819196428572,0.3671045348182758,0.522362301063891,0.2825900993082556,False,37
1.0,16,-199.4697714285702,0.10337276785714286,0.510566341313762,0.7965941058673471,0.28304098408080836,False,37
0.9,16,-214.48474285714394,0.14006808035714285,0.6970512363158514,1.6430355367772107,0.3075224362369623,False,37
0.8,16,-233.8253142857108,0.22509486607142856,0.8612396713768342,4.144747399154978,0.43632265923062163,False,37
0.7,16,-252.49994285711682,0.37595479910714286,0.36740998539679204,1.5716205219342276,0.6416985591529298,False,37
0.6,16,-259.69439999997815,0.4196010044642857,0.20218653968224015,0.35579498498618045,0.6607156194930591,False,37
1.4,16,-167.28131428571538,0.06498046875,0.21866188613468066,0.21642316047512736,0.3134492084624162,False,39
1.3,16,-173.00102857142767,0.06880022321428571,0.2524735816628643,0.26690970246271595,0.30167530007487375,False,39
1.2,16,-180.28897142857144,0.07558258928571429,0.2948720038885355,0.3640786341411564,0.28205025518718674,False,39
1.1,16,-188.5745714285699,0.08617354910714285,0.36055251702437124,0.49617057564645173,0.3053477959166997,False,39
1.0,16,-199.80977142857242,0.10418917410714286,0.45608480559945974,0.8062186823182396,0.3081394679211016,False,39
0.9,16,-214.6150285714292,0.139328125,0.6937641224333023,1.8381116269841267,0.2670004044752766,False,39
0.8,16,-233.79148571428263,0.22417131696428572,0.7890319236089293,3.9299497543646367,0.4421263443889629,False,39
0.7,16,-251.14645714284046,0.3273097098214286,0.4769328673209045,4.771294697407979,0.5806839689090977,False,39
0.6,16,-258.0507428571224,0.33572767857142854,0.26964269614527187,7.506344683248312,0.5646857087893355,False,39
1.4,16,-167.38491428571533,0.06449051339285715,0.2125628664098444,0.22260337958955878,0.29641351158913887,False,38
1.3,16,-172.94017142856862,0.06990178571428571,0.2558016377173594,0.2739408545918368,0.3031768906365624,False,38
1.2,16,-180.36171428571436,0.07669810267857143,0.2847926507582304,0.3423200169403699,0.33217802306599287,False,38
1.1,16,-188.6006285714289,0.08730580357142857,0.37581567168784136,0.5275583905380333,0.28519145228585197,False,38
1.0,16,-199.3528000000006,0.10197991071428572,0.4934416546429077,0.7849654413265301,0.29742104616011533,False,38
0.9,16,-214.91502857142913,0.13440736607142856,0.6845932670540341,1.6884295135345815,0.24326130438562887,False,38
0.8,16,-232.8899999999972,0.21407310267857144,0.8034604666573574,4.028493686124839,0.41572425931766277,False,38
0.7,16,-250.35994285712437,0.3292566964285714,0.5244513119274249,4.5454723050291586,0.5851936908621331,False,38
0.6,16,-259.5651999999827,0.41173939732142856,0.20221428993052212,1.5618947213807388,0.6525299057045603,False,38
1.4,16,-167.69857142857177,0.06546372767857143,0.21335285671986354,0.22195371031113323,0.3073679102127437,False,36
1.3,16,-173.67537142856898,0.06915569196428571,0.2588844285035035,0.27267732480131485,0.30399217856126537,False,36
1.2,16,-180.04754285714276,0.07565959821428571,0.2990750936791662,0.3419659648703235,0.31651405300867075,False,36
1.1,16,-188.32611428571448,0.08498102678571429,0.3840503368085015,0.5124139178455472,0.2809172318885439,False,36
1.0,16,-199.88314285714273,0.10071484375,0.5008529971300675,0.7983355898437496,0.27021531195495097,False,36
0.9,16,-215.62897142857088,0.14925669642857142,0.6824129495937666,1.871302169784581,0.32382227470264346,False,36
0.8,16,-233.64028571428233,0.21503459821428572,0.8161314169125243,4.002043311144769,0.4186789734163916,False,36
0.7,16,-251.24502857141093,0.3498577008928571,0.46853267013744354,3.5508160959138175,0.611806587948247,False,36
0.6,16,-259.87668571426696,0.42038504464285714,0.18733450382657996,0.34454388552295734,0.6608737511120351,False,36
1.4,16,-167.83017142857142,0.06525558035714285,0.22153945762182262,0.2208883106322888,0.3089303284959135,False,40
1.3,16,-173.18474285714427,0.06866238839285714,0.25113011495441123,0.2718792405195251,0.29323523235437365,False,40
1.2,16,-180.24194285714253,0.07523716517857143,0.2871533379747721,0.35242987185108415,0.2976443650025864,False,40
1.1,16,-188.94925714285702,0.08613169642857142,0.3745256309664248,0.4973694700834881,0.30367686999913246,False,40
1.0,16,-199.76171428571507,0.10513337053571428,0.4946510599489784,0.8607318079559954,0.28056574051447614,False,40
0.9,16,-214.5985714285721,0.14087834821428571,0.7006955368953842,1.7904418122874155,0.2959160044857201,False,40
0.8,16,-233.59622857142529,0.1988671875,0.7913185515785236,3.8367949916294664,0.3741855602584574,False,40
0.7,16,-250.7100571428355,0.3190401785714286,0.49352443054988043,5.367096118804661,0.5678802540153214,False,40
0.6,16,-259.795999999984,0.41987276785714284,0.1845608382937927,0.36195023596938825,0.6606771661712263,False,40
1.4,16,-167.34720000000144,0.06535546875,0.21548168877553064,0.2181969359853315,0.3188769061816198,False,43
1.3,16,-173.30085714285863,0.06890290178571429,0.252001794582483,0.2634917903748037,0.31450236335185056,False,43
1.2,16,-180.89999999999884,0.07810267857142857,0.3099764694940197,0.3666377285289117,0.32040721329487276,False,43
1.1,16,-189.5314285714279,0.08828850446428571,0.3816101155338211,0.5108113716807745,0.32787337491153945,False,43
1.0,16,-198.63091428571528,0.0974765625,0.4637337668239354,0.7087182968749999,0.30597519840188014,False,43
0.9,16,-215.25754285714163,0.14401674107142856,0.7365277927532444,1.9738830353599786,0.25851562692010377,False,43
0.8,16,-235.42622857142516,0.24801060267857142,0.7928035578564251,3.730517157106983,0.4938894482234102,False,43
0.7,16,-251.46297142855212,0.3520625,0.46110140556004825,3.5205463265306136,0.6134405668607565,False,43
0.6,16,-259.8594285714106,0.4175909598214286,0.19734461451245505,0.6282566261426344,0.6578974936033999,False,43
1.4,16,-167.15577142857381,0.06535267857142857,0.21509750445128953,0.22823372904518952,0.29836165470461795,False,41
1.3,16,-173.56468571428388,0.06942912946428571,0.2508316483214694,0.27910672040571033,0.29471073261814695,False,41
1.2,16,-180.34685714285587,0.07649888392857143,0.3051368082128963,0.36103931521045907,0.3042872530369467,False,41
1.1,16,-188.29674285714222,0.08650055803571428,0.3684079498123599,0.48455639197298256,0.31805229481209896,False,41
1.0,16,-199.6500571428545,0.10828013392857143,0.521294676326562,0.9210949103954085,0.2702251883030896,False,41
0.9,16,-214.9509714285716,0.13640904017857142,0.6581621289366927,1.554900171396685,0.3016735024964733,False,41
0.8,16,-234.95862857142544,0.22392689732142856,0.7951095309310928,4.1918529048748425,0.4370864652176406,False,41
0.7,16,-251.21394285712688,0.32982533482142856,0.4624135376924322,4.793229180826352,0.5850920563196269,False,41
0.6,16,-259.3006857142701,0.40659598214285714,0.21881162684249175,1.3905478847789137,0.6494972687850038,False,41
1.4,16,-167.28222857142688,0.06442633928571428,0.21239008667613313,0.21518561497813427,0.30443870546737284,False,42
1.3,16,-173.5844571428583,0.07006026785714285,0.2554789428812894,0.2770324578100471,0.31466449436069477,False,42
1.2,16,-180.32319999999845,0.07768247767857143,0.2949185238095373,0.3604460400058459,0.3183193114974737,False,42
1.1,16,-188.4125142857147,0.08588225446428571,0.37962323999617487,0.5050687905119436,0.3015076439130193,False,42
1.0,16,-199.6212571428559,0.10471707589285714,0.4748723420408112,0.782824664461097,0.3195147255410574,False,42
0.9,16,-213.73211428571386,0.13052622767857142,0.6326600947342395,1.426889313261764,0.30270064872136526,False,42
0.8,16,-233.46599999999748,0.21065011160714286,0.7524993617466168,3.819345082808514,0.41449700016169977,False,42
0.7,16,-251.74942857140869,0.3630200892857143,0.46426131755005867,2.6057435513848457,0.6258056582689608,False,42
0.6,16,-259.3602285714065,0.3927126116071429,0.21424176530599778,3.5910618514827775,0.6341608264854799,False,42
1.4,16,-167.48897142857007,0.06533705357142858,0.2268369022737982,0.2235903872084547,0.30161887440895263,False,46
1.3,16,-173.70268571428542,0.06985212053571428,0.25136209237262164,0.2818345500760402,0.29286597549933135,False,46
1.2,16,-180.26108571428506,0.07591462053571428,0.30000277458018193,0.3584940661538055,0.3024055776010973,False,46
1.1,16,-188.43565714285768,0.08857924107142857,0.36079474430765973,0.5228299834763452,0.29990345104649596,False,46
1.0,16,-199.41674285714132,0.10427287946428572,0.4999733692729933,0.880583111527423,0.25260711239906053,False,46
0.9,16,-214.53834285714117,0.13759765625,0.6838105908131966,1.7621134827628964,0.26445572972982423,False,46
0.8,16,-234.4602285714254,0.22300948660714287,0.8086338305962836,4.218073213388869,0.4262275737787887,False,46
0.7,16,-250.6513714285463,0.32937276785714287,0.509940332127181,4.711524041545187,0.5838255778897042,False,46
0.6,16,-259.00559999998205,0.3681411830357143,0.24842327083326332,6.4456582587956985,0.6046675063112321,False,46
1.4,16,-167.4570857142865,0.06608091517857143,0.22074332308803243,0.22650607638256215,0.3131913205151695,False,44
1.3,16,-173.58274285713944,0.06835435267857143,0.24647162779253343,0.26395432195594576,0.321978765989525,False,44
1.2,16,-180.7139999999996,0.07656584821428572,0.28982870938738775,0.3704374976084183,0.29111452360671375,False,44
1.1,16,-189.34651428571473,0.08778962053571429,0.3965180669590439,0.5333580153496057,0.2906522112616886,False,44
1.0,16,-199.32817142857178,0.10366071428571429,0.49183216774235916,0.8306798788265306,0.2804365349517951,False,44
0.9,16,-214.2222857142848,0.13454073660714286,0.7161616260393053,1.6656651777742346,0.2605518488762997,False,44
0.8,16,-233.4462285714252,0.20509877232142856,0.8115985634366661,4.105517441705198,0.3837882274377137,False,44
0.7,16,-251.04697142854786,0.32809486607142857,0.4517899915657957,4.780800050564865,0.5813157863598233,False,44
0.6,16,-259.0646285714108,0.3814174107142857,0.23066747587152905,3.9458399766156544,0.6223763665668007,False,44
1.4,16,-167.56594285714488,0.06479743303571428,0.21147318034153256,0.21912931116754758,0.3084252717557189,False,45
1.3,16,-173.46725714285705,0.07043582589285714,0.25242783684790876,0.2825214726623822,0.29093552429818115,False,45
1.2,16,-179.6023428571433,0.07575892857142857,0.29506428322531403,0.3546929740646258,0.29789123058594114,False,45
1.1,16,-188.19205714285707,0.08848493303571428,0.3674946310401911,0.5324269317457101,0.29522734981587007,False,45
1.0,16,-199.61782857142708,0.10595200892857143,0.5341321512245258,0.9043252586096941,0.23656917744087513,False,45
0.9,16,-214.39554285714277,0.13996595982142856,0.671309868921652,1.6156000424284302,0.3225344482699426,False,45
0.8,16,-233.88674285713822,0.22491517857142856,0.8276898452647784,3.8296729209183678,0.44818568499205,False,45
0.7,16,-252.56611428568957,0.3745150669642857,0.3780582661130903,1.6101954080493845,0.6399534360891821,False,45
0.6,16,-259.50691428569354,0.4147472098214286,0.22501237808240956,0.7414322213807267,0.6562565574406531,False,45
1.4,16,-167.62891428571493,0.06586104910714285,0.21747218583403705,0.23014454668139578,0.3047097977422901,False,47
1.3,16,-173.43331428571528,0.06989397321428571,0.23901856743597147,0.27993803350667185,0.3032259312110064,False,47
1.2,16,-180.13942857142732,0.07802232142857143,0.2983504145407995,0.37879983418367347,0.3069397901682326,False,47
1.1,16,-189.12605714285908,0.08675502232142857,0.3733405250042218,0.5260006069544295,0.28487963430856744,False,47
1.0,16,-199.471942857142,0.10403069196428572,0.4748285321301182,0.7922724865274233,0.3083166540003959,False,47
0.9,16,-214.5205142857135,0.13183928571428571,0.6957232791478769,1.631557226473923,0.2505873343549181,False,47
0.8,16,-235.0740571428531,0.2314252232142857,0.8069935902423441,4.1380094272162005,0.4506373318312282,False,47
0.7,16,-250.9683428571285,0.3242857142857143,0.5199581185965544,5.40631532434402,0.5748164007370289,False,47
0.6,16,-259.7197714285563,0.411390625,0.19779176530616066,1.3882394047618973,0.6526205558678959,False,47
1.4,16,-167.3572571428562,0.06508426339285714,0.21666764171179267,0.22427824566098772,0.2976933285954667,False,48
1.3,16,-173.32954285714487,0.07000837053571428,0.2540823550220288,0.28586820392219403,0.27028925549457794,False,48
1.2,16,-180.22097142857322,0.07638002232142857,0.27698640617029746,0.34572736441060814,0.31823187805448083,False,48
1.1,16,-188.85165714285668,0.09104185267857143,0.3698647620171962,0.554889653220663,0.30527753058259177,False,48
1.0,16,-199.5270285714267,0.10159263392857143,0.49076964631382225,0.7918502139668364,0.29616868353398984,False,48
0.9,16,-214.8643428571427,0.1410078125,0.6982470100151911,1.7649471552579372,0.29311448182799804,False,48
0.8,16,-234.90148571428384,0.23605859375,0.8123975172193542,3.9830626904296884,0.46936349645473074,False,48
0.7,16,-252.48537142855088,0.3651847098214286,0.414691533840153,2.688889404040629,0.6263936228659482,False,48
0.6,16,-259.3929142856963,0.40293247767857143,0.22426979251738052,2.4129222437021625,0.6446158399073177,False,48
1.4,16,-167.4137714285718,0.06577176339285715,0.22291771604931468,0.2235157520385386,0.31457621078101383,False,49
1.3,16,-173.58645714285714,0.07047321428571429,0.2511433313534171,0.27916043563579257,0.3159628869536667,False,49
1.2,16,-180.59879999999936,0.07582533482142857,0.29849416772071735,0.36684845072013195,0.2853548457120173,False,49
1.1,16,-188.89097142856858,0.08680245535714286,0.3762507330072577,0.5052408612592764,0.2997946502332762,False,49
1.0,16,-199.80359999999965,0.10155524553571428,0.48113959223215375,0.8512003213488524,0.24115553739020756,False,49
0.9,16,-214.40925714285805,0.14107198660714285,0.678821235764692,1.7982113980123318,0.29345385388090683,False,49
0.8,16,-234.44571428571237,0.21226060267857144,0.7509306042728702,4.184261933892697,0.41022020048750063,False,49
0.7,16,-249.72234285712562,0.28688839285714285,0.5216151894782626,6.431179526239065,0.5133582673387835,False,49
0.6,16,-259.59199999998293,0.41337332589285714,0.20750079365067603,0.982441509220872,0.654729538045598,False,49
1.4,16,-167.6633142857153,0.06496261160714285,0.2103888766139181,0.22301854221711,0.3095475883363159,False,50
1.3,16,-172.9091428571417,0.06982310267857143,0.24281862018477254,0.27594313376913254,0.311927047222443,False,50
1.2,16,-180.33805714285762,0.07652287946428571,0.3007182623299403,0.3702425036538054,0.2926745445014488,False,50
1.1,16,-188.8705714285703,0.08927008928571428,0.3740191197398548,0.5582898898423009,0.2852126372942061,False,50
1.0,16,-199.755142857143,0.10132310267857143,0.5052769614158024,0.784897716757015,0.2948425641182906,False,50
0.9,16,-214.18988571428494,0.13756082589285715,0.6505940833805981,1.6503036351155043,0.2975835619158679,False,50
0.8,16,-234.71217142856784,0.2355234375,0.7767859261599951,4.136419467075896,0.4709865097631655,False,50
0.7,16,-250.00497142855272,0.3039151785714286,0.5422966324187206,5.87280003462099,0.5433040926603444,False,50
0.6,16,-259.85137142854984,0.4203130580357143,0.19902195999827024,0.41535323647427924,0.6601215063020524,False,50
1.4,16,-167.3105142857167,0.06581752232142857,0.215567677816543,0.22904575750501105,0.2949059405688679,False,51
1.3,16,-173.6273142857148,0.06988448660714286,0.24412877004591332,0.27394529477776686,0.3164421869957561,False,51
1.2,16,-180.09839999999784,0.07541071428571429,0.29081636830359003,0.3539984258078231,0.3066689373547983,False,51
1.1,16,-188.82428571428431,0.08550279017857143,0.36567895487221835,0.4860908626362477,0.30944096271041277,False,51
1.0,16,-199.60262857142916,0.10296484375,0.4756512230101748,0.8531165362723212,0.26643184038930423,False,51
0.9,16,-214.36874285714288,0.13549274553571428,0.6711779382558065,1.7378307638003123,0.2529525657268943,False,51
0.8,16,-233.62331428571218,0.19604520089285715,0.7324523185587405,3.836900612942442,0.36436037111750064,False,51
0.7,16,-249.68199999998444,0.2898521205357143,0.5339899462461634,6.301875771569787,0.5193029049183531,False,51
0.6,16,-259.5933142856956,0.41452957589285716,0.21812476300324432,0.8406146937446717,0.6554683366323094,False,51
1.4,16,-167.89114285714393,0.06476339285714286,0.2175950513783226,0.22183507561953342,0.30222694351987045,False,52
1.3,16,-173.2569142857136,0.06971540178571428,0.25017710711267005,0.281295691473705,0.3000345606084961,False,52
1.2,16,-180.27148571428623,0.07531138392857142,0.295200547397635,0.3560836678890308,0.3016317831645168,False,52
1.1,16,-188.9075999999994,0.08589899553571428,0.3667941612308197,0.5246815746028525,0.27694617088168405,False,52
1.0,16,-199.51765714285597,0.10498270089285715,0.4939841392729818,0.8409211064253821,0.28755051474961457,False,52
0.9,16,-215.74959999999905,0.14794698660714287,0.6762708187830729,1.899797013091694,0.31827332095384975,False,52
0.8,16,-232.7034857142843,0.19617745535714284,0.7951458521802567,3.7395499342315075,0.3671863071845064,False,52
0.7,16,-251.33731428569652,0.34648549107142856,0.5021610941012068,3.8534272954628284,0.6063873999645264,False,52
0.6,16,-259.5523428571253,0.40343024553571427,0.20755918523257658,2.4148395236766618,0.6445432020586466,False,52
1.4,16,-167.23131428571546,0.06634654017857143,0.22943144585590744,0.23611422370399038,0.2839777835337809,False,55
1.3,16,-172.94651428571484,0.06909095982142857,0.24042143086584566,0.2638918562966053,0.31285526211587,False,55
1.2,16,-180.44748571428477,0.07815290178571428,0.29986485295313436,0.39713990088222795,0.27159977444060435,False,55
1.1,16,-188.33839999999984,0.08451450892857143,0.368691114817028,0.5084390581516697,0.26505278637875707,False,55
1.0,16,-200.0663428571426,0.10353348214285714,0.480294503558639,0.8173648737244901,0.2799078115997765,False,55
0.9,16,-214.4186285714269,0.13499832589285715,0.693434613945585,1.650840252178995,0.2738093580646903,False,55
0.8,16,-232.48691428571126,0.1870044642857143,0.7661097249482384,3.429759591836734,0.33832502394146236,False,55
0.7,16,-251.41691428569365,0.3423962053571429,0.4576085064554974,4.0985261620809,0.6015353921096587,False,55
0.6,16,-260.00897142855376,0.42125558035714283,0.18631633896670036,0.3467726801658226,0.6609117377123253,False,55
1.4,16,-167.3831428571418,0.06477734375,0.2144500532004874,0.23117178611288292,0.2874695414174877,False,53
1.3,16,-173.3691428571446,0.06996875,0.24948913476630596,0.2723599725274727,0.312172330854003,False,53
1.2,16,-180.22079999999835,0.07697488839285714,0.30362891071428816,0.3707711043128189,0.30236341434061054,False,53
1.1,16,-189.44674285714262,0.08746819196428571,0.3764145816748251,0.5287835510638919,0.24661838355142263,False,53
1.0,16,-199.4153714285695,0.10415736607142857,0.46548264845662857,0.771516222895408,0.3045751422654912,False,53
0.9,16,-214.29405714285664,0.13273716517857143,0.7029315426429413,1.7100213271506526,0.24681593359070841,False,53
0.8,16,-233.38794285713888,0.2115541294642857,0.8107242801141278,3.779164737623566,0.4182977024265552,False,53
0.7,16,-251.32942857140895,0.3295379464285714,0.48346831463457157,5.1764063611516065,0.5840247499061635,False,53
0.6,16,-259.2087999999887,0.39253850446428573,0.24184588591269732,3.198035044509986,0.6352101434047389,False,53
1.4,16,-167.58759999999936,0.06658258928571428,0.2206603622904575,0.23661899508017495,0.29981591578331035,False,54
1.3,16,-173.17519999999828,0.06960100446428572,0.2524665623415056,0.2795891002134026,0.2901574764600957,False,54
1.2,16,-180.1688000000002,0.07541517857142857,0.3051488970734163,0.3583106972789115,0.2829502140947451,False,54
1.1,16,-188.63045714285698,0.08393861607142857,0.36359145630586764,0.5191421669179036,0.2507849829199934,False,54
1.0,16,-199.28754285714209,0.10591796875,0.5309843491837398,0.9119176478794646,0.2586667698177013,False,54
0.9,16,-214.213942857143,0.13501171875,0.6779569549004699,1.6217176444692458,0.2765021057746292,False,54
0.8,16,-233.8563999999978,0.21872544642857142,0.7749783528180564,4.092144059311227,0.4279564157922011,False,54
0.7,16,-250.71508571426784,0.30458426339285716,0.4416280144729794,6.269714692852588,0.5477300316178996,False,54
0.6,16,-258.57599999997876,0.3493431919642857,0.24842132936492414,7.014660989450471,0.5814049604780089,False,54
1.4,16,-167.430571428572,0.06445535714285715,0.21302036765280033,0.21513552204810485,0.3137237316841781,False,56
1.3,16,-173.39377142857157,0.06915178571428572,0.24549948767511004,0.2689834919544738,0.30959723999214395,False,56
1.2,16,-180.68291428571308,0.07509542410714286,0.2976338807309236,0.3345212159199616,0.3268173741783499,False,56
1.1,16,-188.53782857142954,0.08544140625,0.35890192545118466,0.5073042294034087,0.2969329902875324,False,56
1.0,16,-199.45245714285724,0.10534095982142858,0.4768203223979981,0.8143747256855867,0.30829053108159354,False,56
0.9,16,-214.3622857142857,0.1358314732142857,0.640487849584251,1.660827655541383,0.2623823791911305,False,56
0.8,16,-235.25719999999833,0.22761830357142857,0.7872856943359262,4.348214717793368,0.4420328715820617,False,56
0.7,16,-251.16531428569348,0.3516958705357143,0.5239782005153697,3.31420825881469,0.6125549231883821,False,56
0.6,16,-258.95788571427005,0.38720703125,0.24913303681286278,3.364517880394343,0.6291882167532912,False,56
1.4,16,-166.83285714285734,0.06384877232142858,0.21365350618883763,0.22115451388256183,0.28927164960246443,False,57
1.3,16,-173.42919999999918,0.06887723214285714,0.24742036649408689,0.2728695800627944,0.30629073983848176,False,57
1.2,16,-180.3598857142872,0.07587053571428572,0.30746785710741914,0.3561087903911564,0.29930086527483657,False,57
1.1,16,-188.45417142856965,0.08525,0.3495913233260403,0.5021647564935063,0.2853086834109628,False,57
1.0,16,-199.5499999999998,0.09973102678571429,0.4769060379463781,0.7340799167729593,0.30371177952913875,False,57
0.9,16,-214.42217142857092,0.14174776785714285,0.6548668974552553,1.67018954223356,0.31520440040251996,False,57
0.8,16,-235.1327999999941,0.22545200892857142,0.7698524598215516,4.125514977279976,0.4388947927204575,False,57
0.7,16,-252.05685714284098,0.36425613839285714,0.43444379880766903,2.396815209434219,0.6287714887558371,False,57
0.6,16,-259.3092571428399,0.4002700892857143,0.2313997397959295,2.0390600212585026,0.642518539299775,False,57
1.4,16,-168.02662857142923,0.06474665178571429,0.20652509920345774,0.21959441759293002,0.30467144714358885,False,58
1.3,16,-173.15359999999998,0.07037946428571429,0.2474894234995805,0.28192734497645194,0.311741268305041,False,58
1.2,16,-180.55257142856937,0.07651283482142857,0.3005043145904354,0.3644497156010845,0.285510117976561,False,58
1.1,16,-188.69982857142816,0.08517466517857143,0.35390658195947133,0.5046317189674163,0.28726324423996974,False,58
1.0,16,-199.95685714285537,0.10136551339285714,0.5215735328443998,0.8556446421396684,0.22781815530196448,False,58
0.9,16,-214.584000000001,0.13258984375,0.673288227513227,1.5670524906994052,0.27022788046456836,False,58
0.8,16,-235.1413142857096,0.2346685267857143,0.8030739849927747,4.163691737484056,0.46288530220974977,False,58
0.7,16,-250.8713142857027,0.3223091517857143,0.4833053023740108,5.470026411716472,0.5706252395589323,False,58
0.6,16,-259.6906857142678,0.41898828125,0.19132767966978134,0.35401799944196455,0.6607121655523949,False,58
1.4,16,-167.66714285714212,0.06532924107142857,0.2134865965678452,0.22967708523141403,0.30301706568054676,False,59
1.3,16,-173.69205714285837,0.06981863839285714,0.2463615933990161,0.28510950837666804,0.284526585192582,False,59
1.2,16,-180.7370285714292,0.07520424107142858,0.2971485933602796,0.3456335860437924,0.29998692662374915,False,59
1.1,16,-189.1436571428565,0.08763560267857143,0.3799903420054368,0.5290209843894944,0.28492903814112924,False,59
1.0,16,-199.72297142857153,0.10370089285714286,0.491608072653122,0.8148829540816322,0.28568532854527096,False,59
0.9,16,-214.942342857143,0.13595535714285714,0.6571702557162126,1.5350512485827672,0.3022437020586881,False,59
0.8,16,-234.09211428571132,0.22549330357142858,0.7728656221301476,3.740335911989794,0.45361577114067086,False,59
0.7,16,-251.419942857118,0.34374888392857145,0.4926925291283276,4.003075573524042,0.6015567906987942,False,59
0.6,16,-259.62194285712434,0.41892689732142857,0.21322146201801692,0.4434950189997977,0.6596983274541023,False,59
1.4,16,-167.63554285714386,0.06527957589285714,0.21564726361413053,0.23048575522731413,0.2957574273967939,False,60
1.3,16,-173.33679999999822,0.06979799107142858,0.24453599175823043,0.27869357805141265,0.295807855161181,False,60
1.2,16,-180.1338285714284,0.07604743303571429,0.2933096747094805,0.37684844487404334,0.274203966084963,False,60
1.1,16,-188.8473714285713,0.08395591517857143,0.36309421655211976,0.48078917838300095,0.28875647635165325,False,60
1.0,16,-200.2800571428558,0.10340792410714286,0.47186246427301626,0.7947180126753821,0.30019558652293243,False,60
0.9,16,-213.92365714285646,0.12854017857142858,0.6699582247418018,1.534082665816326,0.24991698173564914,False,60
0.8,16,-234.41925714285438,0.22881026785714287,0.7652771729712348,3.9708846077806115,0.4528944251610212,False,60
0.7,16,-251.3311999999803,0.34078348214285714,0.4391011137026537,4.091993684402334,0.6007154982870504,False,60
0.6,16,-259.4823428571202,0.3973270089285714,0.22022503964712492,3.0519180351828252,0.6374458960457263,False,60
1.4,16,-167.5193142857154,0.06445982142857143,0.2178868977509369,0.222007325983965,0.2875407342282421,False,61
1.3,16,-173.7545714285695,0.07042857142857142,0.25226646823300486,0.27717969583987445,0.312668651082763,False,61
1.2,16,-180.1841142857133,0.0751953125,0.2931772668296498,0.3502076357886906,0.2875692414033131,False,61
1.1,16,-188.96337142857232,0.08610658482142858,0.3721249485473926,0.5196397546817018,0.2820050790116928,False,61
1.0,16,-199.75074285714135,0.10647321428571428,0.47838659382654214,0.8762372448979594,0.25220879823918474,False,61
0.9,16,-214.73365714285686,0.15132533482142857,0.7126367327884613,2.0041897299284304,0.3012524002886796,False,61
0.8,16,-234.8330857142826,0.22856529017857144,0.7858877104392813,4.249142625856981,0.4489210779056161,False,61
0.7,16,-251.10085714283525,0.33008984375,0.4676361093034451,5.026685217633927,0.5831098294915494,False,61
0.6,16,-259.8211428571274,0.4195591517857143,0.18704822491489242,0.3597150696215934,0.6606516615858161,False,61
1.4,16,-167.19925714285358,0.06468024553571429,0.22610336078066517,0.22397653693285344,0.28867668270544233,False,62
1.3,16,-173.0555428571433,0.07019475446428572,0.24563604347299156,0.27188042576285304,0.3120466147296169,False,62
1.2,16,-180.02679999999881,0.07517466517857142,0.28995285075643396,0.34903357720822725,0.3149719912297664,False,62
1.1,16,-188.95474285714133,0.08534095982142857,0.3775533051104497,0.5166932571167673,0.2663215991316398,False,62
1.0,16,-199.65731428571317,0.10783203125,0.5092077932526138,0.9563788085937501,0.25150669318635166,False,62
0.9,16,-214.4788000000017,0.14525613839285714,0.7066172108686518,1.8287437640837587,0.3099644689477783,False,62
0.8,16,-232.74148571428185,0.19497098214285713,0.7987770931122461,3.833672219387756,0.3456507962758738,False,62
0.7,16,-250.84382857140272,0.3251395089285714,0.4852640230894293,4.864584718932221,0.5773106104213747,False,62
0.6,16,-258.9019999999872,0.3870256696428571,0.2582276351688506,3.681293513499154,0.6303198847545683,False,62
1.4,16,-167.2955999999972,0.06440066964285714,0.2151632267219447,0.2103263463465745,0.3188762778791243,False,63
1.3,16,-173.4143428571419,0.06915066964285714,0.24816066144636706,0.2648243276589481,0.32206015115930275,False,63
1.2,16,-180.6070857142856,0.07748772321428571,0.29462039951814056,0.37535420891794236,0.30682602062440956,False,63
1.1,16,-188.74919999999912,0.08719196428571428,0.35350266359206806,0.48841825834879443,0.3292075967503688,False,63
1.0,16,-199.69617142856958,0.10487444196428572,0.481998067742353,0.808811924027423,0.30011362639923655,False,63
0.9,16,-214.4790285714269,0.1420463169642857,0.7226745765777836,1.7913419245145976,0.28010054183670163,False,63
0.8,16,-233.699999999996,0.21923325892857143,0.8192121233258741,3.9048973656728325,0.43336591709760786,False,63
0.7,16,-251.85594285711827,0.36115234375,0.43787118802043207,2.8348914421237277,0.6241045397115055,False,63
0.6,16,-259.7639999999786,0.42109654017857145,0.20073246527769267,0.3376013731664429,0.661072463624963,False,63
1.4,16,-167.40439999999822,0.06403180803571429,0.21368153940414047,0.21724273272366987,0.30643207082601676,False,64
1.3,16,-173.3177714285713,0.06822265625,0.25721968420932906,0.26925198531936806,0.29359936909629036,False,64
1.2,16,-180.37068571428503,0.07594419642857143,0.29098036981825004,0.3414909874574827,0.32620638052999906,False,64
1.1,16,-189.2555428571445,0.09026897321428572,0.3752900701636055,0.5359826759624301,0.32119049558114277,False,64
1.0,16,-199.24480000000148,0.10499386160714286,0.48370162428577146,0.81160911981824,0.29927770612073223,False,64
0.9,16,-214.77577142857135,0.14468415178571428,0.7127484918114926,1.9641624968112255,0.2639881467859325,False,64
0.8,16,-233.68062857142536,0.2182427455357143,0.7893683848652521,3.856896595882493,0.43084053432089076,False,64
0.7,16,-251.82445714283583,0.3439654017857143,0.4457262811326023,4.405853567328718,0.6004843583368722,False,64
0.6,16,-259.8576571428401,0.41580078125,0.18992523805947156,0.7472626720610265,0.6564988153483321,False,64
1.4,16,-167.38965714285774,0.06512444196428571,0.21500033344831943,0.22294055160122095,0.30508465061067225,False,68
1.3,16,-173.07514285714257,0.06991517857142857,0.24771423118432281,0.28411468897174263,0.2878048346469868,False,68
1.2,16,-180.51811428571412,0.0773359375,0.3082633088063385,0.3612492429315478,0.31333701908832523,False,68
1.1,16,-188.5329714285721,0.08413058035714285,0.35914001171153925,0.4814053336618739,0.30497054096469156,False,68
1.0,16,-200.3194285714277,0.10582868303571429,0.5094880344387889,0.8580399374202807,0.28679396747026165,False,68
0.9,16,-213.96348571428766,0.1357142857142857,0.6941303646856916,1.561322633219955,0.28625824155313917,False,68
0.8,16,-233.33794285713947,0.20925558035714287,0.7709424546396891,3.7652038628029327,0.4079004608965817,False,68
0.7,16,-251.55834285712456,0.32112890625,0.433532631169277,5.954747475286984,0.5679795799358289,False,68
0.6,16,-259.5915999999777,0.4145770089285714,0.20506545461308356,0.9964160708971193,0.6554086725881894,False,68
1.4,16,-167.41365714285723,0.06554017857142858,0.21311369532877864,0.2254886397594751,0.30026598195406673,False,65
1.3,16,-173.48485714285715,0.06979241071428571,0.25222046533480086,0.2717848175039246,0.3024847039012405,False,65
1.2,16,-179.8887428571412,0.07399441964285715,0.2863754622927218,0.34462096061862235,0.2860297428881987,False,65
1.1,16,-188.55302857142783,0.08741796875,0.37866628347952774,0.5456501182021103,0.27541533134032925,False,65
1.0,16,-199.65719999999982,0.10345703125,0.4811899872321703,0.7863529157366074,0.2987529228764543,False,65
0.9,16,-214.57285714285774,0.14611495535714286,0.6973460943405134,1.781790298681973,0.32334403576087656,False,65
0.8,16,-234.31765714285422,0.22877566964285714,0.7595480412746712,3.799598896285077,0.453771133491486,False,65
0.7,16,-251.42759999997665,0.3382120535714286,0.454890793185091,4.439364320335274,0.5962132860027929,False,65
0.6,16,-259.43605714283916,0.3915697544642857,0.2053261705990887,3.542646517724286,0.6327408659618909,False,65
1.4,16,-167.50491428571507,0.0651171875,0.22246986349436784,0.23158390465561213,0.29300892304320225,False,66
1.3,16,-173.2924571428566,0.0690234375,0.24919769710783693,0.2664104138049448,0.31567222741529466,False,66
1.2,16,-180.42360000000082,0.07629296875,0.2961308676215444,0.35020520507812514,0.3202086953406664,False,66
1.1,16,-188.80285714285947,0.08570758928571429,0.36757420623209985,0.5504026739332095,0.22809823581418143,False,66
1.0,16,-199.72348571428716,0.103921875,0.5127321311097432,0.843445473214286,0.26434536213888227,False,66
0.9,16,-214.27297142857122,0.13184542410714287,0.6677831832797735,1.5886817700361386,0.26218674449009327,False,66
0.8,16,-232.99359999999797,0.19232589285714285,0.7338306651785585,3.6212151323341835,0.3553162002244905,False,66
0.7,16,-250.8922857142678,0.3253286830357143,0.5108885562006491,5.116018686110608,0.574550030689378,False,66
0.6,16,-259.9224571428391,0.4197338169642857,0.18955901186927804,0.4120012796290477,0.6600189142432848,False,66
1.4,16,-167.15228571428506,0.06428348214285715,0.2216701620093263,0.21588759475218638,0.308433598801524,False,67
1.3,16,-173.4181714285696,0.07081529017857142,0.2529728208851429,0.28090789338451727,0.3057252506762549,False,67
1.2,16,-180.56880000000103,0.07669084821428572,0.3040338177083552,0.3642263964179421,0.2990721002536788,False,67
1.1,16,-188.481028571428,0.08745368303571428,0.34991770614776535,0.5119908765509045,0.29026547193309304,False,67
1.0,16,-200.41577142857207,0.10705245535714286,0.5023515283673703,0.8367440813137752,0.3175347302468319,False,67
0.9,16,-214.2926857142845,0.12985602678571428,0.6524213138700262,1.4207119114937634,0.28806919895161764,False,67
0.8,16,-234.82039999999898,0.22307142857142856,0.7981114387556331,4.443749249043369,0.42481864035283423,False,67
0.7,16,-250.95851428569446,0.3228125,0.48030953050818675,5.362652104591835,0.5731824151311911,False,67
0.6,16,-258.6531428571258,0.36454799107142855,0.2639782844389692,6.076874880420924,0.60086202263153,False,67
1.4,16,-167.40760000000097,0.06459654017857143,0.22283279304846004,0.2136992045713374,0.3160148163391948,False,69
1.3,16,-173.23354285714169,0.06954073660714286,0.2528003896796921,0.27371984834919544,0.30522196358414,False,69
1.2,16,-180.50657142857057,0.07758537946428572,0.29973624198375387,0.3648258072252336,0.3037407964115886,False,69
1.1,16,-188.82262857142877,0.08585825892857143,0.37012703643113554,0.4837515825023188,0.3222549885081062,False,69
1.0,16,-199.805600000001,0.10509933035714286,0.5031798774999743,0.8287630545280611,0.29252074532394945,False,69
0.9,16,-215.48274285714146,0.15256975446428572,0.7713027414966496,2.0532735415780894,0.3008550523362703,False,69
0.8,16,-233.84731428571155,0.2245072544642857,0.81431111320156,4.000475178471783,0.4410387305394847,False,69
0.7,16,-251.63445714283623,0.3510301339285714,0.4522436326270481,3.552404323524055,0.6113475442994378,False,69
0.6,16,-259.4368571428374,0.3959988839285714,0.21844359321884593,3.1407978714923486,0.6369996521604403,False,69
1.4,16,-167.54439999999997,0.06485491071428572,0.21205984661989422,0.22499359967201157,0.30602332252379505,False,70
1.3,16,-173.248228571426,0.06886216517857142,0.26140597198408294,0.2798248748405613,0.285758330434562,False,70
1.2,16,-180.264285714286,0.07625,0.284189558310308,0.35283816964285714,0.304691845925651,False,70
1.1,16,-189.26822857142932,0.08678571428571429,0.36912222090573166,0.5043516349721706,0.2850225354982219,False,70
1.0,16,-200.49588571428464,0.10911551339285715,0.4883612285204322,0.8922645707110965,0.3076516776034849,False,70
0.9,16,-214.6429714285693,0.14122265625,0.7266465182665468,1.9593397426835315,0.25444121117593566,False,70
0.8,16,-235.2841142857088,0.22831194196428573,0.7861719390945153,4.339901623784277,0.4432334344317138,False,70
0.7,16,-252.29782857140566,0.3660239955357143,0.396986387338715,2.6112148978452967,0.629390331536176,False,70
0.6,16,-259.9615999999842,0.4205546875,0.1858198134920978,0.35670414062500083,0.6607725658331245,False,70
1.4,16,-167.63257142857276,0.06523772321428571,0.21698203287693954,0.2238247747357872,0.3064364976420285,False,71
1.3,16,-173.01165714285656,0.06845145089285715,0.25442043823208116,0.2723867233491952,0.2845261175491468,False,71
1.2,16,-180.5847999999988,0.07606863839285714,0.2946815409226231,0.37531766681281886,0.2819392103603182,False,71
1.1,16,-188.39371428571383,0.08575334821428572,0.36526197398381816,0.5077345996637287,0.2886544092341915,False,71
1.0,16,-199.22062857142902,0.10567578125,0.47056539131381214,0.8250933800223215,0.2938959227551954,False,71
0.9,16,-214.29205714285814,0.13464899553571427,0.6907563095080463,1.551292013800313,0.2897216172898148,False,71
0.8,16,-234.34377142856724,0.22343582589285715,0.8113191514667494,4.377251812719225,0.43133477244764995,False,71
0.7,16,-251.72354285711944,0.33971707589285716,0.44009188244473896,4.191665847189314,0.5970364808539181,False,71
0.6,16,-259.7773714285543,0.4215440848214286,0.20132331292504407,0.335631291321216,0.6611107005170243,False,71
1.4,16,-167.32965714285862,0.06588337053571429,0.21965887025588157,0.2212976625706085,0.32350785842654484,False,73
1.3,16,-173.5605142857155,0.06893805803571429,0.24525078129904518,0.2578598797463697,0.32775083302881414,False,73
1.2,16,-180.3248000000015,0.07523660714285714,0.2965898184523555,0.36145029655612265,0.29037448493724916,False,73
1.1,16,-188.91434285714004,0.08522600446428572,0.3826100206506105,0.5046625242781771,0.26679316171300815,False,73
1.0,16,-200.04959999999897,0.10679575892857143,0.48691771142856055,0.9366373657525506,0.25416836522971964,False,73
0.9,16,-214.88577142857045,0.1408080357142857,0.709724332309816,1.7293567899659865,0.2940657664294818,False,73
0.8,16,-233.39097142856892,0.2127533482142857,0.7597902390784393,3.839680074537628,0.4247571377630984,False,73
0.7,16,-251.683942857122,0.35873270089285714,0.44299794458044417,2.7675444377505545,0.6215789559658547,False,73
0.6,16,-259.8410285714096,0.42157645089285717,0.1917079250282604,0.3214547160661141,0.6613177503353121,False,73
1.4,16,-167.1517142857138,0.06521261160714285,0.20459634641166308,0.22138208813547747,0.3115734632900976,False,72
1.3,16,-173.362342857142,0.06921763392857143,0.2355239835089318,0.2713934063481161,0.2999474776908493,False,72
1.2,16,-180.25394285714054,0.07372377232142857,0.2984877662982043,0.3342887855415605,0.30183240234415976,False,72
1.1,16,-188.63262857142828,0.08618359375,0.36937141548954766,0.49619988687094174,0.307178478407778,False,72
1.0,16,-198.99617142857124,0.10476227678571429,0.5113026213137744,0.9080720060586733,0.23015921744800882,False,72
0.9,16,-214.5668571428582,0.13734654017857142,0.6516089002268276,1.6361893579046212,0.28854094873374536,False,72
0.8,16,-234.14965714285444,0.20998716517857144,0.7885749330157842,3.944708903758767,0.39768088058042583,False,72
0.7,16,-250.9561142856981,0.31229296875,0.4652178825487417,5.633848323501276,0.556057358935429,False,72
0.6,16,-259.65657142855906,0.41608482142857145,0.20801438137772899,0.666934340986387,0.6569420019938705,False,72
1.4,16,-167.05365714285747,0.06459765625,0.21749845298183357,0.21743001315369914,0.31529038419422195,False,74
1.3,16,-173.20959999999977,0.06945145089285715,0.2521653617920523,0.2749943675799644,0.29961145554187874,False,74
1.2,16,-180.28891428571484,0.07643973214285714,0.2982883261054287,0.34678714923469395,0.3237462127898063,False,74
1.1,16,-188.2028571428562,0.08416350446428572,0.35622149076572407,0.4850168830444108,0.30010434666172237,False,74
1.0,16,-199.76599999999996,0.10538727678571429,0.468969234375038,0.8187918274872446,0.3106252021758067,False,74
0.9,16,-215.40851428571324,0.14206361607142856,0.6974088214757274,1.9197882932964858,0.24435937598502866,False,74
0.8,16,-232.91651428571032,0.19559988839285714,0.8243893789660283,4.1066260537906585,0.33888311396940707,False,74
0.7,16,-250.49479999997806,0.3130546875,0.510300987062641,5.694318281250007,0.5570495659513313,False,74
0.6,16,-259.90742857140964,0.42095535714285715,0.18483360260748644,0.33664807823129195,0.6610772015018775,False,74
1.4,16,-167.33640000000057,0.06381640625,0.21794319574526677,0.21129225805165822,0.3118402718346921,False,75
1.3,16,-173.19822857142844,0.06941852678571428,0.2432091537782381,0.2685617148253534,0.30163933086852535,False,75
1.2,16,-180.08748571428396,0.07625613839285714,0.2990503564253998,0.37985618615805705,0.29032115547700554,False,75
1.1,16,-188.67245714285627,0.0877890625,0.37880802175745765,0.5318167958603898,0.2793945406649373,False,75
1.0,16,-199.43702857142807,0.10433872767857143,0.5002583940816123,0.8564895069355867,0.26207699050558275,False,75
0.9,16,-213.85234285714284,0.12931640625,0.6899821577223062,1.6204525204613103,0.23694549325551117,False,75
0.8,16,-234.0714285714245,0.22140457589285714,0.8442936363998842,4.0432674935228015,0.4328931869584097,False,75
0.7,16,-251.56217142855024,0.35002734375,0.4658457350061276,3.1067887890624997,0.6119861175855177,False,75
0.6,16,-259.71822857141416,0.4194068080357143,0.20231931118893778,0.3921394120695136,0.6601716503579143,False,75
1.4,16,-167.44000000000133,0.06543973214285714,0.21962208454812276,0.22602736516034982,0.30486439534815457,False,76
1.3,16,-173.15074285714334,0.06986495535714286,0.2491669405566838,0.287779066669937,0.29306433802840504,False,76
1.2,16,-180.26388571428407,0.07528236607142857,0.29087198905186384,0.3424018896152211,0.31355371745882155,False,76
1.1,16,-189.17788571428576,0.08817354910714285,0.384383235273665,0.5473474425295686,0.27929404928428736,False,76
1.0,16,-199.8744000000006,0.10370703125,0.4811276632142949,0.8230464246651787,0.2936317246345319,False,76
0.9,16,-214.17794285714248,0.12997712053571428,0.665982442113892,1.508321502887614,0.277167216953665,False,76
0.8,16,-234.46497142857,0.2208169642857143,0.7619294529456421,3.8253948485331613,0.44030233229039206,False,76
0.7,16,-251.22537142855123,0.35067801339285715,0.47010164681379907,2.892235419893403,0.6140513545804016,False,76
0.6,16,-259.2063428571239,0.38140625,0.23746856147255357,4.71546577380952,0.6203232051905729,False,76
1.4,16,-167.69428571428566,0.06635602678571428,0.2179564081372237,0.22510636274599133,0.3284047125989794,False,77
1.3,16,-173.1863428571429,0.06859095982142857,0.2570672463998821,0.28395320931858314,0.26750520948600287,False,77
1.2,16,-180.69171428571445,0.07678459821428571,0.3004195186277493,0.355780213382228,0.31878065075833395,False,77
1.1,16,-188.64885714285646,0.08522433035714286,0.36207744745108206,0.5018814294410948,0.2830814005226373,False,77
1.0,16,-199.91828571428607,0.10153683035714285,0.5271971313775907,0.8011114384566329,0.28447960447650433,False,77
0.9,16,-215.26999999999913,0.13751729910714286,0.6500501129850444,1.5914189376948695,0.30302354685604027,False,77
0.8,16,-234.06782857142503,0.22480022321428572,0.7834684317402639,3.75149643614477,0.4509496830049985,False,77
0.7,16,-251.42354285712378,0.33910044642857146,0.48338770970417505,4.39443282798833,0.5951608877037458,False,77
0.6,16,-259.4055999999809,0.3996160714285714,0.21578388591257813,2.511888745748306,0.6406269552646731,False,77
1.4,16,-167.09862857143003,0.06447377232142858,0.21442020853289934,0.21441398454582705,0.3038852908004215,False,78
1.3,16,-173.14428571428581,0.06918638392857143,0.2450441249169797,0.2701117099195447,0.29505146804090765,False,78
1.2,16,-180.4923428571427,0.07664453125,0.29447748852038874,0.3765966857328871,0.2892219355449366,False,78
1.1,16,-188.998914285713,0.08759486607142856,0.3705095888746151,0.4992095532815402,0.3209662663995224,False,78
1.0,16,-199.62942857142818,0.10829017857142857,0.5010575991709061,0.8667824349489797,0.2878111413111827,False,78
0.9,16,-214.78657142857116,0.14419866071428572,0.6843775474772394,1.8215756788548751,0.30400564267453156,False,78
0.8,16,-235.7821714285681,0.22725111607142856,0.7361752362883055,4.432727722815688,0.43681171518281325,False,78
0.7,16,-249.34451428569847,0.2694285714285714,0.5107024978915503,7.099136769314874,0.4782336296385754,False,78
0.6,16,-259.8464571428426,0.42009598214285715,0.1881695376632643,0.3541462925169962,0.6607837381195688,False,78
1.4,16,-167.4306285714283,0.06511160714285714,0.22670102759265554,0.22664185495626812,0.29920850644578134,False,79
1.3,16,-173.2993714285721,0.07057198660714285,0.24594267660152414,0.2786487425799648,0.3131113648348208,False,79
1.2,16,-180.4288000000005,0.07548828125,0.2859046200396737,0.34235938662574406,0.31571143042154703,False,79
1.1,16,-188.8497142857134,0.08773158482142857,0.37870955367683207,0.5183737806557286,0.2987563616033413,False,79
1.0,16,-200.1779428571416,0.10519587053571429,0.5113418495408268,0.8406076115274232,0.2953614303806894,False,79
0.9,16,-214.85154285714253,0.13595368303571428,0.6350173909674769,1.576599999911423,0.31028369955613444,False,79
0.8,16,-234.22274285713962,0.2249369419642857,0.8144692202648239,3.9014765456592793,0.43874635002184015,False,79
0.7,16,-249.92874285712332,0.2907544642857143,0.5216353600323314,6.400483666180758,0.5217261043431658,False,79
0.6,16,-259.33508571426455,0.3979966517857143,0.22965020918377377,2.733473626169207,0.6398255392323451,False,79
1.4,16,-167.07302857143054,0.06532087053571428,0.22497707150667692,0.22807739471346575,0.2957545367659796,False,81
1.3,16,-173.0526285714275,0.06899274553571429,0.24124222436148252,0.27823659334527073,0.28422619283730644,False,81
1.2,16,-179.85068571428556,0.07590736607142858,0.3073583584095374,0.36917592235331625,0.264980788787202,False,81
1.1,16,-188.88359999999867,0.0869765625,0.3667756222697581,0.5245356676136368,0.2835312862742797,False,81
1.0,16,-199.45382857142783,0.10232142857142858,0.5076386815816534,0.8381672831632647,0.24312445114024217,False,81
0.9,16,-214.25531428571492,0.13868247767857142,0.6485798213656097,1.7217658410395418,0.29254614029609094,False,81
0.8,16,-232.61382857142533,0.18884654017857141,0.7849134533640888,3.938573663803413,0.3206956349069483,False,81
0.7,16,-251.25879999997832,0.342234375,0.45934105994889507,3.700602831632658,0.6037663312555488,False,81
0.6,16,-259.82525714283923,0.4201612723214286,0.19153920904181457,0.3686623032259699,0.6605785368659094,False,81
1.4,16,-167.3899428571434,0.06470256696428571,0.21428897480217246,0.21400408795326184,0.32862531286161556,False,80
1.3,16,-173.25634285714284,0.06873883928571428,0.24534029558628034,0.2728863078885402,0.2964537470880648,False,80
1.2,16,-180.22834285714364,0.0761015625,0.30690146669503093,0.36037375930059534,0.28952472288593367,False,80
1.1,16,-189.17754285714176,0.08858426339285715,0.3690533453259386,0.5477218337633345,0.27807766925232724,False,80
1.0,16,-199.87611428571563,0.10313839285714285,0.4979559410203933,0.8490048647959187,0.26413785349163166,False,80
0.9,16,-214.646057142857,0.1371869419642857,0.6918063486394576,1.666035738998725,0.29308191940624484,False,80
0.8,16,-234.8780571428562,0.21384933035714285,0.7096600774075145,3.8056182712850783,0.4277600859490074,False,80
0.7,16,-252.0685142856924,0.3720145089285714,0.44624045707520543,1.6625741959730382,0.6375657397651817,False,80
0.6,16,-258.13068571426237,0.3503895089285714,0.29599449514595083,6.517309151254262,0.5826286708869135,False,80
1.4,16,-167.40394285714274,0.06468136160714286,0.21617298286521416,0.22273601032935503,0.29233811848266,False,82
1.3,16,-173.36828571428498,0.07004464285714286,0.2553062128290814,0.2705121418759809,0.31635286509794347,False,82
1.2,16,-179.76657142857132,0.07405747767857143,0.29670492997980624,0.34271441054156027,0.2991554309542993,False,82
1.1,16,-189.03439999999998,0.08815401785714286,0.3779594324085061,0.5287592196196659,0.28326674718023337,False,82
1.0,16,-200.24479999999835,0.10822265625,0.5052509099999725,0.930050125558036,0.25540018965549116,False,82
0.9,16,-214.43645714285572,0.1354732142857143,0.6480916943184026,1.6875671570294781,0.26890149543946296,False,82
0.8,16,-233.17731428571082,0.21236607142857142,0.724007880082178,4.0884847735969405,0.41185840395331463,False,82
0.7,16,-251.5744571428338,0.3387098214285714,0.4306272696534187,4.456452598396504,0.595132090108039,False,82
0.6,16,-259.76691428570024,0.4199765625,0.19165776498716192,0.35394217633928804,0.6608275238041791,False,82
1.4,16,-167.64525714285725,0.06632589285714285,0.2119952801957632,0.23495975674198255,0.2928694963027546,False,83
1.3,16,-173.52759999999984,0.07086272321428572,0.26153749329033066,0.29110453075941894,0.2938442860659878,False,83
1.2,16,-180.52554285714166,0.07633035714285714,0.2973781904673345,0.3866510778061224,0.26041503521946285,False,83
1.1,16,-188.79440000000056,0.08580133928571429,0.3601586945100456,0.47250887523191054,0.3241243145193923,False,83
1.0,16,-199.0744571428584,0.10374776785714286,0.49927066570154466,0.8020676772959181,0.2883557455235055,False,83
0.9,16,-214.65702857142833,0.13979352678571427,0.6987638573318508,1.9024161972080509,0.24965216031135784,False,83
0.8,16,-235.064171428567,0.22746763392857142,0.743012533302778,4.165793917012117,0.44667103949146525,False,83
0.7,16,-250.89931428569548,0.33854520089285717,0.4640540232195904,3.7585024224444195,0.5990003961867617,False,83
0.6,16,-259.70159999998026,0.4156875,0.19916626686517072,0.6136873214285762,0.6576642957340257,False,83
1.4,16,-167.24331428571483,0.06575892857142857,0.22077404880779683,0.2270965287900877,0.3051203929725297,False,84
1.3,16,-173.28337142857083,0.06938727678571428,0.2455270975652223,0.2807234249901885,0.29484099926356344,False,84
1.2,16,-180.0405142857131,0.07541071428571429,0.2966922859888557,0.3416016624149659,0.30028091451428107,False,84
1.1,16,-188.70771428571376,0.08541852678571428,0.3791616290162815,0.5040759145987942,0.2916278224919703,False,84
1.0,16,-200.10662857142663,0.10375055803571429,0.5098498730102108,0.8060997097417091,0.29050735208828316,False,84
0.9,16,-214.4815999999999,0.1411171875,0.7262582328042335,1.6985657663690488,0.286602068750864,False,84
0.8,16,-234.35622857142656,0.21693247767857143,0.7766116319355642,4.100111303312339,0.4190798867440755,False,84
0.7,16,-252.4542857142637,0.3738705357142857,0.40310733808822463,1.7198172631195416,0.6387954475845399,False,84
0.6,16,-259.87857142855376,0.4172416294642857,0.18838043420493655,0.8528036233790341,0.6569100965126129,False,84
1.4,16,-167.4707428571395,0.06536383928571429,0.21227956682111843,0.22951909712099103,0.2885708938165269,False,85
1.3,16,-173.45891428571494,0.07079352678571428,0.2504440061511458,0.2857743178473313,0.2915750504353509,False,85
1.2,16,-180.31439999999864,0.07545424107142858,0.2974511054067344,0.3429193375318875,0.32067876247216887,False,85
1.1,16,-189.1479999999993,0.08564508928571428,0.3701524276859687,0.5134449953617813,0.28148654000579776,False,85
1.0,16,-199.46731428571312,0.10242243303571429,0.5032396213775314,0.8037130356345665,0.29265509725596295,False,85
0.9,16,-214.5258857142854,0.14096372767857143,0.6917640745621928,1.7357889164363658,0.3087275401033295,False,85
0.8,16,-234.7495999999959,0.2308822544642857,0.7630442059152197,3.965028292311068,0.46151358671409803,False,85
0.7,16,-252.5401142856884,0.3704408482142857,0.37961572511443253,2.281212087736892,0.6340002828147924,False,85
0.6,16,-258.985885714268,0.37479854910714283,0.23835002093966928,5.132850058328037,0.6128737726198012,False,85
1.4,16,-167.73000000000087,0.06446930803571428,0.2137927125090973,0.21702562175428208,0.3078929148657391,False,86
1.3,16,-173.14131428571224,0.06982645089285715,0.2526499537420222,0.2661369431294151,0.3248190987453047,False,86
1.2,16,-180.26074285714262,0.07497209821428572,0.3116640982054343,0.34822714046556125,0.30343234476143044,False,86
1.1,16,-188.77714285714165,0.08704073660714286,0.36152930511050246,0.5034449262958024,0.3040170990290464,False,86
1.0,16,-199.64200000000088,0.10352678571428571,0.47352266294637957,0.7757187181122451,0.3181636782970908,False,86
0.9,16,-214.57308571428572,0.14439955357142858,0.7087147606292535,1.8160181320861668,0.29693102498091684,False,86
0.8,16,-235.65137142856858,0.23911383928571428,0.7588015545081815,4.192181913265305,0.47243461614205784,False,86
0.7,16,-251.57485714283592,0.3508660714285714,0.43620815285309245,3.041471220845488,0.6164716539509519,False,86
0.6,16,-259.51102857140796,0.40862555803571426,0.22119014849045648,1.7122415698076192,0.6503757768035514,False,86
1.4,16,-167.4023428571435,0.0654296875,0.20839831267570724,0.2223742426658163,0.3206556383806406,False,87
1.3,16,-173.25171428571284,0.07008482142857143,0.24735745965915207,0.279101227433281,0.31031510858833444,False,87
1.2,16,-179.83205714285776,0.07634151785714285,0.2922371676498731,0.3645297608418367,0.2890501940712513,False,87
1.1,16,-188.8218857142847,0.08665066964285714,0.364220192180383,0.5090638563891468,0.2882125259553141,False,87
1.0,16,-199.26319999999913,0.1007578125,0.48980261178573414,0.8087840111607139,0.25199493557244323,False,87
0.9,16,-215.60622857142877,0.14466183035714286,0.7034595792233673,1.8940824514597507,0.2843047568797289,False,87
0.8,16,-234.15617142856942,0.21922712053571428,0.7980158982580753,4.133292806819995,0.4226371761599599,False,87
0.7,16,-252.6855999999816,0.38186662946428573,0.379369064868876,1.0912424807534546,0.6473280092269759,False,87
0.6,16,-259.8815999999852,0.4202109375,0.18491733333310853,0.3806395721726238,0.6604713720433122,False,87
1.4,16,-167.0917714285706,0.06440457589285714,0.21886249716263892,0.21844344655384476,0.29344848202743645,False,88
1.3,16,-173.1626857142839,0.06871205357142857,0.24373943810379795,0.26301551314756677,0.316736314091119,False,88
1.2,16,-179.84377142857167,0.07586160714285714,0.2902622878047249,0.36286078762755103,0.29952812682024754,False,88
1.1,16,-188.3726857142851,0.084625,0.3640623789424644,0.4716536769480517,0.32027837141426374,False,88
1.0,16,-199.5829714285713,0.10415680803571428,0.48830154586730146,0.8141827008131379,0.27920701929945246,False,88
0.9,16,-214.75759999999926,0.13606752232142857,0.6404930939154073,1.5727941743728746,0.32147024306612904,False,88
0.8,16,-233.63874285713894,0.22206863839285715,0.7987921778539241,3.8134811653977985,0.44207499383118665,False,88
0.7,16,-249.38514285712708,0.2715340401785714,0.5020729487712892,6.24630490148962,0.48735587393186475,False,88
0.6,16,-259.8234285714117,0.420265625,0.19546527423462598,0.36317502976191446,0.660634422120872,False,88
1.4,16,-167.24914285714019,0.06519810267857143,0.2192167612453213,0.21969842013256183,0.3110003146264705,False,89
1.3,16,-173.26285714285657,0.0706484375,0.254506822847512,0.27738419814560467,0.3109796702095621,False,89
1.2,16,-180.43697142857133,0.075234375,0.2992871526980739,0.3561880580357141,0.28590154148590863,False,89
1.1,16,-188.80851428571373,0.08505636160714286,0.37167737813081764,0.515208412497101,0.27808845547458483,False,89
1.0,16,-199.6174285714271,0.10591183035714286,0.48443443845664547,0.8680211705994898,0.2666807830764788,False,89
0.9,16,-215.65188571428584,0.14566964285714284,0.671919997732415,1.7828345025510217,0.3246470662675862,False,89
0.8,16,-234.04068571428283,0.21585546875,0.7817968163264853,4.080817126813616,0.4176434201697149,False,89
0.7,16,-251.21879999997714,0.3450502232142857,0.4946890555757188,4.093480901512398,0.6058459767528663,False,89
0.6,16,-259.8589714285578,0.4177896205357143,0.204307007369664,0.615861495402849,0.6583334807804716,False,89
1.4,16,-167.79034285714388,0.06478180803571429,0.21861506559113505,0.2205972735399962,0.29708173567977947,False,90
1.3,16,-173.61857142857107,0.06973995535714286,0.24098414574779392,0.27804327683477215,0.30263392537943323,False,90
1.2,16,-180.44365714285695,0.07607700892857143,0.2957837682823181,0.3624301857461735,0.2904947711446214,False,90
1.1,16,-188.88331428571524,0.08840792410714286,0.36748644623884974,0.5248951089256725,0.2997121694143693,False,90
1.0,16,-199.48645714285783,0.10371595982142857,0.4922640157014655,0.8424852613998723,0.2953756280309522,False,90
0.9,16,-214.201314285712,0.12495982142857143,0.6796582809114172,1.4838177451814059,0.22470644891788527,False,90
0.8,16,-232.75834285713992,0.17882198660714285,0.7562018805603364,3.8550218629424426,0.28667871267627887,False,90
0.7,16,-250.94651428569304,0.3289497767857143,0.4920158242401028,4.847756641308305,0.5824843424648463,False,90
0.6,16,-259.24085714283893,0.39015792410714284,0.22970634123440606,3.4635983246970765,0.6309064436315031,False,90
1.4,16,-167.618914285716,0.06583482142857143,0.22428122031838565,0.22633139486151613,0.30093978068191407,False,92
1.3,16,-173.27902857142843,0.07024107142857143,0.24575442512228804,0.2829926422684458,0.3026260616238362,False,92
1.2,16,-180.07771428571576,0.07411997767857142,0.29358034297054897,0.34803130786298897,0.28195555330618727,False,92
1.1,16,-189.10125714285653,0.08641238839285714,0.37433983403604615,0.5283043540555424,0.27103849061807916,False,92
1.0,16,-200.4854285714287,0.10186607142857143,0.4979697955994311,0.8027967206632654,0.29294095183121005,False,92
0.9,16,-214.50045714285585,0.14017299107142858,0.6488768177752315,1.6570239778202942,0.30150190032382995,False,92
0.8,16,-233.289199999998,0.21130636160714286,0.7597914197823296,3.8558653618263694,0.41109106005312734,False,92
0.7,16,-251.02171428569608,0.3287276785714286,0.4588675968346006,4.877089741253639,0.5827862506489598,False,92
0.6,16,-259.78919999998084,0.41980245535714283,0.19785736532722037,0.3669861027848735,0.6605880989917832,False,92
1.4,16,-167.47742857142896,0.0652265625,0.22642609833796454,0.22753809470663253,0.30870620154712347,False,91
1.3,16,-173.27691428571444,0.06873214285714285,0.24074308872718606,0.26257995094191533,0.3202043005091235,False,91
1.2,16,-180.25417142857066,0.07653794642857142,0.29958380541378954,0.36226772852891187,0.31110099407252256,False,91
1.1,16,-188.37937142857118,0.08580580357142857,0.36955418998776757,0.48588882073283884,0.31790504365284267,False,91
1.0,16,-200.2019999999983,0.10799553571428572,0.5086501629464522,0.904955932397959,0.2700035857045656,False,91
0.9,16,-214.70274285714166,0.14160658482142857,0.6893132904384334,1.8174944124681118,0.29104971472996977,False,91
0.8,16,-233.69182857142596,0.21097488839285714,0.7204274663384246,3.929403152004942,0.4142083994524868,False,91
0.7,16,-251.41114285712382,0.3219291294642857,0.4490977711111207,5.853657570039179,0.5701680329051584,False,91
0.6,16,-259.6327999999805,0.4045368303571429,0.1915671954362905,2.4174549718324796,0.6447919565306219,False,91
1.4,16,-167.27525714285713,0.06362890625,0.21780298906053921,0.21639124402104565,0.29986028668785436,False,94
1.3,16,-173.8332571428566,0.07082589285714286,0.24305429051445435,0.2988989894034536,0.27848064539822404,False,94
1.2,16,-180.50337142857097,0.07589676339285714,0.30533999892822117,0.3622094860092475,0.2903407898292675,False,94
1.1,16,-189.37262857142792,0.08447488839285715,0.38593087534785114,0.4631298816529449,0.32014498517357526,False,94
1.0,16,-200.12691428571515,0.10946707589285715,0.5202577061097315,0.9676691466039542,0.26862349311427114,False,94
0.9,16,-214.08468571428523,0.13220479910714286,0.658804038737744,1.3957227075361387,0.3040741036972585,False,94
0.8,16,-234.3744571428544,0.22067633928571428,0.7964074296675782,4.021186991390304,0.43481560005887787,False,94
0.7,16,-252.15999999998087,0.3625390625,0.4304664723030542,2.5472730389030573,0.6263294178193943,False,94
0.6,16,-259.76897142855023,0.41965736607142856,0.19613935483988598,0.37358807982568487,0.6605047429379187,False,94
1.4,16,-167.68451428571572,0.06526897321428571,0.2202236929860014,0.22704825050109337,0.3010191174812473,False,93
1.3,16,-173.32685714285864,0.06852008928571429,0.2444525540393667,0.2669557653061222,0.2892093474216435,False,93
1.2,16,-180.3857142857151,0.07501450892857142,0.29553317655186045,0.35359537919855466,0.2833248118251189,False,93
1.1,16,-188.51371428571295,0.086109375,0.35460465403103575,0.5107500243506494,0.290828669313415,False,93
1.0,16,-200.35982857142764,0.10421540178571428,0.5099577141709517,0.9064360239158162,0.23452752345158567,False,93
0.9,16,-214.91919999999772,0.14451841517857142,0.6562943531746525,1.7626196208014466,0.3187584020146492,False,93
0.8,16,-234.65405714285396,0.21793136160714285,0.815482443479043,4.269702538165658,0.4091470277208461,False,93
0.7,16,-251.5451428571214,0.3510502232142857,0.44015166597250527,3.1749550469205596,0.6139854021933169,False,93
0.6,16,-259.7842857142643,0.4162114955357143,0.20694176498731548,0.73718973200999,0.6566643804507815,False,93
1.4,16,-167.20668571428416,0.06530412946428571,0.22061821448743746,0.22611837047877203,0.3042823917252241,False,95
1.3,16,-173.54160000000073,0.07030078125,0.24249666039727524,0.2782112538633242,0.31139586589423285,False,95
1.2,16,-180.1231428571424,0.07547321428571428,0.2905606130863683,0.3580701594387755,0.29867975084385034,False,95
1.1,16,-188.47114285714247,0.08442522321428571,0.3592027426104411,0.4621950298585344,0.3198087851094026,False,95
1.0,16,-199.26828571428544,0.10484151785714285,0.4684440175383031,0.8051012933673469,0.2917875197852089,False,95
0.9,16,-214.6289714285704,0.13737276785714286,0.7130462167894949,1.7176747108843533,0.2726376060726948,False,95
0.8,16,-235.1388571428527,0.22146707589285713,0.7753000059790071,4.473567426558514,0.42012646360027717,False,95
0.7,16,-248.85811428569883,0.25430803571428573,0.5360855037224611,7.080342747813409,0.43685209684502,False,95
0.6,16,-259.2817714285558,0.40137220982142857,0.23279574968108188,2.464462414833122,0.642825708541184,False,95
1.4,16,-167.19645714285764,0.06506584821428571,0.21975352819137964,0.21872519565415455,0.31460611177708486,False,97
1.3,16,-173.5483428571431,0.06924776785714286,0.24663922521434922,0.2803270663265306,0.295636711260169,False,97
1.2,16,-179.83085714285477,0.07737723214285715,0.2992123228458136,0.378674426020408,0.29609730401383716,False,97
1.1,16,-188.84485714285728,0.08657756696428572,0.37033566764001746,0.5215478164859693,0.2738190096603027,False,97
1.0,16,-199.67040000000003,0.10815178571428571,0.4697036757142996,0.8595444145408164,0.30517476068022564,False,97
0.9,16,-214.79502857142938,0.13998102678571428,0.6777744619394407,1.766101038477892,0.28588767348787614,False,97
0.8,16,-232.45731428571025,0.20098270089285714,0.8338199336535012,3.957665724549586,0.3676779931185935,False,97
0.7,16,-252.16177142855145,0.35683314732142857,0.43351531754995326,3.374202006081453,0.6175626192946229,False,97
0.6,16,-259.7226285714101,0.4060122767857143,0.21098762344090954,2.2356473910501746,0.6459488914565659,False,97
1.4,16,-167.23634285714203,0.06532700892857143,0.2169115440441661,0.22996000614978118,0.29327130531190737,False,96
1.3,16,-173.07388571428393,0.06998549107142857,0.246643975297387,0.2726334750294348,0.3137116068438338,False,96
1.2,16,-180.494971428571,0.07641183035714286,0.2940738711380576,0.36983611686862244,0.28926775297640916,False,96
1.1,16,-188.43074285714312,0.08641908482142857,0.36636914483890837,0.504323561499884,0.28677247996910704,False,96
1.0,16,-199.33994285714382,0.10326953125,0.4951537678444424,0.7975358353794642,0.31216923789578577,False,96
0.9,16,-214.67542857142794,0.13882924107142858,0.6631824389014834,1.6885953865504533,0.2891236398530629,False,96
0.8,16,-232.28805714285602,0.18790457589285714,0.7616265010961686,3.635414279237086,0.3405115717770959,False,96
0.7,16,-251.47708571426816,0.3406395089285714,0.4666574395824864,4.162102601585279,0.5993873068758038,False,96
0.6,16,-259.84091428569457,0.4202996651785714,0.19561427664408865,0.3531273478688372,0.6607776068394797,False,96
1.4,16,-167.74451428571408,0.06501953125,0.21388699473524872,0.21915291175063778,0.3190224453568016,False,98
1.3,16,-173.20165714285548,0.07012723214285714,0.2503921639823247,0.2838677256671901,0.29385966252037143,False,98
1.2,16,-180.3254285714286,0.07531305803571428,0.2954456665869465,0.33364194561809113,0.33737764201765585,False,98
1.1,16,-188.81982857142887,0.0866484375,0.36209177971622275,0.5194542065746758,0.2883514153211265,False,98
1.0,16,-200.51702857142942,0.10596205357142857,0.5082254297959423,0.8482223010204084,0.2895956240758065,False,98
0.9,16,-214.17759999999868,0.13354241071428571,0.681210763668387,1.665639627267573,0.26013849867506444,False,98
0.8,16,-235.1606857142815,0.22787332589285714,0.7986576980229642,4.1611765783442305,0.4478923371398932,False,98
0.7,16,-250.85645714283163,0.3326869419642857,0.5063433948355489,4.477593883814685,0.5886648011672383,False,98
0.6,16,-258.96971428569543,0.3775385044642857,0.2499394522391501,4.885166294509986,0.6176755554576561,False,98
1.4,16,-167.64234285714383,0.0657578125,0.21486427477485423,0.237623209502551,0.2855214484215738,False,99
1.3,16,-173.46565714285543,0.06890457589285715,0.2545000739569275,0.2579874822777668,0.32250175149340343,False,99
1.2,16,-180.38348571428622,0.0760703125,0.2898574571198292,0.3576707905505953,0.31027515783401804,False,99
1.1,16,-188.9367999999997,0.0860546875,0.3823624005312424,0.5430741172889609,0.2409203713452912,False,99
1.0,16,-199.4719999999995,0.10236272321428572,0.501138678571408,0.7651028096301018,0.31172706116698956,False,99
0.9,16,-214.9355428571423,0.13602455357142856,0.68772864096756,1.6464378245464861,0.27166610960675763,False,99
0.8,16,-233.82325714285412,0.20466629464285716,0.8319679598016271,4.288067936463646,0.372074062496063,False,99
0.7,16,-251.4091428571183,0.33536495535714284,0.4468178467307122,4.554607475856421,0.5916298923135475,False,99
0.6,16,-258.5559999999817,0.35015457589285715,0.24895667162733542,7.276059931839931,0.5824885116976048,False,99
1.4,16,-175.2104000000001,0.07519921875,0.22699267802480141,0.2885124334343111,0.31946549700267535,True,0
1.3,16,-181.62068571428495,0.08012611607142857,0.26915560436545877,0.3930112222821822,0.2585308786321946,True,0
1.2,16,-189.52102857142808,0.09482310267857143,0.35903293363802724,0.5976909990832273,0.24991619707496238,True,0
1.1,16,-201.0745142857137,0.12112611607142858,0.5886516442907848,1.0780638795802406,0.24778270406646874,True,0
1.0,16,-236.80034285712867,0.25938169642857145,2.72730249954094,5.075246863520405,0.42024378155657216,True,0
0.9,16,-288.9581714285664,0.47059877232142855,0.699754128495765,0.2241251267538284,0.6625743029962743,True,0
0.8,16,-300.259314285713,0.4909213169642857,0.2688847767057467,0.03682862713250579,0.6660592510937188,True,0
0.7,16,-304.7824000000005,0.49714229910714286,0.11363747230345735,0.01004832805666719,0.6665228310149489,True,0
0.6,16,-306.5483428571431,0.4993013392857143,0.03683463662156328,0.002118741496595078,0.666640632756682,True,0
1.4,16,-175.0177142857144,0.07449609375,0.2358625305862084,0.29871959223533157,0.31014795286735763,True,1
1.3,16,-181.72971428571418,0.08275613839285714,0.2671084040273083,0.3946651539810636,0.2985661763761527,True,1
1.2,16,-189.5939428571428,0.09264787946428571,0.34969856118911324,0.5578821465109481,0.2665761911379947,True,1
1.1,16,-202.16091428571315,0.12603292410714287,0.6971672936414222,1.2993737534061907,0.16554968908074053,True,1
1.0,16,-230.62479999999104,0.2276674107142857,2.1979222403571725,4.304133896683677,0.3597026258922329,True,1
0.9,16,-287.33565714285874,0.46403292410714286,0.8909866484630045,0.6654795378932793,0.6585658322665764,True,1
0.8,16,-299.9542857142857,0.4900345982142857,0.28163679846935347,0.060806145966205705,0.6657683964640009,True,1
0.7,16,-304.85017142857146,0.497265625,0.10893693034128255,0.008898278061226148,0.6665386757592948,True,1
0.6,16,-306.57062857142876,0.4993275669642857,0.03597079804396546,0.002053169509999009,0.6666414282539351,True,1
1.4,16,-175.15165714285723,0.07401450892857143,0.23746236128173118,0.3020172446701893,0.27995631584263014,True,3
1.3,16,-181.93211428571433,0.08292410714285714,0.27443693889629617,0.3935758437990583,0.2866209209116647,True,3
1.2,16,-189.45199999999966,0.09234040178571429,0.34974836929565123,0.5517161806441325,0.26557245191363676,True,3
1.1,16,-201.3338285714275,0.12065680803571428,0.6188382846601105,1.1016677231418135,0.20159281199317824,True,3
1.0,16,-236.05051428570627,0.25504520089285715,2.766655032449023,5.091568026068238,0.4062548959354345,True,3
0.9,16,-287.63531428571156,0.46589174107142856,0.8703326101663796,0.4313331841695048,0.6598451930025047,True,3
0.8,16,-299.8702857142865,0.4902421875,0.28798826331302146,0.0428794447544778,0.665964559351427,True,3
0.7,16,-304.74697142857167,0.49710770089285716,0.11057816576404939,0.00987034336278368,0.6665252336413772,True,3
0.6,16,-306.55200000000025,0.49929408482142856,0.03799732142874114,0.002254832987892049,0.6666389640863908,True,3
1.4,16,-175.15039999999996,0.07628738839285715,0.22972687536443578,0.30864312767629354,0.2851202999202491,True,2
1.3,16,-181.81737142857122,0.08344475446428572,0.27005308525540705,0.40224863318043547,0.2906163531316752,True,2
1.2,16,-189.66948571428517,0.09303850446428572,0.3471744024943312,0.5611061978502337,0.28482625325188093,True,2
1.1,16,-201.14479999999892,0.11560100446428571,0.6121631266233908,1.1012045129145407,0.17656108608599808,True,2
1.0,16,-238.85062857141506,0.27243303571428573,2.6054649872958464,4.801248405612242,0.4583344156958269,True,2
0.9,16,-288.9830857142824,0.46995982142857146,0.6879644492314976,0.3391297987528298,0.6617008319046802,True,2
0.8,16,-300.48479999999984,0.4913666294642857,0.24976414508914851,0.03166983806999646,0.6661400685189622,True,2
0.7,16,-304.67291428571446,0.49693359375,0.11483771928334248,0.010552794164533046,0.6665149819223714,True,2
0.6,16,-306.5098285714288,0.49922042410714285,0.04137010756848112,0.002624812792314894,0.6666344297130973,True,2
1.4,16,-175.45165714285713,0.07456473214285714,0.2280483443356822,0.29721025419096225,0.2838442644675393,True,4
1.3,16,-181.7354285714286,0.08044363839285715,0.2788449696594635,0.3715713902447996,0.2965659732046859,True,4
1.2,16,-189.67554285714206,0.09275948660714285,0.3605477635700183,0.619203362497343,0.1965033442970372,True,4
1.1,16,-201.2950857142848,0.12297265625,0.690129607691001,1.2608317131696427,0.13717512329805648,True,4
1.0,16,-239.04194285713098,0.2763376116071429,2.3381599138265017,4.420217968032524,0.4762094861672417,True,4
0.9,16,-288.578057142855,0.4699425223214286,0.7413153587804904,0.23614620810303363,0.6624308483300503,True,4
0.8,16,-300.17748571428484,0.49069921875,0.27634288831297477,0.03866690359933145,0.666028081463403,True,4
0.7,16,-304.8117714285711,0.4971796875,0.11099525104095755,0.009884416454072818,0.666525321164843,True,4
0.6,16,-306.53908571428593,0.49930078125,0.03818791255617447,0.002111898251489682,0.6666406944677041,True,4
1.4,16,-175.59382857142862,0.07398604910714286,0.22917667336525302,0.2856537622426201,0.3066392852576638,True,5
1.3,16,-181.73862857142834,0.08144642857142857,0.2594202883407764,0.38838216836734696,0.2704737261086766,True,5
1.2,16,-189.68091428571415,0.09296149553571428,0.34676993820860325,0.5508388094573768,0.2820056076534131,True,5
1.1,16,-202.42628571428526,0.12389453125,0.6507215002529884,1.2940809542410714,0.18719084515813234,True,5
1.0,16,-234.27074285713218,0.24526283482142858,2.4459022366837075,4.597216667649871,0.3974375453262736,True,5
0.9,16,-287.8068571428534,0.46816573660714284,0.789879182413648,0.26180580277423837,0.6618979749947898,True,5
0.8,16,-300.22639999999757,0.49081752232142856,0.286051549665256,0.042352118044490794,0.6659834327997192,True,5
0.7,16,-304.80777142857164,0.49718526785714284,0.110196311536653,0.009379334912539759,0.6665318853331579,True,5
0.6,16,-306.551885714286,0.49931696428571426,0.03876456334981842,0.0021037712585207187,0.6666407965847405,True,5
1.4,16,-175.08251428571427,0.07358314732142857,0.23181578550604898,0.2797304163060315,0.31330430828471356,True,6
1.3,16,-182.47062857142808,0.0841328125,0.2822843278589939,0.41544466517857154,0.2794129125415289,True,6
1.2,16,-189.92034285714251,0.09268191964285714,0.3558300096017517,0.5549947254995746,0.25088773977068857,True,6
1.1,16,-201.29725714285695,0.12109430803571429,0.599740419927471,1.1370185672976578,0.23914438910346048,True,6
1.0,16,-239.23474285713274,0.27248270089285714,2.727257427755177,5.120627668925383,0.4512531131324593,True,6
0.9,16,-288.38434285713765,0.46885044642857143,0.7493189235955143,0.30469207057823017,0.6616889651573,True,6
0.8,16,-300.3434285714298,0.4910200892857143,0.264311939971229,0.03502845344387495,0.6660853225395267,True,6
0.7,16,-304.7657142857141,0.49713895089285715,0.11367138692226408,0.010200764281163646,0.6665209933255524,True,6
0.6,16,-306.5712000000003,0.49935323660714287,0.03599546428618952,0.0018518440423065385,0.6666438725438522,True,6
1.4,16,-175.74468571428582,0.07522712053571429,0.2204728562057414,0.3007958130808126,0.30042281988930664,True,7
1.3,16,-181.87725714285662,0.08190011160714286,0.2734647543774945,0.395570531728316,0.28326005940523635,True,7
1.2,16,-189.68468571428528,0.09598158482142857,0.37063505948840003,0.6205768361367985,0.24033538321124903,True,7
1.1,16,-201.5963428571425,0.12153180803571428,0.6237561551695391,1.1720023172976581,0.22311430592008508,True,7
1.0,16,-237.49451428570444,0.26408816964285714,2.6654711770918595,4.850956750956634,0.43661937648268323,True,7
0.9,16,-286.5854857142825,0.4546216517857143,1.0662428112244402,1.4183112666524917,0.6503010986964801,True,7
0.8,16,-300.0357714285694,0.49054073660714287,0.2822293551497878,0.04126879374600989,0.6659960218641324,True,7
0.7,16,-304.83154285714255,0.49726506696428574,0.10556787005419453,0.008488201416726935,0.666544386026131,True,7
0.6,16,-306.55211428571437,0.49932533482142855,0.03726579350913855,0.0020779282259889937,0.6666411940549845,True,7
1.4,16,-175.52182857142867,0.07540904017857143,0.2267724423156941,0.3012400527856231,0.29481654699337023,True,9
1.3,16,-181.86822857142818,0.08283482142857143,0.29403594345489215,0.41865975765306096,0.24730619556416678,True,9
1.2,16,-189.7731428571422,0.09696707589285715,0.3733718032525325,0.6507724659199614,0.23414551078137646,True,9
1.1,16,-202.27725714285583,0.12239118303571428,0.7121243263619382,1.328984764537918,0.09669906528399075,True,9
1.0,16,-232.60582857141816,0.2365853794642857,2.399383081581732,4.643075691884569,0.37651381683112894,True,9
0.9,16,-288.0390857142855,0.4678370535714286,0.7982236732173947,0.33489313208617,0.6610853927503066,True,9
0.8,16,-300.22434285714115,0.49064285714285716,0.27912863767536317,0.0407432015306064,0.6659958963712986,True,9
0.7,16,-304.8316571428574,0.4972661830357143,0.10861518856737182,0.008901785600394467,0.6665387671263792,True,9
0.6,16,-306.58354285714285,0.49934151785714287,0.035396366780402234,0.0020173788265154258,0.6666418596601792,True,9
1.4,16,-175.58617142857153,0.07605412946428572,0.24149743229384726,0.31470011155020033,0.27963375107368604,True,8
1.3,16,-181.69771428571394,0.08137723214285714,0.2705635181439683,0.3801698891287285,0.3027794050591063,True,8
1.2,16,-189.93439999999944,0.09526004464285714,0.3705493382936551,0.6016861689519556,0.23941545064873804,True,8
1.1,16,-201.92559999999975,0.12639564732142858,0.6047282930933446,1.2218706515972861,0.2613280059688543,True,8
1.0,16,-238.22057142855812,0.2701875,2.4818778112244786,4.657187741071425,0.4561500968700887,True,8
0.9,16,-286.342285714284,0.45655078125,1.0564006031116875,1.3438139242311564,0.6524295366418069,True,8
0.8,16,-300.06239999999724,0.49047265625,0.28419275223230395,0.04146620605467888,0.6659829906796972,True,8
0.7,16,-304.8077714285707,0.49719419642857143,0.1102225506041559,0.009258975947515426,0.6665335214862299,True,8
0.6,16,-306.65394285714314,0.4994151785714286,0.032008604874849626,0.0018109183673331586,0.6666444109330472,True,8
1.4,16,-175.53257142857137,0.07480245535714286,0.229487658788027,0.2964722966016764,0.29521209114360625,True,10
1.3,16,-181.82605714285694,0.08187332589285715,0.27197655826588696,0.3978002913437009,0.27875016993846835,True,10
1.2,16,-189.73634285714283,0.09615736607142857,0.3675485314271359,0.609359813722364,0.2621432617666898,True,10
1.1,16,-201.4603428571423,0.11952232142857143,0.5904057478495812,1.1013307444341371,0.23246254120398502,True,10
1.0,16,-238.92811428570326,0.2690145089285714,2.756835885663321,5.003993026466837,0.44194869552615035,True,10
0.9,16,-287.931771428568,0.4685686383928571,0.7445608837867669,0.2300061450361489,0.662345562991262,True,10
0.8,16,-299.8209142857137,0.4902399553571429,0.29614409367022526,0.04100863958863776,0.6659910478417992,True,10
0.7,16,-304.83451428571476,0.4972606026785714,0.10389429362789442,0.008519123428395607,0.6665440477735798,True,10
0.6,16,-306.510285714286,0.4992433035714286,0.04034322208007603,0.0024751892006709872,0.6666362761087102,True,10
1.4,16,-175.3970285714286,0.07372154017857142,0.23336286505621692,0.2830012708978683,0.3023263733690963,True,11
1.3,16,-181.93325714285655,0.0833359375,0.2665336597029574,0.4067612929258242,0.2732740117751732,True,11
1.2,16,-190.69702857142812,0.09584095982142857,0.3644003046698035,0.5857502252737035,0.26891581415769317,True,11
1.1,16,-202.11954285714222,0.122609375,0.6667236415921471,1.270782362012986,0.14728749485250192,True,11
1.0,16,-237.95017142855963,0.2698582589285714,2.6545274440816513,4.654558562181126,0.45383309562977814,True,11
0.9,16,-287.5941714285659,0.4624787946428571,0.8791603299947764,0.8784773026502377,0.6568912955594401,True,11
0.8,16,-300.2931428571421,0.49073883928571427,0.2696602180323637,0.037648754783168314,0.666042167565859,True,11
0.7,16,-304.8349714285716,0.49718359375,0.1071753815077333,0.009448431919655118,0.6665310011825364,True,11
0.6,16,-306.6275428571427,0.4993833705357143,0.0330443479305763,0.0019406323076035885,0.6666428304579349,True,11
1.4,16,-175.1292571428573,0.07524386160714286,0.22730252600479686,0.3021567756354774,0.3004666124727884,True,12
1.3,16,-181.74754285714263,0.08130859375,0.2683133775812053,0.3845722119677197,0.28970594128629845,True,12
1.2,16,-189.5076571428573,0.09416517857142857,0.36704631292518997,0.5761462627551017,0.2898051126889549,True,12
1.1,16,-201.61279999999934,0.12324051339285715,0.6477710177095835,1.1795661519451532,0.2426123687781332,True,12
1.0,16,-235.5777142857039,0.2551958705357143,2.685583059948925,4.852260066884565,0.4164762814087778,True,12
0.9,16,-287.88297142856743,0.46884375,0.744549472411131,0.2201227480158726,0.6625081823806612,True,12
0.8,16,-300.04114285714275,0.4905345982142857,0.2713992665817066,0.03753672632335281,0.6660446314244186,True,12
0.7,16,-304.8493714285717,0.49724051339285713,0.10763654477298644,0.009301427546465188,0.6665334839781345,True,12
0.6,16,-306.5695999999998,0.49933426339285714,0.036189873016054565,0.00196212678040079,0.6666425086087613,True,12
1.4,16,-175.2892571428571,0.07399888392857143,0.2282539837307545,0.28437971278243435,0.3077486174021752,True,13
1.3,16,-182.00845714285632,0.08109040178571429,0.2757060899649566,0.3805502725176607,0.29137718134975743,True,13
1.2,16,-190.23119999999963,0.09521428571428571,0.3734279149305427,0.6085223097363945,0.23121403839950916,True,13
1.1,16,-201.01154285714244,0.11784988839285715,0.6317885309073994,1.1021904011334647,0.2082622266515216,True,13
1.0,16,-233.61714285713273,0.24514229910714286,2.4311559948979777,4.530529972496813,0.4010516565481297,True,13
0.9,16,-287.064342857138,0.4660892857142857,0.8393111634542952,0.3156400736961492,0.6611660745448295,True,13
0.8,16,-300.300800000001,0.4907873883928571,0.2720906071430384,0.03943896673709091,0.6660192076693565,True,13
0.7,16,-304.8077714285718,0.4971729910714286,0.1100738625572543,0.009605917911800686,0.6665287926297218,True,13
0.6,16,-306.59805714285704,0.4993515625,0.035097181264139486,0.0020229799106985524,0.6666418063467612,True,13
1.4,16,-175.50902857142867,0.07483872767857143,0.23578489129529373,0.29730814270909256,0.29016201432269406,True,14
1.3,16,-181.63039999999978,0.08082700892857143,0.26524131276417084,0.38655765772174216,0.27521423991493377,True,14
1.2,16,-189.3172571428568,0.09363727678571429,0.3514036750283525,0.5715662996917514,0.26662081502082735,True,14
1.1,16,-201.12799999999916,0.11822991071428571,0.5202447756788906,1.0478508070500934,0.24532759043750707,True,14
1.0,16,-239.90788571427308,0.2793080357142857,2.771486855306051,4.82684818239796,0.4696695950097417,True,14
0.9,16,-286.9334857142831,0.46113560267857145,1.0419872622828368,0.9366635642538136,0.6558622075945847,True,14
0.8,16,-299.92411428571495,0.49010658482142855,0.28730413775504,0.042567318937347665,0.665960708738836,True,14
0.7,16,-304.8098285714287,0.49719419642857143,0.10690010453973926,0.009324345845474877,0.6665329407275824,True,14
0.6,16,-306.5915428571428,0.49934933035714285,0.0354392040819107,0.0020515045705830444,0.6666414907274677,True,14
1.4,16,-175.2604571428571,0.07428404017857143,0.2220114837307543,0.29371932574480675,0.30719163414506967,True,17
1.3,16,-182.19931428571385,0.08283705357142856,0.2749487520831073,0.40048683182888545,0.2769015259892814,True,17
1.2,16,-189.88742857142833,0.09329352678571429,0.3582126479237502,0.6157544693346089,0.2110975237060435,True,17
1.1,16,-202.31885714285613,0.12611495535714284,0.6293193582391882,1.246228547947589,0.24219660326654313,True,17
1.0,16,-234.35645714284814,0.25033705357142855,2.58158866525514,4.75811823852041,0.40913080130642,True,17
0.9,16,-286.11188571428306,0.4603588169642857,1.0616450969388393,0.7267208431653988,0.656319953058858,True,17
0.8,16,-300.1416000000002,0.49064787946428573,0.2831192505581725,0.041772851462846816,0.6659849012900589,True,17
0.7,16,-304.84857142857084,0.49725948660714286,0.10553585745527723,0.008767205607682627,0.6665405684562897,True,17
0.6,16,-306.5609142857143,0.4993130580357143,0.036290467120478655,0.002115438855222844,0.6666406616697167,True,17
1.4,16,-175.32091428571434,0.07559598214285715,0.23121284454394786,0.29589359602769666,0.3076941981608232,True,15
1.3,16,-181.66205714285664,0.08156305803571429,0.26619376135127126,0.3922795500760399,0.2848980812627474,True,15
1.2,16,-189.7958857142851,0.09541183035714286,0.35148817332765325,0.5773498296662416,0.283185596079356,True,15
1.1,16,-201.4551999999994,0.11963560267857143,0.6342791242620612,1.1976550347141697,0.14736106306745334,True,15
1.0,16,-232.89919999999015,0.2419419642857143,2.5940144171427733,4.814592825255101,0.3800750951599089,True,15
0.9,16,-288.39131428570755,0.46737723214285715,0.7977800594607776,0.5509086592970489,0.6600410115022877,True,15
0.8,16,-300.1121142857146,0.4906233258928571,0.2797698213487187,0.04116950245138362,0.6659946374959178,True,15
0.7,16,-304.7361142857149,0.4970931919642857,0.11752067045008796,0.010595312386121642,0.666515396773518,True,15
0.6,16,-306.6114285714283,0.4993677455357143,0.03463003117932178,0.0020253123671309936,0.6666418108956802,True,15
1.4,16,-175.25028571428572,0.07551450892857142,0.23248621407746145,0.29783791431304685,0.30651930646254866,True,16
1.3,16,-181.83017142857116,0.08315122767857143,0.2760216702089122,0.3960197306097919,0.3038252185383715,True,16
1.2,16,-190.14399999999972,0.0954375,0.3653311507936784,0.6114516517857146,0.23794957901127922,True,16
1.1,16,-202.1706285714281,0.12341741071428572,0.6144095526648402,1.2470764076994427,0.19619413145248177,True,16
1.0,16,-234.89965714285032,0.25487890625,2.4998904906122164,4.6694949737723235,0.42231444787008343,True,16
0.9,16,-287.1323428571418,0.46257924107142856,0.9029417697153921,0.7829684520266511,0.6573431183940777,True,16
0.8,16,-300.3134857142838,0.4909849330357143,0.27077128117021226,0.03605717623964111,0.6660704329615956,True,16
0.7,16,-304.8819428571428,0.49729073660714285,0.10299384745932764,0.008963417342379947,0.6665381033861231,True,16
0.6,16,-306.5706285714285,0.4993599330357143,0.03538151232997204,0.0017420534385574153,0.6666451843946608,True,16
1.4,16,-175.15862857142864,0.07361830357142857,0.2333147375052203,0.2916384739431488,0.2864882489967875,True,18
1.3,16,-181.91839999999956,0.08206696428571429,0.2813772552831653,0.38562818288853956,0.29667662580483967,True,18
1.2,16,-189.77897142857114,0.09535379464285715,0.358278686366198,0.6065485573448126,0.24367287613147914,True,18
1.1,16,-201.7249142857134,0.11686104910714286,0.5944038771715187,1.0723823613607373,0.18958803489185194,True,18
1.0,16,-236.81062857141885,0.25709207589285715,2.4995706301530447,4.729920146603952,0.42509572384489447,True,18
0.9,16,-287.76137142857476,0.46720758928571426,0.7758514900479967,0.2913173455215438,0.6613854910434311,True,18
0.8,16,-300.2756571428578,0.49097879464285715,0.2609647844387552,0.03569459941007658,0.6660778378297328,True,18
0.7,16,-304.8039999999999,0.49713337053571427,0.11380818148699738,0.01037083534530073,0.6665181873197874,True,18
0.6,16,-306.56057142857156,0.4993191964285714,0.03707638534567397,0.0020901892006719436,0.6666409852581034,True,18
1.4,16,-175.4566857142858,0.07615401785714286,0.2238402614535782,0.30206547102769665,0.3131834318826028,True,19
1.3,16,-181.7602285714286,0.08168470982142857,0.2801587488226334,0.38344432882407764,0.29318410700547426,True,19
1.2,16,-189.81188571428544,0.09529575892857142,0.36878595110542517,0.6150538836628402,0.2508849569813081,True,19
1.1,16,-202.17554285714206,0.12595479910714286,0.6742966227019572,1.2756294555165815,0.1938985055091461,True,19
1.0,16,-237.7814857142742,0.2694782366071429,2.5349541967346454,4.601425061782521,0.4562055039926628,True,19
0.9,16,-288.995771428566,0.47122154017857143,0.700547532816764,0.19015296901572912,0.6630552959013796,True,19
0.8,16,-300.41177142857043,0.4911116071428571,0.26754156497101883,0.036238123405620826,0.6660688918709123,True,19
0.7,16,-304.9063999999996,0.49728738839285713,0.10574575583096445,0.009090706883207693,0.6665360702092142,True,19
0.6,16,-306.53908571428593,0.49928236607142856,0.03806291255664797,0.0023509518494909307,0.6666378479569824,True,19
1.4,16,-175.22457142857147,0.07408984375,0.22857113637545798,0.29137251953125015,0.3048661604542533,True,21
1.3,16,-181.45211428571423,0.08008370535714286,0.27042704878636026,0.37178914221938747,0.28708805900679824,True,21
1.2,16,-189.47668571428522,0.09350892857142858,0.35983945432962217,0.5867909874574828,0.23813715886805753,True,21
1.1,16,-201.21542857142765,0.11959542410714286,0.6134366577416462,1.1172103848996986,0.22759988075056425,True,21
1.0,16,-236.13382857141656,0.2570055803571429,2.6381589672959933,4.844231750956631,0.4175083483607245,True,21
0.9,16,-288.6425142857129,0.4705189732142857,0.7059059659863499,0.19687899482710078,0.6629297956111897,True,21
0.8,16,-300.08159999999884,0.49027399553571427,0.2825285558035517,0.04782036820392577,0.6658962294423454,True,21
0.7,16,-304.8210285714286,0.49725334821428574,0.10756061474402098,0.00858827396136519,0.6665430385635402,True,21
0.6,16,-306.56320000000017,0.4993431919642857,0.03567131745998924,0.0018667186171228423,0.666643685761837,True,21
1.4,16,-175.39040000000008,0.07383426339285715,0.2242054467929904,0.28858704668139573,0.3011591196331097,True,20
1.3,16,-181.94502857142805,0.08154966517857143,0.2739245453145666,0.3793366262141875,0.3000489175212584,True,20
1.2,16,-189.8569142857142,0.09459654017857143,0.3646359302720923,0.5516853815237033,0.30658939343799874,True,20
1.1,16,-202.54148571428496,0.12844363839285713,0.6541821283521879,1.2448857663932058,0.23624044640994035,True,20
1.0,16,-238.81759999998738,0.2651255580357143,2.723653075714367,5.265448977598851,0.43534186945898135,True,20
0.9,16,-287.8745142857113,0.4678816964285714,0.7880157719829426,0.3005047888322013,0.6614779667184307,True,20
0.8,16,-300.32331428571626,0.49091685267857144,0.26157571420597486,0.036137224071266516,0.6660675985996583,True,20
0.7,16,-304.8535999999998,0.4971908482142857,0.10661776749290712,0.009312687226678155,0.6665327722094461,True,20
0.6,16,-306.5888000000002,0.49936328125,0.03541480952343869,0.0018127018229089724,0.6666443295999195,True,20
1.4,16,-175.20479999999992,0.07481752232142858,0.23372480830903358,0.29462313633154136,0.2981049978146224,True,22
1.3,16,-182.05325714285684,0.08487611607142857,0.26767898937326884,0.41172699151295133,0.28676893473277065,True,22
1.2,16,-189.99188571428553,0.0961484375,0.36582472218681755,0.5785886476934521,0.2812321260615017,True,22
1.1,16,-201.96205714285662,0.12169587053571429,0.6607356120762767,1.2864076095054497,0.14770135605171575,True,22
1.0,16,-236.90719999998868,0.2717114955357143,2.742440824285808,4.631956660634568,0.460048998029445,True,22
0.9,16,-288.40377142857045,0.46968917410714284,0.6929637762031104,0.23702527202026938,0.662504092060028,True,22
0.8,16,-299.9989714285713,0.4904910714285714,0.27914006050684387,0.03832852359694883,0.6660319546060586,True,22
0.7,16,-304.80994285714274,0.4971847098214286,0.11146349760535339,0.009921074958997776,0.6665247113756207,True,22
0.6,16,-306.5533714285718,0.4993186383928571,0.037599920067855744,0.002057312792314766,0.6666413532696402,True,22
1.4,16,-175.21417142857158,0.07452455357142856,0.2330885210329013,0.29040302113702643,0.2957552438468879,True,23
1.3,16,-181.39999999999984,0.08142020089285715,0.28032724006763904,0.37555962856897546,0.3080439452139927,True,23
1.2,16,-190.18765714285706,0.09777455357142857,0.376493262329901,0.6540213818027212,0.22440964112485362,True,23
1.1,16,-201.99977142857028,0.12342578125,0.6217119242705378,1.1981433324878246,0.2162781838780412,True,23
1.0,16,-234.86102857142015,0.2518677455357143,2.8024404512244985,5.098378714205992,0.39939169234069016,True,23
0.9,16,-287.7366857142868,0.4623325892857143,0.7682326520534702,1.001141581632644,0.6568419482755834,True,23
0.8,16,-299.98628571428424,0.49045479910714285,0.27370197704073,0.036832945531726224,0.6660523947615787,True,23
0.7,16,-304.9382857142857,0.49733203125,0.10354434610592633,0.008940989317614318,0.6665384782207107,True,23
0.6,16,-306.51371428571434,0.4992393973214286,0.04197576176305044,0.0027061053093054475,0.6666335403685708,True,23
1.4,16,-174.8029714285715,0.07476674107142857,0.23795734391921217,0.28336983395590387,0.3140538619071037,True,24
1.3,16,-181.96091428571373,0.08210100446428571,0.2811080496316862,0.3990860095540619,0.28340092845263676,True,24
1.2,16,-189.54891428571403,0.09513616071428571,0.37050953766299227,0.590050471938776,0.27256800585467045,True,24
1.1,16,-201.49371428571337,0.12339397321428572,0.6574664825434589,1.2335515071312613,0.1880171375622226,True,24
1.0,16,-233.8933714285554,0.24630357142857143,2.4800091587245845,4.723881586734695,0.40224585065295815,True,24
0.9,16,-287.47874285714124,0.46230245535714287,0.9764070470521907,0.9018249613803815,0.6563477465633217,True,24
0.8,16,-300.1367999999998,0.4905848214285714,0.2725470496652171,0.038625599489803264,0.6660270430424059,True,24
0.7,16,-304.70959999999985,0.49711941964285716,0.11458135349831,0.009090715652320114,0.6665357147123427,True,24
0.6,16,-306.5129142857141,0.49925669642857146,0.03964141950076636,0.0022958886054406475,0.6666384196146321,True,24
1.4,16,-175.75531428571438,0.07525837053571428,0.23254193874949647,0.3015302837440779,0.30150132031518717,True,25
1.3,16,-181.94902857142816,0.08314955357142857,0.2811254402850028,0.3968905749607533,0.2973528992545533,True,25
1.2,16,-189.98457142857097,0.09549944196428571,0.3718227669713414,0.6000497432371388,0.26514063666357457,True,25
1.1,16,-201.9593142857138,0.12015066964285714,0.5822667930511042,1.123039765480056,0.22936475388822353,True,25
1.0,16,-234.80937142855865,0.2510167410714286,2.3802075140817465,4.596632678252551,0.41945914136287066,True,25
0.9,16,-287.7867428571389,0.4658677455357143,0.7453776797681847,0.5234573213399882,0.6601036583217592,True,25
0.8,16,-300.2617142857127,0.4909709821428571,0.27917792570164573,0.0352727997449076,0.6660829135507251,True,25
0.7,16,-304.65337142857163,0.4969681919642857,0.12102466795085447,0.011165669528970008,0.6665072325961516,True,25
0.6,16,-306.5364571428571,0.49929464285714287,0.03767295408244485,0.0020812478741423965,0.6666410567105377,True,25
1.4,16,-174.83291428571434,0.07398158482142857,0.23709222865472895,0.3046505087805212,0.2880842449735509,True,26
1.3,16,-181.4758857142855,0.08141294642857143,0.26905399722256423,0.3909540777080063,0.2850584854585745,True,26
1.2,16,-189.53645714285696,0.09369587053571428,0.35569589229028276,0.5704239471061864,0.2761082678651102,True,26
1.1,16,-202.54079999999968,0.12368470982142857,0.6377630365997482,1.231251706792092,0.2162263948351143,True,26
1.0,16,-235.53748571427724,0.2592449776785714,2.4802268770918374,4.5582196676498725,0.4380445067691471,True,26
0.9,16,-288.9570285714276,0.4709598214285714,0.6934410508943719,0.20285700113378863,0.6628916987579054,True,26
0.8,16,-300.24102857142844,0.4908604910714286,0.2617854846141298,0.034843861208546656,0.6660859669137602,True,26
0.7,16,-304.71828571428523,0.4970619419642857,0.11534837307378291,0.0100932460595869,0.666521695118752,True,26
0.6,16,-306.5280000000002,0.4992661830357143,0.04025873015838973,0.0024199849861735365,0.6666369756307922,True,26
1.4,16,-175.25005714285723,0.07478738839285715,0.22752416066223552,0.29485278328853853,0.290442134590728,True,27
1.3,16,-181.86034285714234,0.08161104910714286,0.28284756418306317,0.3863375681294153,0.28154066681974144,True,27
1.2,16,-189.80285714285642,0.09358147321428571,0.3461673885699944,0.5794005630846093,0.26280605533385826,True,27
1.1,16,-201.53977142857016,0.12135714285714286,0.6271385255101594,1.1784223689703153,0.19224166486841165,True,27
1.0,16,-236.3475428571337,0.25859542410714287,2.6988978223978677,4.922710825175379,0.425558750556865,True,27
0.9,16,-287.74571428571295,0.46824609375,0.7980060704836084,0.25170790736607296,0.6620231019945731,True,27
0.8,16,-299.7959999999989,0.4901724330357143,0.29520079520093384,0.04101160704321316,0.6659854766363641,True,27
0.7,16,-304.8675428571435,0.4972845982142857,0.10536377748781908,0.008829268859327857,0.6665398269124203,True,27
0.6,16,-306.51382857142863,0.49927120535714287,0.03974432879848185,0.002206415284859986,0.6666395315350784,True,27
1.4,16,-175.25679999999994,0.07444810267857142,0.22972771738340372,0.29187694054072544,0.3136718581471386,True,29
1.3,16,-182.1094857142853,0.08320535714285714,0.2882140513223091,0.41127729984301414,0.2690923875976494,True,29
1.2,16,-189.98857142857136,0.09544140625,0.3731509353741361,0.6034666001674105,0.2743413013688044,True,29
1.1,16,-201.20754285714267,0.11734765625,0.5830505837409202,1.0927613803774345,0.2011311353480505,True,29
1.0,16,-238.6335999999908,0.2739146205357143,2.569379697142864,4.63508960259885,0.4620404701077294,True,29
0.9,16,-287.05531428571044,0.46462109375,0.9262861705718214,0.47104430617560117,0.6593521947360266,True,29
0.8,16,-300.27599999999893,0.49090792410714285,0.27622088448673304,0.03718462521923094,0.6660519565755335,True,29
0.7,16,-304.92285714285725,0.4973275669642857,0.10534104279504763,0.009300573865717508,0.6665338588698286,True,29
0.6,16,-306.54674285714316,0.4993130580357143,0.03726237868464624,0.002046614450463835,0.6666414963034941,True,29
1.4,16,-175.50651428571445,0.07493191964285714,0.22595707194919673,0.29763260272412545,0.2972766581662426,True,28
1.3,16,-181.88297142857118,0.08221595982142857,0.2782422238859795,0.39813416398891294,0.29082897662812224,True,28
1.2,16,-189.95759999999936,0.09371986607142857,0.3530715121527411,0.5867297169961735,0.25108185984299847,True,28
1.1,16,-201.2406857142846,0.11785379464285714,0.5970247623545482,1.0742341404800555,0.23291268660856201,True,28
1.0,16,-235.50868571427853,0.25821428571428573,2.6891209999490115,4.671139477040814,0.4261964039754931,True,28
0.9,16,-289.33531428570785,0.47195870535714285,0.6508984721592612,0.17169939590420175,0.663374901711306,True,28
0.8,16,-300.3622857142865,0.4910228794642857,0.2662435507018834,0.034409023337858,0.666093710960867,True,28
0.7,16,-304.7317714285711,0.49703683035714286,0.11213417232358219,0.010200881468652565,0.6665202744911521,True,28
0.6,16,-306.5304000000004,0.4992890625,0.038951405754517054,0.0021373995535730237,0.6666403615056972,True,28
1.4,16,-175.33085714285718,0.07348660714285714,0.23343471405142566,0.2872584876093295,0.2976668678357325,True,30
1.3,16,-181.68662857142849,0.081265625,0.274549433522518,0.38469912774725273,0.28518821533991046,True,30
1.2,16,-189.78068571428508,0.09416294642857143,0.3745391666312751,0.5995078922193879,0.2238366989776478,True,30
1.1,16,-202.03142857142777,0.12468191964285714,0.6409147569151875,1.241904213532004,0.22644271843366548,True,30
1.0,16,-234.031428571419,0.2465161830357143,2.507192570153194,4.62664237492028,0.3975042262229975,True,30
0.9,16,-287.952457142852,0.46886495535714284,0.7726592935248278,0.22877352288832736,0.6623656207420259,True,30
0.8,16,-300.0322285714276,0.49046372767857144,0.28152044610978416,0.03955487474090802,0.6660125273787789,True,30
0.7,16,-304.9009142857146,0.4973777901785714,0.10149826228670539,0.008007516285530869,0.6665513635654541,True,30
0.6,16,-306.5539428571431,0.4993186383928571,0.03717440348620155,0.00211497648278917,0.6666407083155876,True,30
1.4,16,-175.1626285714287,0.07485491071428571,0.22794965824137806,0.2963984147230322,0.3027405446787983,True,31
1.3,16,-181.57885714285644,0.08351395089285714,0.27795606735298456,0.40807970411842626,0.28614518415626267,True,31
1.2,16,-190.03931428571425,0.09313671875,0.36350175963719206,0.5826341410900298,0.25853695563356904,True,31
1.1,16,-201.23737142857,0.12207868303571429,0.6469476754511827,1.263341095706749,0.168635366777229,True,31
1.0,16,-236.33942857141992,0.2564994419642857,2.4985856683674115,4.71351007581314,0.42560389555014755,True,31
0.9,16,-288.23919999999873,0.4695535714285714,0.763101055114627,0.2242434098639576,0.6625217177453022,True,31
0.8,16,-300.11291428571366,0.4905998883928571,0.27467664668376907,0.03819525021923731,0.6660341921051607,True,31
0.7,16,-304.8858285714285,0.49725669642857145,0.10380935016664994,0.009428861151598815,0.666531749866216,True,31
0.6,16,-306.53931428571445,0.4993041294642857,0.03924079350904701,0.0021492334980877104,0.6666402499411128,True,31
1.4,16,-175.3707428571429,0.07423046875,0.22776259798000212,0.30143213368941324,0.2935722533958901,True,32
1.3,16,-181.41599999999985,0.08024944196428571,0.26798767962805564,0.3802217272738424,0.28965061887169397,True,32
1.2,16,-190.02285714285708,0.0958984375,0.36488102324266297,0.5920240420386906,0.28817411737910015,True,32
1.1,16,-201.65737142857066,0.12159375,0.5809563162422589,1.1428801298701297,0.23407750462924226,True,32
1.0,16,-240.61439999998754,0.28388113839285717,2.5853782971428245,4.67180977160395,0.48168149999201815,True,32
0.9,16,-288.5029714285685,0.4699665178571429,0.7160502770849082,0.20933351048752355,0.6627141618557564,True,32
0.8,16,-300.12559999999934,0.4907633928571429,0.2592904335939394,0.03336747608417845,0.6661089312871171,True,32
0.7,16,-304.64502857142844,0.4969888392857143,0.11910446314048814,0.01053448250727586,0.666515710115765,True,32
0.6,16,-306.57588571428585,0.4993214285714286,0.03641531731880655,0.002177049319721884,0.6666399418406195,True,32
1.4,16,-175.2942857142857,0.07311328125,0.23172517635881973,0.2823702076690052,0.2960669393518186,True,33
1.3,16,-181.35634285714204,0.08125948660714286,0.26523006206982913,0.37930278104150306,0.29265473686283927,True,33
1.2,16,-189.75988571428528,0.09316629464285714,0.3604705852820603,0.5718562582376704,0.24325862458645553,True,33
1.1,16,-201.79782857142735,0.12234598214285715,0.6032883554983889,1.0955715491651203,0.22846158031104147,True,33
1.0,16,-234.5717714285609,0.25296316964285714,2.477458673010318,4.630437492028058,0.42114114940527303,True,33
0.9,16,-288.47942857142283,0.46986830357142856,0.710466929642117,0.20562641581632432,0.6627698329697491,True,33
0.8,16,-300.22777142857075,0.4907991071428571,0.2816693997925945,0.038804194834192174,0.666024233120809,True,33
0.7,16,-304.68959999999976,0.4970178571428571,0.11818855102043409,0.010432268586017455,0.6665170387511972,True,33
0.6,16,-306.50708571428606,0.49923828125,0.04095791255625474,0.002446823846717905,0.6666366037337452,True,33
1.4,16,-175.34445714285718,0.07502399553571429,0.23088260891294737,0.29346043361652696,0.31233991014697327,True,34
1.3,16,-182.03451428571404,0.08097042410714286,0.2734849896147909,0.39918816222282155,0.25859146362293806,True,34
1.2,16,-190.00559999999922,0.09539285714285714,0.3694230300099596,0.617323213222789,0.2329714432981388,True,34
1.1,16,-201.95085714285622,0.12155301339285714,0.6681799249451458,1.3068852672048934,0.15341953545201592,True,34
1.0,16,-238.77668571427319,0.2729224330357143,2.7212514481632297,4.887271928491707,0.4544738156527274,True,34
0.9,16,-287.71234285713876,0.4679654017857143,0.7934938089568804,0.29086284403344426,0.6617474997181186,True,34
0.8,16,-300.2254857142863,0.4906785714285714,0.2784045177772753,0.046644449936232846,0.6659303047050763,True,34
0.7,16,-304.8209142857144,0.49718024553571427,0.10987916607646464,0.00981461723305139,0.6665260343711314,True,34
0.6,16,-306.5321142857145,0.49930636160714287,0.037566562358569575,0.002042669935159817,0.6666415833404581,True,34
1.4,16,-175.11679999999993,0.07435546875,0.2288120058308941,0.2905159538424745,0.3085607547407212,True,35
1.3,16,-181.66822857142827,0.08101339285714286,0.25722909645575587,0.39286174352433256,0.26905315559974574,True,35
1.2,16,-189.80411428571406,0.09411551339285715,0.33046535586734255,0.5651830871997232,0.2875452089592474,True,35
1.1,16,-201.88297142857107,0.12505859375,0.6754244992410203,1.2903436612215904,0.15345356614327,True,35
1.0,16,-237.6748571428467,0.26394754464285713,2.8157377538264257,5.242179206313775,0.43225007000032767,True,35
0.9,16,-288.1102857142831,0.4647678571428571,0.8348368464977637,0.7001397307256241,0.657927424527236,True,35
0.8,16,-300.1284571428575,0.49063392857142857,0.2710678112244124,0.03919417091836408,0.6660270723015034,True,35
0.7,16,-304.81908571428585,0.49718917410714286,0.102124647126133,0.00873606402605682,0.666540757149554,True,35
0.6,16,-306.54262857142874,0.4992952008928571,0.03894593197281261,0.002244344042310331,0.6666391043084423,True,35
1.4,16,-175.369942857143,0.07408761160714286,0.2285038481622163,0.2921281531864977,0.3036690204183853,True,36
1.3,16,-182.19588571428534,0.08198883928571428,0.277038105422049,0.4115982034929358,0.2488429148305623,True,36
1.2,16,-190.02114285714262,0.09602064732142856,0.3574298389668348,0.6079184097975132,0.26177792089912133,True,36
1.1,16,-202.8743999999998,0.12394308035714285,0.6395712682998586,1.2597613320384977,0.18491709738867856,True,36
1.0,16,-236.22845714284438,0.2561439732142857,2.563626479540744,4.716285068558673,0.423965155174855,True,36
0.9,16,-288.03691428571136,0.4678080357142857,0.7827399011715402,0.3773654209183756,0.6610393565533335,True,36
0.8,16,-300.08274285714435,0.49045479910714285,0.28266803443885985,0.04206592544244714,0.6659747974630987,True,36
0.7,16,-304.8770285714284,0.49728236607142856,0.10910138733817934,0.009926555666908143,0.6665259353505306,True,36
0.6,16,-306.5514285714287,0.49931640625,0.03877202026656177,0.0021118164062509477,0.6666407022979841,True,36
1.4,16,-175.50628571428578,0.07375948660714286,0.23685166597253005,0.2864541767834366,0.30084417181131895,True,37
1.3,16,-181.7884571428566,0.08232533482142858,0.2745588636336205,0.3941523542361654,0.28436357223667774,True,37
1.2,16,-189.8503999999993,0.09353571428571429,0.36033115500995194,0.5777803826530611,0.2462202414791933,True,37
1.1,16,-201.2655999999989,0.12210881696428572,0.6514524592680074,1.1758727272002552,0.21798076865361682,True,37
1.0,16,-236.62834285712918,0.26175558035714286,2.5919534691836077,4.931659250956631,0.43702338493962367,True,37
0.9,16,-287.516685714282,0.46345033482142856,0.9309524161627298,0.81775687278558,0.6575418220476863,True,37
0.8,16,-300.21931428571486,0.49072712053571427,0.280981540098768,0.04242648985571584,0.6659782094361273,True,37
0.7,16,-304.80822857142795,0.4972260044642857,0.10736389171159189,0.009071173355498072,0.6665363612965629,True,37
0.6,16,-306.5445714285717,0.4993119419642857,0.03803213931471798,0.002025498379047974,0.6666417162033675,True,37
1.4,16,-175.1256000000001,0.07329966517857144,0.23261342146502922,0.2895445967907251,0.29468205430069305,True,38
1.3,16,-181.6713142857139,0.081546875,0.2724163936722653,0.3829654739010989,0.30886965066224914,True,38
1.2,16,-188.99291428571405,0.09048158482142857,0.3671440850339991,0.5586394923867984,0.22711572858592166,True,38
1.1,16,-202.45817142857098,0.12551506696428572,0.6792390756872739,1.3795694479794756,0.14994441959275784,True,38
1.0,16,-236.01314285712866,0.2576077008928571,2.550238253826535,4.732027767139673,0.4298048644157981,True,38
0.9,16,-287.95005714285475,0.46697879464285713,0.7828684826783057,0.43600125106293164,0.6607494696608812,True,38
0.8,16,-300.21097142857246,0.49087667410714286,0.26751740146666586,0.034226243522796906,0.6660955470799877,True,38
0.7,16,-304.7493714285715,0.49707421875,0.11341615483096187,0.010371486766577018,0.6665181718959905,True,38
0.6,16,-306.50788571428603,0.4992611607142857,0.04131616553277379,0.002330333758505295,0.6666380318043555,True,38
1.4,16,-175.1469714285714,0.07440848214285714,0.24318790878801044,0.30373464832361524,0.2756951089544303,True,39
1.3,16,-181.82674285714265,0.08248604910714286,0.26862334693876244,0.38940166153600886,0.30193662435282975,True,39
1.2,16,-189.64811428571417,0.09270145089285714,0.3736626190121742,0.5685252151759143,0.2624813699071309,True,39
1.1,16,-201.53897142857068,0.12583147321428573,0.624613123798315,1.142279242520871,0.26727783100939817,True,39
1.0,16,-238.45839999998742,0.27466964285714285,2.617715606071556,4.652606882653064,0.46624003597267316,True,39
0.9,16,-286.9985142857105,0.46120814732142856,0.9118778553163001,0.8914505186189103,0.6563736684080274,True,39
0.8,16,-299.93920000000185,0.49040625,0.2804283303570187,0.041174977678579694,0.6659943159261279,True,39
0.7,16,-304.69108571428603,0.4970552455357143,0.10986243138311658,0.009592550906530408,0.6665290371654866,True,39
0.6,16,-306.52068571428595,0.4992494419642857,0.04052846711965054,0.0025154090933199313,0.6666358121641319,True,39
1.4,16,-175.68982857142854,0.07590736607142858,0.2304267025198128,0.3101418620171281,0.2893407284613576,True,41
1.3,16,-181.85668571428496,0.082875,0.27374500313972666,0.4050246428571427,0.2757818206803718,True,41
1.2,16,-190.14491428571364,0.09681529017857143,0.3718418429705316,0.6849072565237029,0.20156370837136572,True,41
1.1,16,-201.51359999999877,0.12186104910714286,0.6459640944509958,1.184676801295802,0.1931915286432584,True,41
1.0,16,-234.14251428570344,0.2525943080357143,2.554383519948999,4.635230691884562,0.41875164307697765,True,41
0.9,16,-289.43222857142206,0.47175948660714284,0.6548801320231638,0.1995672611075763,0.6630171629214221,True,41
0.8,16,-300.37200000000007,0.4908900669642857,0.27342043805811395,0.03962107132892356,0.6660161196356609,True,41
0.7,16,-304.81485714285725,0.4972114955357143,0.11050115576847708,0.009510408049371628,0.6665304027922074,True,41
0.6,16,-306.5259428571432,0.4992845982142857,0.03949058900190039,0.0022369892644510023,0.6666391931905047,True,41
1.4,16,-175.5355428571429,0.0755,0.224517229904174,0.30800498724489805,0.27547186705323956,True,40
1.3,16,-181.92719999999935,0.08200390625,0.27729417434490433,0.39153187542925827,0.2875068246620933,True,40
1.2,16,-189.77519999999993,0.09337332589285714,0.3422845419146528,0.529773023955676,0.30513196071189796,True,40
1.1,16,-201.23062857142833,0.11878515625,0.5594721781076146,1.0630905199878251,0.2582617167929224,True,40
1.0,16,-236.03828571427434,0.25378683035714283,2.590534631377608,4.9932854116709215,0.41339725183400655,True,40
0.9,16,-287.60148571428255,0.4665831473214286,0.8144021057571788,0.35086994322207316,0.6607452062033632,True,40
0.8,16,-300.18971428571297,0.49076004464285716,0.2689667091837044,0.037800804767211815,0.666043492226666,True,40
0.7,16,-304.8598857142857,0.4972840401785714,0.10443205164510895,0.008663141285540275,0.666542214504497,True,40
0.6,16,-306.56399999999985,0.49930524553571426,0.03831232638952366,0.00238427070048175,0.6666374783040239,True,40
1.4,16,-175.20468571428583,0.07421986607142857,0.21575232504683065,0.28526705972121,0.3194881849910888,True,42
1.3,16,-181.9427428571422,0.0817421875,0.2849247976995585,0.3990065539148352,0.2761644397399454,True,42
1.2,16,-189.59771428571418,0.09137109375,0.36036605725625986,0.5624436537388393,0.24176128264090202,True,42
1.1,16,-202.0396571428561,0.12184040178571429,0.6760840610137026,1.2100173756377552,0.18233629738104484,True,42
1.0,16,-237.41588571427502,0.2717611607142857,2.581910799949128,4.557933512755106,0.4598258791853612,True,42
0.9,16,-287.80262857142765,0.4669029017857143,0.8186238643866596,0.392202903557251,0.660572513622361,True,42
0.8,16,-300.2166857142856,0.49071205357142855,0.27572346811197684,0.03950845663265312,0.6660181882038643,True,42
0.7,16,-304.7848000000006,0.4971908482142857,0.11270588411103022,0.009342980594025465,0.6665324555804818,True,42
0.6,16,-306.5291428571428,0.4992896205357143,0.038404350908017984,0.002120066831423628,0.666640580718034,True,42
1.4,16,-175.25840000000017,0.07352790178571429,0.22488697102769717,0.28350807192966454,0.3198264815816362,True,43
1.3,16,-181.42537142857145,0.08036774553571428,0.2660292602343074,0.38325442988373254,0.287616782147584,True,43
1.2,16,-189.76114285714246,0.09269977678571428,0.3639072385203927,0.5601497446322279,0.2640284464966902,True,43
1.1,16,-202.3014857142843,0.13000390625,0.6774078662505987,1.2966894647930196,0.22629668946532977,True,43
1.0,16,-231.9332571428462,0.23315178571428571,2.40930402775507,4.575043298469387,0.3650481706353864,True,43
0.9,16,-288.3779428571391,0.4693989955357143,0.7393062957292942,0.24262014872094698,0.6622859104268806,True,43
0.8,16,-299.9657142857146,0.49010546875,0.2959325573978155,0.06860517368862062,0.6656846270572423,True,43
0.7,16,-304.724342857142,0.4971350446428571,0.11719052019998345,0.009994082999276495,0.6665236388864855,True,43
0.6,16,-306.53805714285744,0.49930245535714285,0.039608664399458524,0.0022254331420157314,0.6666394030667169,True,43
1.4,16,-175.73588571428573,0.07602901785714286,0.2337372521605737,0.3133899225583089,0.28907275629565454,True,44
1.3,16,-181.97119999999953,0.08236551339285714,0.2698695959425303,0.3822492027448,0.31346100629677,True,44
1.2,16,-190.01359999999957,0.09236495535714286,0.3551621966765753,0.5554808192495749,0.28551289173162586,True,44
1.1,16,-201.782171428571,0.11889899553571429,0.6100286373756423,1.128830771031424,0.2211869708714519,True,44
1.0,16,-236.14445714284722,0.25816796875,2.7067049134693946,4.906482719308038,0.4172082042129823,True,44
0.9,16,-286.7511999999918,0.45694140625,0.9091393090827357,1.257076697048605,0.652442128373083,True,44
0.8,16,-300.184342857144,0.49080357142857145,0.2716502894609895,0.036722496811218974,0.6660587703886269,True,44
0.7,16,-304.80125714285754,0.4971116071428571,0.11325727603049501,0.011357396137025182,0.6665061874605929,True,44
0.6,16,-306.60194285714306,0.49936160714285716,0.0335326971368646,0.001877825255090689,0.666643556774898,True,44
1.4,16,-175.74982857142862,0.07528236607142857,0.23032297165242685,0.3061571362518221,0.27861217159474405,True,45
1.3,16,-181.36034285714285,0.08196707589285715,0.27835350775871465,0.40313663749754686,0.26306203872697753,True,45
1.2,16,-190.10194285714226,0.09648381696428572,0.3715680391156637,0.6108307291002335,0.2683454802410634,True,45
1.1,16,-201.58091428571373,0.11959430803571429,0.5998822360853712,1.0855273822327223,0.22325655317045257,True,45
1.0,16,-238.0196571428457,0.27338002232142855,2.289373490612263,4.24054658729273,0.4774963175756254,True,45
0.9,16,-286.797599999997,0.46240122767857145,0.8520255454145149,0.647998589055408,0.6580483203156187,True,45
0.8,16,-300.142057142858,0.49070089285714286,0.27622336981840684,0.0391574760841884,0.666023944053985,True,45
0.7,16,-304.8236571428568,0.4972862723214286,0.1062163839027126,0.008587854295732151,0.6665432155617064,True,45
0.6,16,-306.57257142857156,0.49933482142857144,0.03693876133768173,0.002073120748290099,0.666641206086334,True,45
1.4,16,-175.21405714285714,0.07361551339285714,0.22435948227301683,0.29089527372221213,0.29528015734140955,True,46
1.3,16,-181.64388571428555,0.08294196428571429,0.2742622432073418,0.39272214580062764,0.29067346680550055,True,46
1.2,16,-189.5453714285715,0.09439955357142857,0.35519577366781696,0.553033130314626,0.2923684014155009,True,46
1.1,16,-203.08422857142747,0.12497767857142857,0.6991063767499042,1.3481877898886834,0.15003679331915054,True,46
1.0,16,-239.06422857141268,0.2717103794642857,2.5117308497960664,4.848428888313137,0.45657701527037275,True,46
0.9,16,-287.66662857142546,0.4670736607142857,0.7892078679138188,0.3402299447278997,0.6610689949451221,True,46
0.8,16,-300.1776,0.4906953125,0.26813784151773484,0.03894149832589733,0.6660262917887407,True,46
0.7,16,-304.7954285714279,0.4972042410714286,0.1095537692628327,0.009231721483240156,0.6665342353356798,True,46
0.6,16,-306.5539428571431,0.49931417410714285,0.03739464158185355,0.002101211601832631,0.6666408519069843,True,46
1.4,16,-175.2971428571428,0.07384765625,0.23765211109952689,0.30090075932716825,0.2753580350553845,True,47
1.3,16,-181.83062857142855,0.08216015625,0.278764632170002,0.38644289878090643,0.2903438339151885,True,47
1.2,16,-189.83485714285695,0.09422321428571429,0.3597375274589057,0.5795030091411565,0.26434059782706654,True,47
1.1,16,-201.49542857142805,0.12021205357142857,0.5707105656518454,1.0332241129406308,0.2863689087467419,True,47
1.0,16,-241.61588571427373,0.2882377232142857,2.8327129428060402,5.002554648915815,0.4813218628949435,True,47
0.9,16,-286.58457142856855,0.46067857142857144,1.0283238079491188,0.7283055824829887,0.6560140952303442,True,47
0.8,16,-300.38857142857023,0.4911707589285714,0.25844116709174964,0.033781919244262326,0.6661063647325152,True,47
0.7,16,-304.715771428572,0.4970764508928571,0.11717011984566335,0.009666759179123931,0.6665275298918822,True,47
0.6,16,-306.5470857142859,0.4992862723214286,0.03908569033433827,0.002354267511689064,0.6666377650591164,True,47
1.4,16,-175.37371428571436,0.07480803571428571,0.23430465431069084,0.3009162527332362,0.2989150295598173,True,48
1.3,16,-181.64822857142818,0.08258091517857143,0.2751391714768835,0.40255597374166024,0.287945137485107,True,48
1.2,16,-189.86971428571385,0.09457700892857143,0.3739837159863689,0.6214091515199831,0.24945887460385074,True,48
1.1,16,-202.2460571428562,0.12376339285714286,0.6757419712851868,1.3327650556586275,0.15838587213869526,True,48
1.0,16,-235.09725714284647,0.2538856026785714,2.727589836683734,4.9775093774713035,0.41243567694084426,True,48
0.9,16,-287.10914285714153,0.46482756696428573,0.8860470505794636,0.3975055058638017,0.6598601695270874,True,48
0.8,16,-299.9699428571432,0.49036439732142856,0.2800876778537464,0.04081908791055966,0.66599489089106,True,48
0.7,16,-304.7979428571428,0.4971551339285714,0.11188189046244627,0.009831951075085499,0.6665255748686428,True,48
0.6,16,-306.51165714285736,0.49927734375,0.038637538406602646,0.0021888253348241924,0.6666397715172774,True,48
1.4,16,-175.25120000000004,0.07446651785714285,0.22975935276966897,0.2954304200072888,0.3056628224429253,True,49
1.3,16,-181.36285714285694,0.08292633928571429,0.26716143506221735,0.4055736842621665,0.2721493498968658,True,49
1.2,16,-189.9199999999998,0.09464453125,0.36387450396829657,0.5800697140066965,0.27163350807613507,True,49
1.1,16,-200.94902857142813,0.11936216517857143,0.5652771792882533,1.037728025785598,0.2511838358004542,True,49
1.0,16,-235.291771428561,0.2592360491071429,2.670768887295907,4.768422624282522,0.4309131561318831,True,49
0.9,16,-288.03531428570886,0.46656640625,0.805535872952959,0.5408107843501931,0.6597787909160371,True,49
0.8,16,-300.1209142857139,0.4906674107142857,0.27518420248728853,0.03733396683673007,0.666049713636967,True,49
0.7,16,-304.7153142857151,0.49703125,0.11795667628030525,0.010962053571432762,0.6665106769571346,True,49
0.6,16,-306.47017142857175,0.49921819196428574,0.0434465708620577,0.0024261531409308645,0.6666368232057456,True,49
1.4,16,-175.33622857142868,0.07461049107142857,0.23498670179092435,0.2952501592110057,0.29220974245883213,True,50
1.3,16,-181.4396571428565,0.08095089285714285,0.2692751053918996,0.3810115718210363,0.2887217211098738,True,50
1.2,16,-189.54068571428556,0.09305580357142858,0.3605169940121734,0.5650553029336732,0.2876066942475973,True,50
1.1,16,-202.5833142857134,0.12469140625,0.6610904530275039,1.3387486368709414,0.1760905151223512,True,50
1.0,16,-233.65291428570512,0.24800223214285713,2.490472277091783,4.452423596938777,0.4100244880801661,True,50
0.9,16,-287.96411428571395,0.4668470982142857,0.8797830312421466,0.42301763570011514,0.6600326213231124,True,50
0.8,16,-300.2260571428571,0.49094363839285715,0.27355528667083456,0.03632897789779932,0.6660657526764555,True,50
0.7,16,-304.6625142857142,0.4970440848214286,0.11916490951704169,0.010032433377357312,0.666522703021179,True,50
0.6,16,-306.5435428571428,0.4993119419642857,0.037875632653418104,0.0019864358790518586,0.6666421973370884,True,50
1.4,16,-175.16697142857151,0.07477622767857142,0.24020354745417052,0.2864598327601131,0.3168439465201556,True,51
1.3,16,-181.74697142857102,0.08148604910714285,0.27926495000604223,0.3833132892832614,0.26953137273318517,True,51
1.2,16,-189.80491428571395,0.09473660714285714,0.3593982479804186,0.5910972161989796,0.2650428142393533,True,51
1.1,16,-201.81062857142808,0.1249609375,0.6299887144122245,1.2472165685876624,0.19691325261274162,True,51
1.0,16,-235.4745142857064,0.2554146205357143,2.5844727753062102,4.8124515936702785,0.41767357865224164,True,51
0.9,16,-288.3011428571429,0.468671875,0.7620763274755439,0.29206795634920013,0.661647175534605,True,51
0.8,16,-300.2773714285706,0.4908917410714286,0.2718903596141686,0.03723337013711969,0.6660503045507669,True,51
0.7,16,-304.8099428571423,0.4971875,0.11053784162819674,0.009407844387752107,0.6665315913408876,True,51
0.6,16,-306.57074285714316,0.49932198660714283,0.03712216043080869,0.00226944820898467,0.6666389523033447,True,51
1.4,16,-175.6820571428572,0.07667075892857143,0.23594503529778443,0.3160944768130465,0.2883558514517439,True,53
1.3,16,-181.79588571428553,0.08176618303571428,0.27334114853278696,0.3704313048837324,0.31062534447976,True,53
1.2,16,-190.09497142857134,0.09496316964285714,0.38029547332057867,0.6212234085352893,0.22587398423760652,True,53
1.1,16,-202.61862857142836,0.12386328125,0.5797485845420638,1.1750285272930194,0.25559169255014447,True,53
1.0,16,-236.37394285713302,0.25527734375,2.635666633469583,4.874341848772325,0.4167266825165983,True,53
0.9,16,-287.42879999999553,0.46167299107142856,0.9304027460318116,0.9220175095663308,0.655806011011025,True,53
0.8,16,-300.24125714285674,0.49085770089285713,0.26901583856808736,0.03602940758530515,0.6660687613886489,True,53
0.7,16,-304.6994285714282,0.49704017857142857,0.11257534360680087,0.010051884110790103,0.6665226026377142,True,53
0.6,16,-306.5964571428573,0.49933370535714283,0.03605244316891761,0.0021896742134567644,0.6666397766857979,True,53
1.4,16,-175.42754285714284,0.0750546875,0.23563496769574327,0.2981486878188777,0.3074493963513707,True,52
1.3,16,-181.85851428571408,0.08218080357142857,0.28185356104335807,0.38965562303767665,0.2881087760162959,True,52
1.2,16,-189.91862857142831,0.09328125,0.352087197278925,0.5959920014880956,0.2119651523719449,True,52
1.1,16,-200.93519999999884,0.11870256696428572,0.5888657240259719,1.1123315583690858,0.21089373326408534,True,52
1.0,16,-236.07508571427294,0.2572806919642857,2.4765433342348047,4.681662531170279,0.4305408035960633,True,52
0.9,16,-287.1930285714237,0.46345033482142856,0.8768890954271497,0.5340973985792314,0.6584850318339182,True,52
0.8,16,-300.14068571428675,0.49075669642857145,0.268392031170439,0.03519729591835663,0.6660803306574641,True,52
0.7,16,-304.76582857142853,0.4971635044642857,0.11562407319880383,0.009569527947346858,0.6665291408000852,True,52
0.6,16,-306.52857142857135,0.4992845982142857,0.03876408375920922,0.002183045812067519,0.6666398075893957,True,52
1.4,16,-175.33657142857146,0.07465122767857142,0.23994077923259974,0.30650318735194987,0.28381625616005357,True,54
1.3,16,-181.7221714285706,0.08209709821428571,0.2785789831843932,0.39504722306711143,0.2866927228281193,True,54
1.2,16,-189.83657142857123,0.09518080357142857,0.36231544430275087,0.6022911288265309,0.23824655191865307,True,54
1.1,16,-202.26434285714205,0.12776450892857144,0.6955554069404494,1.3778540906192014,0.17640059302613365,True,54
1.0,16,-237.2986285714176,0.2650546875,2.493787715867313,4.770697984375001,0.44715034783224894,True,54
0.9,16,-287.3481142857115,0.4650044642857143,0.8703748037289417,0.5067424050453518,0.6595373003532483,True,54
0.8,16,-300.22217142857187,0.49066294642857144,0.28957596173482253,0.0488209677933682,0.6659027885426935,True,54
0.7,16,-304.80937142857084,0.4971579241071429,0.1105255389420888,0.009763615046460521,0.6665265580741713,True,54
0.6,16,-306.51325714285696,0.49927008928571426,0.0390443479313755,0.0022299022108877393,0.6666392561781933,True,54
1.4,16,-175.1378285714286,0.07440457589285714,0.224321742607257,0.291837196553845,0.30229783545844024,True,55
1.3,16,-181.21965714285722,0.08243638392857143,0.275248895543989,0.4033545258536106,0.2595850333487285,True,55
1.2,16,-189.98651428571375,0.09434375,0.368941966978436,0.5898392261904761,0.2503014168891393,True,55
1.1,16,-200.00811428571336,0.11525279017857143,0.5629581699696331,1.008771227895988,0.23957568681984376,True,55
1.0,16,-234.70639999999435,0.26008816964285714,2.5264786346428423,4.550164215242347,0.4402351708229265,True,55
0.9,16,-288.23325714285534,0.4673493303571429,0.7664602745652571,0.4136532649518109,0.6605619077471026,True,55
0.8,16,-300.0498285714267,0.4904185267857143,0.2864100688777959,0.04183066605548014,0.6659785194241543,True,55
0.7,16,-304.80982857142845,0.49719475446428574,0.10838115410272586,0.009637193763651908,0.6665288487839781,True,55
0.6,16,-306.6002285714283,0.49935546875,0.03475942403636307,0.0020428059895986434,0.6666416050548833,True,55
1.4,16,-174.8196571428571,0.07487388392857143,0.2321665039566695,0.29539265921100566,0.2852002245102958,True,56
1.3,16,-181.86559999999977,0.08030636160714286,0.2756268875739398,0.3728151196404044,0.27421666610729756,True,56
1.2,16,-189.59302857142828,0.09272935267857142,0.355562616177707,0.5547438190237035,0.27354958398395823,True,56
1.1,16,-201.93897142857023,0.12010267857142858,0.6718516125822127,1.2347653223562154,0.15308394369575218,True,56
1.0,16,-232.8454857142751,0.24487053571428571,2.197584775306069,4.152998655612244,0.4137749706318826,True,56
0.9,16,-287.4538285714244,0.4637645089285714,0.8808149508062353,0.7228569341695056,0.6578393983620487,True,56
0.8,16,-300.28708571428695,0.4909012276785714,0.2632257538263793,0.03648018724091706,0.6660635693481779,True,56
0.7,16,-304.68697142857167,0.49701953125,0.11585515191552764,0.01044309390944623,0.666516812071878,True,56
0.6,16,-306.56102857142895,0.4993080357142857,0.037652171060484664,0.00237383078230143,0.6666376579140321,True,56
1.4,16,-175.4053714285714,0.07426395089285714,0.22492924278947246,0.2886025441303754,0.3133487513440386,True,57
1.3,16,-181.6103999999999,0.0815859375,0.27845854120875985,0.38338042067307687,0.2836254768300631,True,57
1.2,16,-189.5405714285713,0.09289732142857143,0.37746859410427747,0.5660623416241495,0.2717457694261659,True,57
1.1,16,-200.67999999999927,0.11808035714285714,0.5805585891381299,1.09495245825603,0.19820063117422004,True,57
1.0,16,-234.08777142856326,0.25341071428571427,2.5016727640816327,4.553202762755102,0.4214937966001092,True,57
0.9,16,-287.5171428571402,0.46628125,0.842294934177292,0.34497769841270237,0.6606093365097085,True,57
0.8,16,-300.1924571428569,0.49066015625,0.2872281683674593,0.04747407435826467,0.6659272792101962,True,57
0.7,16,-304.74891428571374,0.49708984375,0.11205718356946745,0.010267717633932909,0.666520186174323,True,57
0.6,16,-306.60971428571423,0.4993738839285714,0.034174571286863895,0.0019142107780704503,0.6666431375320607,True,57
1.4,16,-175.10811428571432,0.07447879464285714,0.22477909162848206,0.2915748476220846,0.3048016368207541,True,58
1.3,16,-181.6515428571428,0.08236941964285714,0.281234138358905,0.3997585584281792,0.2843617847609139,True,58
1.2,16,-189.84434285714238,0.09194921875,0.3410032226473724,0.5024959788876486,0.3253777818465322,True,58
1.1,16,-201.69222857142782,0.12013058035714286,0.6446334015432391,1.2011528093112243,0.19270641282547352,True,58
1.0,16,-235.55394285713567,0.2562220982142857,2.552891713826483,4.529282166772962,0.4275817881796964,True,58
0.9,16,-288.55017142856804,0.46797488839285717,0.8001840138573989,0.4312235755916858,0.6604413958790375,True,58
0.8,16,-300.2095999999995,0.4907901785714286,0.26745730580346455,0.035833066007642245,0.6660707362870093,True,58
0.7,16,-304.90537142857016,0.49726953125,0.10789836693053374,0.009828438297197246,0.6665265309973878,True,58
0.6,16,-306.6098285714289,0.4993621651785714,0.03405401133783749,0.00197764548789318,0.6666423592591437,True,58
1.4,16,-175.24685714285727,0.07531473214285714,0.2295590352977872,0.28928609602769695,0.3135885617618065,True,59
1.3,16,-182.07771428571448,0.08324888392857142,0.2759708247796278,0.40496644893053385,0.28997151368927243,True,59
1.2,16,-189.67965714285623,0.09471930803571428,0.34912291634778825,0.5535714173442818,0.2960002208435847,True,59
1.1,16,-202.18411428571284,0.12781361607142858,0.7274808854359821,1.412852231852968,0.1657012284599768,True,59
1.0,16,-233.65965714284502,0.2502081473214286,2.597619669183672,4.749062011399872,0.4096246664776645,True,59
0.9,16,-287.4165714285711,0.46647935267857144,0.8781384463969953,0.3238068876665226,0.6609305199947664,True,59
0.8,16,-300.14411428571265,0.49079743303571427,0.2771204463488885,0.03826768963249627,0.6660376145544749,True,59
0.7,16,-304.7473142857144,0.49707979910714284,0.1125573176805073,0.010042218362796364,0.666522651733441,True,59
0.6,16,-306.5046857142862,0.49926729910714285,0.03965687981867126,0.0021825880899228878,0.6666398121619819,True,59
1.4,16,-175.28114285714298,0.07530078125,0.23884183413162893,0.30670037348533147,0.28259245642813813,True,61
1.3,16,-181.9026285714283,0.08039955357142857,0.25822068880567517,0.3705737480376764,0.28514958977879257,True,61
1.2,16,-189.80205714285674,0.09355301339285714,0.35681087641725484,0.5473331467235332,0.29276786706859437,True,61
1.1,16,-201.27657142857038,0.12252287946428571,0.5887543894416917,1.1831392247651908,0.21826161263902522,True,61
1.0,16,-233.2644571428449,0.2519765625,2.4718623420407937,4.264200752232142,0.42198888110494004,True,61
0.9,16,-287.495199999995,0.46607310267857144,0.827456734126908,0.409527334095093,0.6601496924849359,True,61
0.8,16,-300.45977142857265,0.49128348214285716,0.25275721229283116,0.032550980548462505,0.6661263774980295,True,61
0.7,16,-304.86308571428555,0.49724832589285717,0.10901783590161453,0.009113092087267611,0.666535700676979,True,61
0.6,16,-306.5373714285713,0.4992918526785714,0.038592856576574124,0.002184661856941735,0.6666398096129872,True,61
1.4,16,-175.02011428571439,0.07444810267857142,0.2246177250104333,0.2982505055917457,0.2904628494942304,True,60
1.3,16,-182.2019428571424,0.08150948660714286,0.271171588908362,0.407554134063481,0.25399301690003195,True,60
1.2,16,-189.72994285714256,0.09255580357142858,0.3560610909509679,0.5543200201955782,0.25910601927769983,True,60
1.1,16,-200.67485714285695,0.11937834821428571,0.5846752392899633,1.105616921092301,0.2183832627744684,True,60
1.0,16,-235.5635428571363,0.2576545758928571,2.5642705223978908,4.674618057318241,0.42914563655857974,True,60
0.9,16,-287.5255999999972,0.4651322544642857,0.8634071679893291,0.48033160705428835,0.6593962155061759,True,60
0.8,16,-300.246971428571,0.49087388392857145,0.2662376497928775,0.035509475047827976,0.6660765345053865,True,60
0.7,16,-304.7557714285707,0.49709598214285716,0.11408425978757175,0.010260840014564922,0.6665201015489913,True,60
0.6,16,-306.59531428571455,0.49936160714285716,0.034694206207240716,0.0019596704931856834,0.6666425948864554,True,60
1.4,16,-175.1198857142857,0.07458761160714286,0.2271080174666718,0.2833452577783343,0.3228676754968699,True,62
1.3,16,-181.56594285714232,0.08177845982142858,0.2667669724670955,0.39832833294495645,0.27126008768635435,True,62
1.2,16,-189.92057142857115,0.09670368303571429,0.36413665586025384,0.5996645907073765,0.27760553034393676,True,62
1.1,16,-201.67611428571374,0.12223939732142858,0.6436093963568397,1.2150105947791046,0.20706521752446894,True,62
1.0,16,-236.34754285713305,0.26525558035714286,2.4952842509693767,4.513088947385203,0.4512154268759937,True,62
0.9,16,-287.5175999999988,0.46426171875,0.838953146825431,0.5869379916914694,0.658718987322815,True,62
0.8,16,-300.36834285714014,0.4909921875,0.2706702224969603,0.037274377790179614,0.6660516721651273,True,62
0.7,16,-304.80594285714307,0.49724497767857145,0.10845015576856729,0.008720507356950895,0.666541221751487,True,62
0.6,16,-306.5257142857142,0.4992728794642857,0.037828514739304514,0.002219545998087824,0.6666393585801245,True,62
1.4,16,-175.59165714285723,0.07546930803571429,0.22559935107765647,0.3043732301726494,0.2950818597425314,True,63
1.3,16,-181.72331428571394,0.08196316964285714,0.2803260101135218,0.3851235721644425,0.2878745252610221,True,63
1.2,16,-190.18777142857095,0.09717689732142858,0.387442550701521,0.7166729856903694,0.16770839748958255,True,63
1.1,16,-202.46079999999907,0.12934709821428572,0.7214715371900842,1.4127003058325598,0.17450701842447192,True,63
1.0,16,-232.9157714285637,0.24649107142857143,2.4755387158672875,4.559061149234692,0.4072083915200764,True,63
0.9,16,-288.10571428571126,0.4667321428571429,0.7855012203955073,0.42654394699545783,0.6602966677992865,True,63
0.8,16,-300.09165714285587,0.49068861607142855,0.2742199295282077,0.03679641701212155,0.6660563552322161,True,63
0.7,16,-304.85954285714246,0.4972963169642857,0.10556867544713508,0.00860297182489335,0.6665430158009931,True,63
0.6,16,-306.54445714285725,0.4993097098214286,0.03760095011339597,0.0020446469759723604,0.6666415200492682,True,63
1.4,16,-175.48834285714298,0.07555803571428571,0.22750321405143317,0.2979086188046649,0.30174336407474334,True,64
1.3,16,-181.84697142857112,0.08250948660714286,0.26779540752931197,0.3907091684041404,0.30171728503134354,True,64
1.2,16,-189.23954285714257,0.09411551339285715,0.35635438931408536,0.5940911973187709,0.26116959951515917,True,64
1.1,16,-201.79302857142773,0.12233370535714286,0.6491149552623021,1.210650707038497,0.18197376707728585,True,64
1.0,16,-236.43942857141886,0.25256584821428574,2.408758927295878,4.883785586415815,0.41093549968227294,True,64
0.9,16,-288.3860571428568,0.46953236607142856,0.7434382159234656,0.22690054528061251,0.6624069508481394,True,64
0.8,16,-300.0296000000008,0.49041741071428574,0.2927307014508606,0.0416452503188669,0.6659805095243734,True,64
0.7,16,-304.76068571428556,0.49711607142857145,0.11590604581424116,0.010083338192410045,0.6665223097972638,True,64
0.6,16,-306.5145142857145,0.4992862723214286,0.037401359977214575,0.0020231663212181656,0.6666417507763527,True,64
1.4,16,-175.2528,0.07524497767857143,0.22956660131196066,0.305252658015215,0.2962873673980584,True,65
1.3,16,-181.93348571428547,0.08152232142857142,0.27690904709577513,0.4028670928178965,0.25934258147637446,True,65
1.2,16,-189.8542857142851,0.09690569196428571,0.3732846646471247,0.6300886197252342,0.24034338895613305,True,65
1.1,16,-200.77348571428487,0.11972209821428571,0.5815951330747386,1.0977500460923004,0.2295558189303304,True,65
1.0,16,-238.6538285714171,0.27154073660714284,2.5959886815817015,4.667106329639669,0.45342289021791715,True,65
0.9,16,-288.13817142856726,0.46939285714285717,0.758118248866266,0.2130744132652988,0.6625851822643145,True,65
0.8,16,-300.2053714285697,0.49069921875,0.2792810739000728,0.039657416992184835,0.6660134049688043,True,65
0.7,16,-304.79645714285624,0.4971908482142857,0.11104144512684372,0.009432266308309067,0.6665313408784264,True,65
0.6,16,-306.6323428571428,0.49940625,0.032341824122283924,0.0018157291666653919,0.6666443776445483,True,65
1.4,16,-174.90960000000007,0.0723515625,0.22428619114433515,0.2818704607780614,0.2829146466345347,True,66
1.3,16,-181.79039999999986,0.08288169642857143,0.27672854860525103,0.39573154336734684,0.2955345823614387,True,66
1.2,16,-190.08045714285657,0.09484821428571429,0.3476868049886327,0.5710764094387755,0.2848718681167284,True,66
1.1,16,-201.6194285714281,0.11961997767857142,0.6029863847192112,1.092784389421962,0.23365373276847723,True,66
1.0,16,-239.58091428570123,0.28142801339285717,2.8176485770918305,4.939317222496808,0.47122663371489615,True,66
0.9,16,-287.84537142856806,0.4656015625,0.7562211130637781,0.5761436929563423,0.6593554324011541,True,66
0.8,16,-299.9209142857116,0.49029408482142856,0.28914262882668845,0.04030996402662801,0.6659993574912865,True,66
0.7,16,-304.8203428571436,0.49717410714285715,0.11185675926702861,0.010002038994169231,0.6665234531335832,True,66
0.6,16,-306.55394285714306,0.4993303571428571,0.03937083205758856,0.002182185374171771,0.66663998267252,True,66
1.4,16,-175.88160000000013,0.07504073660714286,0.23342468513118989,0.29721342423241615,0.29823172730273695,True,67
1.3,16,-181.92205714285686,0.08175502232142857,0.28132196824056055,0.3831576220933084,0.2887644511751345,True,67
1.2,16,-189.70811428571403,0.09248325892857143,0.354463332057817,0.5781509818771258,0.24363496011301977,True,67
1.1,16,-201.78468571428476,0.12215513392857143,0.5858550575139073,1.173669439645176,0.21683328749992392,True,67
1.0,16,-235.403428571416,0.25547488839285715,2.538822632653165,4.632687601961095,0.42229884867403666,True,67
0.9,16,-288.886399999994,0.47006752232142857,0.7741315485007918,0.23950686286493947,0.6622274652295028,True,67
0.8,16,-300.3555428571421,0.4909771205357143,0.2612502135683314,0.03486252780213306,0.6660865870213158,True,67
0.7,16,-304.8354285714285,0.4972198660714286,0.1042130258227013,0.008916007197510924,0.6665383223218708,True,67
0.6,16,-306.54205714285735,0.49928794642857144,0.039647101898923315,0.0022632100340066095,0.6666388390382123,True,67
1.4,16,-175.386742857143,0.07355245535714286,0.23253727728030307,0.2820130491526967,0.3026160912964866,True,68
1.3,16,-181.4445714285711,0.08073102678571428,0.2675950489071259,0.369956405759419,0.30712793387272885,True,68
1.2,16,-189.61611428571425,0.09346428571428571,0.3705526190121865,0.561857585034014,0.27911676115415285,True,68
1.1,16,-201.5210285714282,0.1248359375,0.7197959824169673,1.2945300588474031,0.15362587178140064,True,68
1.0,16,-232.89245714284925,0.24210714285714285,2.421454822397976,4.494757275510205,0.3930063459783174,True,68
0.9,16,-287.5230857142822,0.46086328125,0.878492634857675,0.9925957793898891,0.6554003208895263,True,68
0.8,16,-300.3932571428552,0.4910775669642857,0.2529818653541404,0.033025836953921583,0.6661168997549449,True,68
0.7,16,-304.72331428571437,0.49710100446428573,0.11021186578499492,0.009277397845295354,0.6665331603403495,True,68
0.6,16,-306.546285714286,0.49929854910714283,0.03845232426221577,0.002264954161361743,0.6666388966159106,True,68
1.4,16,-175.2780571428572,0.07423939732142858,0.22846653766659628,0.29536384105092917,0.30172659912298816,True,69
1.3,16,-181.9194285714282,0.08222265625,0.2714955613754455,0.3961530704842035,0.26882983191120613,True,69
1.2,16,-189.51531428571406,0.09376729910714286,0.36099815472646746,0.570174322318771,0.29019562443602387,True,69
1.1,16,-202.10148571428496,0.12185770089285715,0.6350783207960735,1.2874894798672307,0.1778929068502615,True,69
1.0,16,-235.36479999998957,0.24862667410714287,2.578334624285702,4.846300101961097,0.4010921341041529,True,69
0.9,16,-288.11851428571345,0.46917857142857144,0.7740552803604125,0.2258455725623539,0.6624152044973679,True,69
0.8,16,-300.2554285714286,0.49090011160714286,0.2738311364001155,0.03663830825494152,0.6660605723905475,True,69
0.7,16,-304.9031999999999,0.49730245535714285,0.10343186078750237,0.009043190142128716,0.6665370730431452,True,69
0.6,16,-306.54560000000043,0.49928683035714283,0.03828981349237716,0.0023164748086775453,0.6666382362751943,True,69
1.4,16,-175.38034285714286,0.07526897321428572,0.22746907319868329,0.304932242848032,0.29954245377684174,True,71
1.3,16,-182.07074285714276,0.08278794642857143,0.28705056270378854,0.41466317111459944,0.2704348367322732,True,71
1.2,16,-189.4347428571423,0.09339397321428572,0.3567994289965842,0.5873929737988941,0.2646296302763512,True,71
1.1,16,-201.88297142857007,0.12267020089285714,0.6746175334795165,1.2768419798672308,0.15334775314076388,True,71
1.0,16,-234.5395428571298,0.24747433035714286,2.4523292938265513,4.69485134917092,0.4067978385065635,True,71
0.9,16,-287.32159999999305,0.46590066964285715,0.8539313368607457,0.3872206955073665,0.660299297776346,True,71
0.8,16,-299.86091428571245,0.4900887276785714,0.2976380668843425,0.0451857341159112,0.6659246955534767,True,71
0.7,16,-304.644114285715,0.49694866071428573,0.12018674552269679,0.01069571975219016,0.6665131669742173,True,71
0.6,16,-306.59782857142864,0.49932979910714287,0.034824353600034406,0.002184656542307077,0.6666398526039363,True,71
1.4,16,-175.7680000000001,0.07514899553571429,0.22095905612247307,0.2872217856573432,0.32910249106379763,True,70
1.3,16,-181.85702857142846,0.08066294642857143,0.27596289696294357,0.3654657878728415,0.3086205286827687,True,70
1.2,16,-190.1786285714285,0.09379296875,0.36538020943169947,0.6000270428757442,0.2403152434088346,True,70
1.1,16,-200.53942857142832,0.12012834821428571,0.5609702985325872,1.0912654438195737,0.24556838688807003,True,70
1.0,16,-237.43634285713154,0.2649637276785714,2.5972568048980236,4.663577230149876,0.444918872316065,True,70
0.9,16,-286.5786285714236,0.4637767857142857,0.9160502665027415,0.44784706774376243,0.659411998474031,True,70
0.8,16,-300.1736,0.4906869419642857,0.27106326841526135,0.03757117735571747,0.6660444507545225,True,70
0.7,16,-304.79462857142875,0.4971495535714286,0.10859816649318717,0.009276641763845208,0.6665332976171143,True,70
0.6,16,-306.5945142857146,0.4993448660714286,0.03632556632627231,0.002199686968538117,0.6666397424812801,True,70
1.4,16,-175.2082285714286,0.07443861607142857,0.2263005210329147,0.291637365843659,0.29903030367221306,True,72
1.3,16,-181.75737142857105,0.08175167410714286,0.2787798234211067,0.4011225715634812,0.27893952559941015,True,72
1.2,16,-189.59782857142835,0.09378515625,0.37084894554282816,0.5586739364769344,0.2682728540026579,True,72
1.1,16,-200.8841142857134,0.12015513392857143,0.6063112794737529,1.1181807221127091,0.2048863866024464,True,72
1.0,16,-236.36285714284483,0.2574503348214286,2.5743381823979803,4.894907828364154,0.4244311066251526,True,72
0.9,16,-288.06182857142636,0.4629877232142857,0.8009511412821811,1.0045434491921807,0.6566475647175218,True,72
0.8,16,-300.16834285714276,0.49069698660714284,0.27168361535387925,0.038456907585304734,0.666031471368421,True,72
0.7,16,-304.7933714285715,0.49715066964285715,0.10922997042907161,0.009447973305398705,0.6665309837177493,True,72
0.6,16,-306.54114285714303,0.49925334821428574,0.03991776856556347,0.0027587898596811065,0.6666329597475267,True,72
1.4,16,-175.1884571428571,0.07402511160714285,0.23191755515932497,0.2958959656864979,0.2886391438891859,True,74
1.3,16,-181.7033142857138,0.08408705357142857,0.27621750947955914,0.4151807878728414,0.2910627152156895,True,74
1.2,16,-190.09828571428514,0.09648549107142858,0.37695643424038555,0.6045113464604587,0.2690352740106141,True,74
1.1,16,-202.0492571428563,0.12406975446428571,0.6328882711671696,1.2607457466807743,0.19446054294304993,True,74
1.0,16,-235.05588571427782,0.2551953125,2.703014942805993,4.858151618303573,0.4137357197265251,True,74
0.9,16,-288.8303999999961,0.47151953125,0.654952333333352,0.15758198970733556,0.6635858080959504,True,74
0.8,16,-300.0218285714297,0.49045814732142856,0.28078336407837406,0.04027834014269871,0.6660024381464218,True,74
0.7,16,-304.87085714285655,0.49729296875,0.10767280299873797,0.008937545440050241,0.6665385980616775,True,74
0.6,16,-306.5656000000003,0.49934151785714287,0.036953429563229494,0.001989477040803915,0.6666422291827552,True,74
1.4,16,-175.5748571428572,0.07384151785714285,0.22457454185758294,0.28281916362973775,0.31530055468305784,True,73
1.3,16,-181.44194285714215,0.08223883928571428,0.26952953480861463,0.4037114658555733,0.25700160766239377,True,73
1.2,16,-189.79405714285642,0.09356529017857143,0.3748065758219868,0.5666784544403699,0.26310208995559403,True,73
1.1,16,-201.18457142857056,0.11894977678571429,0.6281597982374543,1.1458945266117804,0.20493131701841139,True,73
1.0,16,-234.08331428570423,0.2443013392857143,2.514185028520501,4.930949860969388,0.39338093446439226,True,73
0.9,16,-287.6260571428562,0.46263671875,0.8647286480222197,0.9852110770089301,0.6568320743329672,True,73
0.8,16,-300.0629714285727,0.49052845982142856,0.2837776944354608,0.03930547183912836,0.6660160703597944,True,73
0.7,16,-304.807885714286,0.4971199776785714,0.11272034974989747,0.011041030316150113,0.6665101638154411,True,73
0.6,16,-306.59177142857163,0.4993504464285714,0.03440253911545849,0.0019405165816503238,0.6666428044026094,True,73
1.4,16,-175.63542857142866,0.07443191964285714,0.23217461214076188,0.28271809379555407,0.30755243781694774,True,75
1.3,16,-181.80639999999943,0.08026004464285715,0.27521260608619863,0.37419849661499194,0.291312820382172,True,75
1.2,16,-189.65028571428564,0.09229966517857142,0.3649524659864135,0.5541936516129894,0.26944058971526896,True,75
1.1,16,-201.2997714285712,0.12071930803571429,0.6255422445185079,1.1811011971677874,0.21007143956565322,True,75
1.0,16,-236.68091428570568,0.26498828125,2.647651032449005,4.886174674665174,0.44369110011325064,True,75
0.9,16,-288.03771428571343,0.46864899553571426,0.7764402305366712,0.266831795546349,0.6619179364483762,True,75
0.8,16,-300.06605714285797,0.49056305803571426,0.28374345631378967,0.03762307467714443,0.6660405179659188,True,75
0.7,16,-304.8275428571424,0.4971808035714286,0.10791304862555175,0.009327088192421229,0.6665324832750013,True,75
0.6,16,-306.5699428571428,0.4992979910714286,0.03701103047070041,0.002505505420913323,0.6666360601427747,True,75
1.4,16,-175.6836571428572,0.07619308035714285,0.23045070220740513,0.3046802430302479,0.3115053517441212,True,76
1.3,16,-182.04822857142855,0.08207087053571428,0.26394855440163184,0.39812340309801797,0.27522496585864253,True,76
1.2,16,-190.05142857142815,0.09561272321428571,0.3667284403344616,0.5878154068346091,0.275305120593188,True,76
1.1,16,-202.1974857142849,0.12411104910714285,0.6533321814808745,1.1696349831139843,0.24856341301429885,True,76
1.0,16,-231.99634285713412,0.23978459821428572,2.389759947755067,4.387875666772958,0.3911432524072762,True,76
0.9,16,-287.6401142857114,0.46483370535714286,0.8842276895314698,0.5996316677295886,0.6587208929414041,True,76
0.8,16,-300.4278857142833,0.49122935267857143,0.2592530663267922,0.03388102987483599,0.6661064382384335,True,76
0.7,16,-304.785485714286,0.4971489955357143,0.10952820397742657,0.009756186110599125,0.6665268848456982,True,76
0.6,16,-306.54422857142885,0.49931361607142855,0.0387266660992067,0.0021315768495118923,0.6666404962566879,True,76
1.4,16,-175.50925714285722,0.07466852678571428,0.22894896824241057,0.3043595323888485,0.27659990766963694,True,77
1.3,16,-181.54194285714254,0.082171875,0.27278172732762823,0.3897548626373625,0.30105851520152893,True,77
1.2,16,-189.7902857142856,0.09183370535714286,0.3666564900439361,0.5720839740114796,0.2217398085046548,True,77
1.1,16,-201.98685714285594,0.12206808035714285,0.6370531613678467,1.2118336534670693,0.195683614777327,True,77
1.0,16,-236.93085714284652,0.27064397321428574,2.649660610969363,4.583824773915811,0.4568417512656857,True,77
0.9,16,-287.84674285713834,0.45887667410714283,0.8824039253590573,1.5032295874964616,0.6529032310972592,True,77
0.8,16,-300.1882285714273,0.49070368303571427,0.28249189979252515,0.040688448561070345,0.6659996130994309,True,77
0.7,16,-304.80765714285684,0.4972455357142857,0.10615478040400766,0.008685758017504343,0.6665418530812862,True,77
0.6,16,-306.53337142857123,0.49927064732142856,0.03830599645703438,0.0023241856664668603,0.666638101023562,True,77
1.4,16,-175.4118857142857,0.07591629464285714,0.2215552031444988,0.30554688843841127,0.2996571860313736,True,78
1.3,16,-181.31485714285662,0.07996316964285714,0.26882157876463364,0.380562301560047,0.27825760974730585,True,78
1.2,16,-189.9132571428563,0.09700446428571428,0.37883921198271037,0.6041616028911564,0.2776904761397625,True,78
1.1,16,-201.95988571428515,0.12323660714285714,0.6042456906307981,1.1664161352040816,0.25630242013998994,True,78
1.0,16,-234.29142857141724,0.24608314732142858,2.611148239795881,4.841751645328442,0.3931102792624045,True,78
0.9,16,-287.02959999999825,0.4553967633928571,1.0190888082010088,1.6027426976155112,0.6501912577716128,True,78
0.8,16,-300.144914285713,0.4907511160714286,0.2773640127552212,0.03669189692283581,0.6660581091449412,True,78
0.7,16,-304.72057142857216,0.4970736607142857,0.11363702363603215,0.010020324344018101,0.6665227969331449,True,78
0.6,16,-306.5885714285717,0.4993431919642857,0.03756852324209427,0.002173638259984993,0.66664000742367,True,78
1.4,16,-175.61039999999997,0.07404799107142856,0.22849249580905812,0.30043631354774075,0.2850917729643061,True,79
1.3,16,-181.50697142857106,0.08023604910714285,0.26602606581329147,0.3602371903821625,0.3141984800612342,True,79
1.2,16,-190.2630857142853,0.09576841517857143,0.3778658161848093,0.613090608458227,0.2208515300823728,True,79
1.1,16,-201.03862857142764,0.11884988839285714,0.6028681167144905,1.0667619839256732,0.227933054648903,True,79
1.0,16,-240.95908571427117,0.2781863839285714,2.7526789967347725,5.054867338966837,0.4596690254857072,True,79
0.9,16,-286.74491428571,0.4570658482142857,0.982922756109749,1.2454088857001169,0.652666663007325,True,79
0.8,16,-300.17851428571544,0.49080022321428574,0.2649293810587316,0.03502309909118928,0.6660839110047376,True,79
0.7,16,-304.77554285714297,0.49710546875,0.11380864264883807,0.010973718909446413,0.6665107740900659,True,79
0.6,16,-306.53280000000035,0.49929966517857144,0.03872332142849347,0.002124252630733755,0.6666405726056108,True,79
1.4,16,-175.34320000000005,0.07596205357142857,0.2371090949344288,0.3199576703717201,0.2699630191219108,True,80
1.3,16,-181.84925714285671,0.08170926339285714,0.27162921866322337,0.397107417030514,0.2787861908252779,True,80
1.2,16,-189.28434285714218,0.09299720982142858,0.34161215121882,0.52480423569037,0.3072413950885129,True,80
1.1,16,-201.24217142857046,0.12128459821428571,0.6155237746247104,1.1698535363520415,0.23204221333378783,True,80
1.0,16,-236.95657142856,0.2576049107142857,2.660919954081635,5.155223343112244,0.417184673470677,True,80
0.9,16,-288.06685714285726,0.4669815848214286,0.8150600135424897,0.40877873786492896,0.6602660886210605,True,80
0.8,16,-299.93771428571415,0.4902935267857143,0.29684741509896634,0.043439170519761205,0.6659535676789828,True,80
0.7,16,-304.7241142857126,0.4970987723214286,0.11420190587266324,0.010323364499811305,0.6665194287926242,True,80
0.6,16,-306.56868571428583,0.4993203125,0.03779045124711426,0.002129899553580117,0.6666404726020073,True,80
1.4,16,-175.52800000000008,0.07384821428571428,0.23366532434401824,0.29829600400874645,0.2871069309812794,True,81
1.3,16,-181.7155428571426,0.08125558035714285,0.2816151696353098,0.3873334416699375,0.2850117393281013,True,81
1.2,16,-189.66594285714274,0.09488113839285714,0.37215759888749034,0.6085528453842478,0.24233585202140084,True,81
1.1,16,-201.2188571428563,0.11774609375,0.6081942475543796,1.1067430281047073,0.19182003018390226,True,81
1.0,16,-231.15279999999038,0.23023604910714285,2.2699530832143466,4.337369508211097,0.37336626591249855,True,81
0.9,16,-287.4451428571384,0.46685993303571427,0.8656330294153728,0.3245139979273009,0.6610024862186529,True,81
0.8,16,-300.1595428571417,0.49076729910714284,0.2746805790817319,0.03624282276388335,0.6660644422654449,True,81
0.7,16,-304.81737142857156,0.4972025669642857,0.10995386255707006,0.009889170804484593,0.6665259923486766,True,81
0.6,16,-306.54285714285743,0.49929129464285715,0.03734403344676846,0.002203855761055233,0.6666395772425742,True,81
1.4,16,-175.50011428571443,0.07510770089285715,0.22675599031653698,0.2987988196405792,0.3065648511344091,True,82
1.3,16,-181.70742857142818,0.08277511160714286,0.28335371331967607,0.4053524891458985,0.26637302033643895,True,82
1.2,16,-190.19474285714273,0.09640011160714286,0.3826882930839067,0.6535821906223424,0.21241114026570507,True,82
1.1,16,-201.40274285714239,0.11795479910714286,0.6195609261258254,1.1230828483737243,0.20103078908632088,True,82
1.0,16,-237.71714285713472,0.27126618303571426,2.8576338966837227,5.058655223134572,0.4483703176033136,True,82
0.9,16,-287.15611428571134,0.46204073660714284,0.9183275726882915,0.7995304059488402,0.6567710896900826,True,82
0.8,16,-300.0900571428566,0.49067354910714284,0.2850185790816084,0.03852086963887835,0.6660312578428418,True,82
0.7,16,-304.8374857142855,0.49722879464285713,0.10843777759265899,0.009858878917644429,0.6665261771316451,True,82
0.6,16,-306.57245714285705,0.4993080357142857,0.03649772094702384,0.002336628401356696,0.666638086662428,True,82
1.4,16,-175.16205714285726,0.07363002232142857,0.2326509208663023,0.2724673136274599,0.32526036024383276,True,83
1.3,16,-182.04914285714256,0.08280133928571429,0.2760992362033591,0.3950214383830456,0.2920077349601131,True,83
1.2,16,-189.96388571428568,0.09516183035714286,0.359631382653072,0.6178309085352889,0.2672668174592501,True,83
1.1,16,-202.24194285714245,0.1253900669642857,0.6759745450750406,1.2665935470054512,0.18182016580793647,True,83
1.0,16,-238.48617142855957,0.2731768973214286,2.821003136938856,4.919040091757012,0.45177242583486077,True,83
0.9,16,-287.40982857142836,0.46185993303571427,0.8712391725874781,0.9127385018955576,0.6563783855719374,True,83
0.8,16,-300.2640000000007,0.4909330357142857,0.2671114397321261,0.035807806122445385,0.6660740584332188,True,83
0.7,16,-304.88948571428614,0.49731752232142856,0.10448353925477134,0.008451821132473876,0.6665450207966594,True,83
0.6,16,-306.6006857142857,0.4993599330357143,0.03477926077108704,0.0019764284385577944,0.6666423850656957,True,83
1.4,16,-175.50125714285713,0.07501171875,0.24106256518117292,0.2954418594547194,0.28809853421276044,True,84
1.3,16,-181.48502857142833,0.08077455357142857,0.27294281982852603,0.37306640600470964,0.2819111121882759,True,84
1.2,16,-189.5180571428568,0.09326674107142857,0.36103610087157756,0.5749585488414115,0.24309819117748344,True,84
1.1,16,-201.67885714285646,0.119453125,0.6192750843312322,1.1070714285714292,0.22522674238005103,True,84
1.0,16,-231.78879999999316,0.23196484375,2.3428729028572093,4.385082688058036,0.36644658682895215,True,84
0.9,16,-286.6675428571394,0.4548549107142857,1.113503572625413,1.6681629109977398,0.6500130841950182,True,84
0.8,16,-299.9825142857147,0.4903487723214286,0.28464601331323885,0.041164897062326844,0.6659855309961399,True,84
0.7,16,-304.8138285714295,0.49725,0.10880970002074497,0.008831862244887492,0.6665398099300317,True,84
0.6,16,-306.5595428571431,0.4993074776785714,0.03697182312897161,0.0021921395355069726,0.6666397369387881,True,84
1.4,16,-174.9953142857143,0.07435379464285714,0.23033505099438345,0.3024623858873906,0.29154523190731374,True,85
1.3,16,-181.72685714285694,0.08290513392857143,0.2759602674797919,0.399348241512951,0.2869700925938182,True,85
1.2,16,-189.62217142857105,0.0947109375,0.34647088874716225,0.5987641313244052,0.25723865855681505,True,85
1.1,16,-201.48411428571376,0.12288113839285714,0.5979466100523143,1.182398233925673,0.2389202406717198,True,85
1.0,16,-237.95394285712956,0.27162388392857145,2.7767338566837623,4.950011758609691,0.45499400928603073,True,85
0.9,16,-288.65234285713854,0.47101729910714285,0.6486902705971799,0.1712467253932775,0.6633657384449615,True,85
0.8,16,-299.8909714285697,0.4902025669642857,0.2851383836096843,0.04119666284678303,0.6659850714685188,True,85
0.7,16,-304.8199999999998,0.49719921875,0.11032698615144447,0.009614458705351174,0.666529025760991,True,85
0.6,16,-306.55211428571437,0.4993080357142857,0.038355079223448586,0.0021933992346845343,0.6666397233147041,True,85
1.4,16,-175.62137142857162,0.073953125,0.23315360867865784,0.2905291900510205,0.29532820639050916,True,87
1.3,16,-181.4569142857137,0.08172321428571429,0.27568091100108333,0.3898516787676607,0.28742035623735507,True,87
1.2,16,-189.84925714285677,0.09463392857142858,0.3574864738874892,0.555857311862245,0.3029895498314582,True,87
1.1,16,-200.8845714285705,0.11743582589285714,0.5972413729128074,1.0886742647698278,0.22009650511523782,True,87
1.0,16,-234.36468571427602,0.25113616071428574,2.6129597713775468,4.66188047704081,0.4090147849766188,True,87
0.9,16,-288.1492571428551,0.46693638392857145,0.8538890377927982,0.46598156710600513,0.6599640758854537,True,87
0.8,16,-300.21154285714323,0.4905619419642857,0.2784004144612772,0.04977593181999751,0.6658801979548481,True,87
0.7,16,-304.80674285714264,0.49717410714285715,0.11042602238657014,0.009444003279881485,0.6665309693023023,True,87
0.6,16,-306.49291428571445,0.4992516741071429,0.04057596811277462,0.002247119339907992,0.66663901819517,True,87
1.4,16,-175.27177142857153,0.07533761160714286,0.22385817409412817,0.31262225395180376,0.2862987273843458,True,86
1.3,16,-181.72239999999934,0.08311216517857142,0.28019804247675484,0.4101961729174845,0.26634124014879235,True,86
1.2,16,-189.8336000000001,0.09708426339285714,0.35619373809523897,0.5928705871997239,0.29861504582442056,True,86
1.1,16,-201.60022857142795,0.12321819196428571,0.5926015346601577,1.1580765705444114,0.24669883464533438,True,86
1.0,16,-235.84971428570643,0.256375,2.715921417091863,4.917167428571425,0.41623302053576194,True,86
0.9,16,-287.96857142856743,0.4687421875,0.7741702806121349,0.24691838541665828,0.6622080796647655,True,86
0.8,16,-300.1901714285701,0.49066238839285714,0.27640761352056836,0.03923825245137458,0.6660205944375118,True,86
0.7,16,-304.74811428571417,0.4971551339285714,0.10996104581455277,0.009117665360796374,0.6665355199588809,True,86
0.6,16,-306.5756571428571,0.49932589285714285,0.03556698285159933,0.002086619897963734,0.6666410181717024,True,86
1.4,16,-175.31600000000006,0.0745078125,0.21986913720842943,0.292379491390306,0.29702066441381836,True,88
1.3,16,-181.72434285714237,0.08178459821428571,0.28190551430985794,0.37277390575941916,0.3041703673253595,True,88
1.2,16,-189.94617142857078,0.09618247767857142,0.36462954078090426,0.593283383755846,0.2812938302252387,True,88
1.1,16,-201.56045714285634,0.1253510044642857,0.6421956604823613,1.2790282466807747,0.21074038986015997,True,88
1.0,16,-235.43234285713223,0.25818470982142855,2.4958901995408382,4.554153707828448,0.43241712375734886,True,88
0.9,16,-287.8916571428487,0.46701506696428574,0.7775412758882266,0.4479068451495118,0.6606190882978249,True,88
0.8,16,-300.23039999999946,0.49084375,0.2582664017854341,0.033265658482140026,0.6661110341697181,True,88
0.7,16,-304.81634285714233,0.49719921875,0.10960792909194036,0.00944545360331363,0.666531325732055,True,88
0.6,16,-306.50902857142887,0.49923046875,0.040492047052333016,0.0025365857514951058,0.6666355080071079,True,88
1.4,16,-175.43291428571428,0.07368805803571428,0.21954129935443353,0.29960770083591504,0.2850899495405588,True,89
1.3,16,-181.4662857142855,0.08192466517857143,0.2792118433764158,0.38553562346693454,0.29584876330086174,True,89
1.2,16,-189.57417142857133,0.09389564732142858,0.354013071286848,0.6021890199165603,0.23689810107435572,True,89
1.1,16,-201.1341714285706,0.12043136160714285,0.624171370551569,1.2241465699646334,0.15700252494524458,True,89
1.0,16,-237.59439999999066,0.2630753348214286,2.4602509489285467,4.807065149792727,0.44306216249862573,True,89
0.9,16,-288.25737142857065,0.4682901785714286,0.7839098321996101,0.3125353443877543,0.6612788320585501,True,89
0.8,16,-300.3130285714288,0.4910424107142857,0.2651670024713226,0.03404748246173206,0.6661006175156594,True,89
0.7,16,-304.80091428571416,0.4971763392857143,0.10946792336498296,0.009614431486864663,0.6665289373151179,True,89
0.6,16,-306.56422857142894,0.4993191964285714,0.03789682978979019,0.002131111819719441,0.666640465293605,True,89
1.4,16,-175.1605714285715,0.07484207589285714,0.2233050285037569,0.2917365906864979,0.31272465497191493,True,90
1.3,16,-181.6966857142853,0.08239341517857143,0.27365463965706976,0.39487243665374777,0.28154728796425255,True,90
1.2,16,-189.73119999999952,0.09293303571428571,0.34887046825395157,0.5784522948554424,0.2286199510086906,True,90
1.1,16,-201.27931428571344,0.12267912946428572,0.5939814624726347,1.1488402799599953,0.2507987254922408,True,90
1.0,16,-234.94514285713447,0.24754352678571429,2.3215484234694372,4.417531122130104,0.41435392233138646,True,90
0.9,16,-288.6275428571401,0.46997321428571426,0.7174381405265935,0.22843724631520168,0.6624627901587692,True,90
0.8,16,-300.1673142857152,0.49059151785714283,0.27068070025517693,0.041795121173482386,0.6659886001873694,True,90
0.7,16,-304.81257142857174,0.49717075892857143,0.11070865264486555,0.009389246993448199,0.6665317477470671,True,90
0.6,16,-306.53165714285734,0.4992957589285714,0.039917077096952705,0.0021061006590154347,0.6666407356811108,True,90
1.4,16,-175.4013714285715,0.0742109375,0.2247537316742874,0.2919570998086734,0.3020759753742912,True,91
1.3,16,-181.5660571428569,0.08121540178571429,0.2721408281306379,0.3896929304846935,0.27812538815603016,True,91
1.2,16,-189.60468571428515,0.09390904017857143,0.3488940376629933,0.5847690645594172,0.2561354242558651,True,91
1.1,16,-201.306171428571,0.11780970982142858,0.610747552664912,1.1101975428310527,0.1994822484803387,True,91
1.0,16,-235.6654857142734,0.25347154017857143,2.4653068199490917,4.6857345471141585,0.41559732605179567,True,91
0.9,16,-287.7109714285631,0.4658934151785714,0.8810473141219669,0.4433442140554197,0.6596422224972716,True,91
0.8,16,-300.3305142857137,0.49098158482142856,0.26536227168332255,0.035302642598056266,0.6660790574249922,True,91
0.7,16,-304.78274285714286,0.49717131696428574,0.11102605154132089,0.009579336620798733,0.6665292848857394,True,91
0.6,16,-306.5640000000002,0.4993069196428571,0.03735200892802166,0.002200180165831493,0.6666396366855988,True,91
1.4,16,-175.48114285714286,0.07403459821428572,0.21663474593919244,0.29039159871537873,0.3013293843655823,True,92
1.3,16,-181.85737142857096,0.08332254464285714,0.2717885670812596,0.398648290571036,0.2893134478197943,True,92
1.2,16,-189.75017142857124,0.09238113839285714,0.35991848795349474,0.5809223394318668,0.2455191782721462,True,92
1.1,16,-201.4188571428562,0.12210825892857143,0.6804227009192161,1.3388331165932283,0.1283724950393389,True,92
1.0,16,-234.95805714284714,0.25462109375,2.6289466995407906,4.738685589843744,0.41856251731624194,True,92
0.9,16,-287.8642285714245,0.46847154017857146,0.7835010491308445,0.26508645115858565,0.6619827800299362,True,92
0.8,16,-300.11017142857105,0.49067354910714284,0.27449511352042316,0.036686327228165894,0.6660572900973598,True,92
0.7,16,-304.7681142857148,0.49708370535714286,0.11431040805904077,0.010339937591114432,0.6665183451957244,True,92
0.6,16,-306.58879999999976,0.49935825892857144,0.03437115872976114,0.0018406542304324112,0.6666440039951907,True,92
1.4,16,-175.51771428571436,0.07508258928571429,0.21917309454394454,0.302593140488338,0.2892337351465506,True,93
1.3,16,-181.6982857142856,0.08255301339285714,0.2766374350923835,0.41476052142611847,0.2673272437936087,True,93
1.2,16,-189.66731428571433,0.09269810267857143,0.3544438094883399,0.5714180600951321,0.24370904098127377,True,93
1.1,16,-201.91005714285637,0.12031640625,0.5977613691600779,1.1129828495332796,0.25238299728129676,True,93
1.0,16,-234.6511999999936,0.2518091517857143,2.5770727957142014,4.6268373274872445,0.41338635156763215,True,93
0.9,16,-288.6225142857128,0.46982756696428574,0.7230575202191787,0.27212941459396234,0.6621493156169079,True,93
0.8,16,-300.10182857142956,0.49074107142857143,0.27147521675692227,0.035286146364787996,0.6660792114345196,True,93
0.7,16,-304.6843428571416,0.49703683035714286,0.11396770678878021,0.01031408299927047,0.6665194052365269,True,93
0.6,16,-306.553485714286,0.49932979910714287,0.03729894430285362,0.0019409809470616324,0.6666427799817332,True,93
1.4,16,-175.19382857142855,0.0748359375,0.22788002613494437,0.305066666135204,0.2787541946886323,True,94
1.3,16,-181.83039999999943,0.08206863839285715,0.28296521386306056,0.4182779699151293,0.2408604302271503,True,94
1.2,16,-189.22628571428552,0.09340178571428571,0.3587000106292414,0.5935632323554423,0.2442965661300106,True,94
1.1,16,-202.0561142857137,0.12271316964285714,0.6635423730393287,1.245931875869666,0.1856741926997747,True,94
1.0,16,-237.3750857142757,0.2661328125,2.799383111020461,5.069997600446431,0.44135903780777885,True,94
0.9,16,-288.1697142857097,0.4688962053571429,0.7539629487906147,0.24334585423751776,0.6622103975179456,True,94
0.8,16,-300.2574857142851,0.49094140625,0.26620750884873695,0.0344396435546912,0.6660939215283275,True,94
0.7,16,-304.8133714285711,0.49717689732142856,0.10789434725106917,0.009480858122269557,0.6665305850702512,True,94
0.6,16,-306.5256000000003,0.4992684151785714,0.038899262897018616,0.0022595502498035103,0.6666388866149626,True,94
1.4,16,-175.14251428571433,0.07456305803571428,0.2333955641139152,0.2952370120604047,0.3030431640825515,True,95
1.3,16,-181.60834285714247,0.08014564732142856,0.2609662381053314,0.36907963102188,0.2965057977787584,True,95
1.2,16,-190.1449142857136,0.09544977678571429,0.3713413469387719,0.6044803547512753,0.2456128159997375,True,95
1.1,16,-201.20011428571357,0.12077232142857143,0.6112721369118075,1.1317667428107603,0.24201284668389555,True,95
1.0,16,-235.45725714284293,0.25739564732142856,2.7264382652550694,4.859957189971304,0.4245168689723381,True,95
0.9,16,-287.9253714285679,0.46755189732142854,0.8580018008943024,0.343386957110978,0.6609868749158817,True,95
0.8,16,-300.2852571428569,0.49087053571428574,0.25193080229595205,0.033068040497434836,0.6661146259903943,True,95
0.7,16,-304.7010285714286,0.49704241071428573,0.11277468179936738,0.009721893221572893,0.6665268187069098,True,95
0.6,16,-306.5714285714289,0.4992979910714286,0.038327947845731264,0.0024478417304389195,0.6666366785542599,True,95
1.4,16,-175.03302857142864,0.07390736607142857,0.22754046436382247,0.29585440028243437,0.28973790049467874,True,96
1.3,16,-181.71428571428524,0.08151618303571428,0.28310167854124435,0.38770316614746847,0.2850926189688767,True,96
1.2,16,-190.19268571428535,0.09500669642857143,0.3588997804705427,0.6016478326955781,0.26639414877390144,True,96
1.1,16,-201.63702857142763,0.12348493303571428,0.6574294579187117,1.2273548944080468,0.21681963428959417,True,96
1.0,16,-238.52034285713148,0.27391238839285714,2.884699499540716,4.858208450175383,0.45335136183511726,True,96
0.9,16,-289.3258285714225,0.47162220982142855,0.6714121818468491,0.18009826663478476,0.6632212197383445,True,96
0.8,16,-300.12674285714235,0.49052232142857144,0.27643376267549863,0.041255554846939546,0.6659890990031536,True,96
0.7,16,-304.9563428571427,0.4974095982142857,0.09836199250323299,0.008051411716475547,0.6665508626685593,True,96
0.6,16,-306.603885714286,0.49935770089285714,0.0343743401365436,0.0019026624946860693,0.6666432253613468,True,96
1.4,16,-175.3297142857145,0.07456975446428571,0.2316980626561607,0.2951381058104046,0.30940974319842995,True,97
1.3,16,-181.49291428571425,0.08118024553571429,0.266604305971509,0.36767975955406174,0.3207736310517446,True,97
1.2,16,-189.6470857142858,0.09307198660714286,0.3431274183673752,0.5518517999973427,0.2679772270834532,True,97
1.1,16,-201.97165714285615,0.12457254464285715,0.6748026014505728,1.31218759015538,0.18253968967531375,True,97
1.0,16,-234.5057142857064,0.25153125,2.5930209885204647,4.727986803571429,0.41263994784819213,True,97
0.9,16,-286.6233142857141,0.45751171875,1.099629874275681,1.2414056901041606,0.6527119928170928,True,97
0.8,16,-300.3407999999972,0.49103683035714285,0.2624283861607068,0.035205492267218474,0.6660830738148292,True,97
0.7,16,-304.81325714285697,0.49715959821428574,0.10815749104571465,0.009535110696055378,0.6665297181826555,True,97
0.6,16,-306.61028571428557,0.49938113839285714,0.03315113378698066,0.001729262197069185,0.6666453466737341,True,97
1.4,16,-175.50948571428577,0.07559151785714285,0.22562652894626875,0.3178354136297377,0.2857112838300656,True,98
1.3,16,-181.2698285714282,0.07967633928571428,0.2754320939198367,0.36217889030612266,0.29615108011656266,True,98
1.2,16,-189.59794285714267,0.09219419642857143,0.34480207185377687,0.5336009948979592,0.2921003590513709,True,98
1.1,16,-201.4558857142848,0.12120814732142857,0.6490961746921878,1.2233040769219623,0.1872983062207737,True,98
1.0,16,-237.24537142855803,0.2659291294642857,2.4058212444387266,4.566668843670282,0.45018576746089134,True,98
0.9,16,-286.61291428570695,0.459125,0.9626663032879661,0.9303763194444454,0.6552052938584092,True,98
0.8,16,-300.13154285714245,0.4907611607142857,0.2720657046397789,0.03807107621173422,0.6660427409256338,True,98
0.7,16,-304.6589714285718,0.49700948660714284,0.11862861765922966,0.010939335709738072,0.6665114688376663,True,98
0.6,16,-306.57165714285696,0.4993270089285714,0.036035430271870915,0.002038898278075389,0.6666415777689207,True,98
1.4,16,-175.37771428571435,0.07563839285714286,0.2433056792742643,0.30090538811953355,0.3052288964325153,True,99
1.3,16,-181.88754285714234,0.08110658482142857,0.2673126960512013,0.3693358363790226,0.30601047874023357,True,99
1.2,16,-188.81588571428554,0.09166629464285714,0.3547699007582376,0.5487156704400513,0.26231529097922124,True,99
1.1,16,-201.2357714285708,0.12123549107142857,0.676142858449985,1.222924504580241,0.1503375666731871,True,99
1.0,16,-233.41702857141905,0.23928627232142857,2.622506724438921,4.9826180962213,0.3751251422437065,True,99
0.9,16,-286.9804571428528,0.45980189732142857,1.0020819324136672,1.0742171356824,0.6545894508363195,True,99
0.8,16,-300.28697142856987,0.49098214285714287,0.26230818550692087,0.03510706313774925,0.6660843326150974,True,99
0.7,16,-304.8465142857139,0.4972985491071429,0.1050038891087158,0.008546797444414065,0.6665440344460263,True,99
0.6,16,-306.5044571428573,0.4992399553571429,0.04075065249414441,0.002428379570567074,0.6666368164605649,True,99
1.4,24,-382.6489142857193,0.045317956349206344,0.22321609417373597,0.24305866122044048,0.3085542047129115,False,0
1.3,24,-396.7953142857139,0.048354910714285715,0.24761817975550723,0.30835938620159586,0.2926576877651218,False,0
1.2,24,-414.22960000000603,0.055776785714285716,0.31171973291446387,0.4418597746598637,0.28748297027521463,False,0
1.1,24,-434.5906857142878,0.06555133928571429,0.4291162339114835,0.6742197868673981,0.25417392218413637,False,0
1.0,24,-466.1974857142857,0.08786483134920635,0.6851885604535002,1.1952691170280616,0.33660362171515446,False,0
0.9,24,-522.3768571428606,0.1859300595238095,1.3981557695403486,6.520913214128252,0.3794484043956584,False,0
0.8,24,-581.8041142857181,0.34861111111111104,0.7623662735262035,5.025070064484151,0.6246230710959624,False,0
0.7,24,-606.7793714285826,0.4162056051587302,0.3022899564881247,0.5899338515852597,0.6615067661639389,False,0
0.6,24,-618.9093714285815,0.4407467757936508,0.13651792964234727,0.3677798279832878,0.6641789425540359,False,0
1.4,24,-382.7001142857129,0.04495287698412699,0.2171201307788484,0.23704925645853564,0.3142284660811936,False,1
1.3,24,-397.22199999998736,0.04901612103174603,0.2581013859538396,0.31216156220020036,0.3015989174265308,False,1
1.2,24,-413.0115428571433,0.055537202380952375,0.30327756202763323,0.42395610485166296,0.31431113270772504,False,1
1.1,24,-434.38468571430803,0.06370858134920634,0.4400600727871306,0.6431639375579782,0.26313075378820705,False,1
1.0,24,-466.352914285737,0.08794419642857143,0.6710746429932138,1.337999990043934,0.2997937840585677,False,1
0.9,24,-518.8679428571347,0.15532167658730162,1.1369433196090295,4.793666656864128,0.3094631321158019,False,1
0.8,24,-579.1852571428603,0.329937003968254,0.7428045939270252,5.670018174426019,0.6049300674743344,False,1
0.7,24,-607.3916000000111,0.4182579365079365,0.298931074910822,0.591219982183327,0.6615810339136334,False,1
0.6,24,-618.9703428571529,0.44105158730158733,0.13692653437576358,0.37048337112619123,0.6641421384083015,False,1
1.4,24,-382.6494857142859,0.0450406746031746,0.22967992515854632,0.23808843496922574,0.29900222680117716,False,2
1.3,24,-397.72914285714353,0.04916889880952381,0.2658460210119525,0.3124932136043519,0.2979473156135658,False,2
1.2,24,-413.1384571428636,0.05566666666666667,0.3193205824475747,0.41410163029100494,0.32313055227982523,False,2
1.1,24,-434.87468571428997,0.06491319444444445,0.41995982436143064,0.6235802895021647,0.3185585478315609,False,2
1.0,24,-466.0827428571447,0.08905828373015873,0.6942490663038572,1.348013184204933,0.3038783038479834,False,2
0.9,24,-518.6518857142861,0.15106448412698414,1.1227077316984226,5.079926915469885,0.2790670831880382,False,2
0.8,24,-579.5262857142858,0.32948784722222224,0.7572121944092043,6.903715099516361,0.6033138490575227,False,2
0.7,24,-607.574914285723,0.41914285714285715,0.28040763430694077,0.5078783884029952,0.6622150164855971,False,2
0.6,24,-619.0786857142961,0.44111359126984123,0.13789474475608451,0.36999486843349416,0.6641530886070566,False,2
1.4,24,-382.6974285714279,0.046172867063492065,0.21511736132801013,0.2514462979581714,0.3147177427121386,False,3
1.3,24,-396.61371428569583,0.04900322420634921,0.2554183284359705,0.30735804331828903,0.30794892482622216,False,3
1.2,24,-413.75720000001763,0.055188492063492064,0.31662058688814315,0.4236439909297052,0.30262051168404525,False,3
1.1,24,-434.00034285716447,0.06674082341269842,0.42976780778081425,0.698945037073541,0.2682118367277273,False,3
1.0,24,-465.50045714286233,0.08762648809523811,0.7022015274150262,1.3320815582482977,0.29102654531836136,False,3
0.9,24,-520.5635999999912,0.15655679563492061,1.199769157015416,5.484004741079307,0.28883566092918367,False,3
0.8,24,-579.3876571428628,0.3061842757936508,0.7685005787979863,10.77406962049141,0.5616324991085837,False,3
0.7,24,-607.7606285714388,0.42160119047619043,0.2883448479686137,0.5170542387431379,0.6623338923756366,False,3
0.6,24,-618.9336571428667,0.44102232142857145,0.1459245414300739,0.3602422994614418,0.6642087936828889,False,3
1.4,24,-382.83514285715296,0.04617906746031746,0.2243119324557865,0.25245308865808214,0.29803698291582414,False,4
1.3,24,-396.58359999998873,0.05016517857142857,0.2570666909223333,0.321665719409559,0.28306186859465454,False,4
1.2,24,-412.57782857144156,0.05519816468253969,0.3286431463215599,0.4138327463329075,0.30828020747941376,False,4
1.1,24,-434.77417142856774,0.06479563492063492,0.4452115575795428,0.645792055246341,0.2838780188572979,False,4
1.0,24,-465.42342857144536,0.08694394841269841,0.689964126417231,1.2928218054138323,0.27243891781561336,False,4
0.9,24,-518.3340571428531,0.15476339285714286,1.2415577971219092,4.820882777620308,0.309593809074306,False,4
0.8,24,-579.5749714285754,0.3291939484126984,0.7770255824474422,7.235342966092702,0.6002265353272237,False,4
0.7,24,-607.5995999999991,0.41810218253968245,0.28045359515766694,0.5262224173955842,0.6620309239514073,False,4
0.6,24,-619.2320571428655,0.4407924107142857,0.13607275571634272,0.3526347183838663,0.6642375706564208,False,4
1.4,24,-383.57691428571553,0.04635491071428571,0.22134152663244416,0.25112329909195813,0.31112944175219404,False,5
1.3,24,-396.89125714284614,0.049581349206349205,0.2718859457090395,0.3194489756671899,0.292213574000889,False,5
1.2,24,-414.07485714287446,0.05534275793650793,0.31768564932911486,0.40788501027494317,0.3263872153935441,False,5
1.1,24,-433.73948571431157,0.0660171130952381,0.43563392983170973,0.6947173340226238,0.2760107456208585,False,5
1.0,24,-465.63274285714107,0.09307242063492063,0.7237246863435556,1.4328714631519281,0.30829706180200134,False,5
0.9,24,-518.1663428571344,0.14569791666666668,1.1967777993265654,4.729093202160493,0.24503956316743003,False,5
0.8,24,-581.2474285714333,0.34905654761904764,0.7149011399870155,4.235068079648515,0.6261846683665105,False,5
0.7,24,-607.1882857142941,0.4167110615079365,0.2868573855223423,0.7314676951226801,0.6607290012238018,False,5
0.6,24,-619.0220571428671,0.4413355654761904,0.14088632218503067,0.35903951571955695,0.6642145974546487,False,5
1.4,24,-383.03211428571444,0.04552703373015873,0.2144118658776184,0.2572454490352689,0.27826552839728025,False,6
1.3,24,-396.8326857142814,0.04971974206349206,0.2582917079794472,0.31169062609017967,0.3205362598121232,False,6
1.2,24,-413.8354285714215,0.05386607142857143,0.32715335884355917,0.3976428056500376,0.3077102071626402,False,6
1.1,24,-433.9408000000054,0.06428670634920636,0.43066983707200684,0.6498530065965774,0.2634860245143489,False,6
1.0,24,-466.5910285714101,0.0946937003968254,0.6899710507425172,1.3831837080144553,0.3390973099702843,False,6
0.9,24,-518.2876000000049,0.152297123015873,1.239893311434451,4.804426656431096,0.277391005998777,False,6
0.8,24,-580.9802857142861,0.3348975694444445,0.7228064853934923,7.175408107948877,0.6050972563033028,False,6
0.7,24,-607.7402857142919,0.41924702380952383,0.2730526398142941,0.511228983641056,0.6622473782601149,False,6
0.6,24,-619.1448000000116,0.44141344246031744,0.1367390533516053,0.3335908068192772,0.664373507776173,False,6
1.4,24,-383.17754285716023,0.04572767857142857,0.22018061499551647,0.24756251326125703,0.31071386798660383,False,7
1.3,24,-396.2269714285754,0.04868427579365079,0.25612910147731555,0.30047133849533403,0.3045710151005361,False,7
1.2,24,-413.7459428571532,0.05508878968253968,0.3266659544438589,0.440363345497922,0.2681059037374318,False,7
1.1,24,-434.56319999998954,0.06442113095238095,0.43255007057589506,0.6682504729694917,0.2553594732833818,False,7
1.0,24,-465.18394285713475,0.08821676587301587,0.671939909518086,1.2703905860260778,0.3048250260954044,False,7
0.9,24,-518.5459428571313,0.15995039682539683,1.1396085711766752,4.965193751574701,0.3379224821176309,False,7
0.8,24,-576.5397142857189,0.2575657242063492,0.7493154139649187,13.163192760372377,0.4670349427578099,False,7
0.7,24,-607.2722857142887,0.41652901785714286,0.2724260120206935,0.5963651489613981,0.6615148513633404,False,7
0.6,24,-618.7433714285846,0.4411498015873016,0.1443598658201109,0.34084604969764953,0.664330112244802,False,7
1.4,24,-383.0217714285793,0.04621180555555556,0.22432756848712684,0.2506183623866209,0.30748040702201496,False,9
1.3,24,-396.8895428571435,0.04892311507936508,0.25855288381368075,0.3116609278519099,0.30184980308426335,False,9
1.2,24,-412.2390285714095,0.05443725198412699,0.31230652994692865,0.41323341597576513,0.3000695947836267,False,9
1.1,24,-434.89045714286794,0.06503025793650793,0.440937065979874,0.6429814469954653,0.29748457685047114,False,9
1.0,24,-464.6857714285608,0.08458556547619048,0.6446722278854193,1.152661514987245,0.31597231163088824,False,9
0.9,24,-519.8576571428578,0.1676001984126984,1.2067286184527326,5.057576621315194,0.3755445774993811,False,9
0.8,24,-577.7522857142889,0.2846917162698413,0.7854922120804037,12.024530889978372,0.5265177228332727,False,9
0.7,24,-607.0403428571503,0.41387400793650797,0.3108771294832125,0.7987469833171192,0.6601070770377211,False,9
0.6,24,-618.95662857144,0.4405111607142857,0.14090847693026903,0.3849269604473715,0.6640308398616126,False,9
1.4,24,-383.0808571428841,0.045549603174603166,0.23188860479139609,0.23998728701004243,0.3149851660808358,False,8
1.3,24,-397.0539999999866,0.04894568452380953,0.27168405243264654,0.31742388362877183,0.2840484704632912,False,8
1.2,24,-412.79828571430625,0.05422023809523809,0.3174789977797333,0.4090093698034772,0.29750346632129465,False,8
1.1,24,-435.4643428571336,0.06627728174603174,0.43490531532393745,0.6471518469130073,0.32289633584058675,False,8
1.0,24,-466.74257142857766,0.09096676587301587,0.6967827266156645,1.4602821257086185,0.29423841163740805,False,8
0.9,24,-516.8247428571349,0.16034796626984127,1.1005108865303157,4.532060085624526,0.36294051327418586,False,8
0.8,24,-580.7611428571481,0.3466984126984127,0.8382518565757852,4.763478664257379,0.6210921888662626,False,8
0.7,24,-607.4690285714337,0.41745138888888894,0.27938480188802106,0.5514519104307806,0.6618226871281641,False,8
0.6,24,-618.9828000000105,0.4404124503968254,0.14198468441402018,0.42039404708758,0.6638322135211915,False,8
1.4,24,-382.9987428571289,0.04546502976190476,0.22338690336205747,0.2416719755982751,0.316337527107753,False,10
1.3,24,-397.0838857142814,0.04930753968253968,0.26007974404593803,0.31033836821908245,0.30447314233469036,False,10
1.2,24,-413.7276571428822,0.054769841269841274,0.3230247198759156,0.42110620323129266,0.298431718700808,False,10
1.1,24,-434.2364000000116,0.06655877976190477,0.42521336852293423,0.646303654368944,0.3205061365037888,False,10
1.0,24,-466.7892571428775,0.09418824404761904,0.6786236885261334,1.4910419044430272,0.3005366846669211,False,10
0.9,24,-516.6573142857155,0.15300892857142856,1.1576907840695958,4.85542050012598,0.30531677490550835,False,10
0.8,24,-581.4893142857163,0.33107564484126983,0.7278028896597749,8.161729042260149,0.6007915089924811,False,10
0.7,24,-607.8602857142927,0.41959499007936507,0.27121744383139174,0.4979641313876648,0.662311615949163,False,10
0.6,24,-618.9553142857249,0.4407671130952381,0.14839006166514285,0.38042050920021886,0.6640659868708767,False,10
1.4,24,-382.92839999997284,0.04671527777777778,0.23429741077503455,0.2538571343537414,0.30876614304211514,False,11
1.3,24,-396.71040000000755,0.048851686507936504,0.2587356243073003,0.30633119385574764,0.3097868903042983,False,11
1.2,24,-412.85634285713945,0.05482986111111111,0.3087380157312383,0.4203573354828047,0.29567735359199865,False,11
1.1,24,-433.8463428571506,0.06407738095238094,0.4015274839255617,0.6176162260358696,0.2937660634466156,False,11
1.0,24,-465.1530857142986,0.08502256944444445,0.6546914566835969,1.155389855406745,0.30932458628883197,False,11
0.9,24,-519.6366857142865,0.16175372023809523,1.1697682304246606,5.2115289792375314,0.32433219335560926,False,11
0.8,24,-576.7109142857189,0.26734151785714283,0.8077329977944535,13.103913724091209,0.49336582433251774,False,11
0.7,24,-607.4353714285796,0.4184382440476191,0.26919316996370124,0.5199589281158471,0.662119270707705,False,11
0.6,24,-619.1305714285786,0.44200545634920635,0.13864529439110307,0.3498572399376165,0.6642830071094097,False,11
1.4,24,-382.5630857143085,0.04562772817460318,0.21869890637002998,0.2524135527767652,0.29088901721890537,False,12
1.3,24,-396.79251428572235,0.04958829365079365,0.24976290383275798,0.31485087432408876,0.301317410933033,False,12
1.2,24,-413.4801714285507,0.05427703373015873,0.30832448188693246,0.40521468062051236,0.31005107763008843,False,12
1.1,24,-435.2079428571633,0.06619246031746032,0.4419872832171262,0.678826964028035,0.29426704039705487,False,12
1.0,24,-466.0287428571378,0.08824156746031746,0.6776036053911412,1.410266578089569,0.25558751425016546,False,12
0.9,24,-521.9350285714248,0.15563045634920633,1.1773123808894705,5.238213891880832,0.29793108767506526,False,12
0.8,24,-583.3040000000035,0.3491875,0.5738967509920989,5.554960327380951,0.6238129852065919,False,12
0.7,24,-607.1649714285805,0.41723536706349207,0.29811834456701214,0.5570336871861669,0.6617732247920307,False,12
0.6,24,-618.9552571428679,0.440859623015873,0.14225114813244646,0.3674084634826702,0.6641869573151965,False,12
1.4,24,-382.87205714283783,0.045896577380952375,0.22812382247846788,0.24694049580397662,0.3078293618856004,False,13
1.3,24,-396.37914285713913,0.04933878968253968,0.2599185678561676,0.32306933662567583,0.28431802645159154,False,13
1.2,24,-414.205542857132,0.05568725198412699,0.32825238800308365,0.41207852179587107,0.32331942817151993,False,13
1.1,24,-435.72817142857764,0.06407986111111111,0.4369380256694483,0.6305035398629153,0.28721422285309106,False,13
1.0,24,-466.94668571429634,0.09562351190476191,0.6992657795407367,1.5576453757086157,0.29868468142543114,False,13
0.9,24,-518.5507999999941,0.15347073412698414,1.1794889328335,5.064401674067776,0.3201998179779669,False,13
0.8,24,-582.5402285714292,0.3641706349206349,0.6846253532809023,2.8094538825113724,0.6421635803548087,False,13
0.7,24,-607.5289142857213,0.4189414682539683,0.2882415713821355,0.6140051230968524,0.6616264258155504,False,13
0.6,24,-618.9748000000124,0.441609623015873,0.13612855125667225,0.32670074522870074,0.6644350097819929,False,13
1.4,24,-382.75474285714705,0.04481200396825397,0.22784799949090848,0.23017393697359867,0.32615613560943835,False,14
1.3,24,-396.491542857151,0.04923834325396826,0.25720046423547077,0.3010499291110673,0.321413897135325,False,14
1.2,24,-413.35771428570877,0.0543687996031746,0.3192824011086085,0.4068196326707765,0.3058295669794211,False,14
1.1,24,-434.54194285716596,0.06489310515873016,0.4306372338598806,0.6376529903306015,0.31038763818700665,False,14
1.0,24,-465.74428571427745,0.08927926587301586,0.6741827062075268,1.4564197606292528,0.2759963886422159,False,14
0.9,24,-519.3461714285726,0.16896106150793652,1.1587310030232532,5.295024565342339,0.36056206041801353,False,14
0.8,24,-583.8229142857176,0.37452157738095243,0.6051648703141329,1.1040629410696345,0.6539146599326775,False,14
0.7,24,-607.6095428571499,0.41963392857142856,0.2740702150842889,0.49173179381277776,0.6623567845720171,False,14
0.6,24,-618.9255428571548,0.44047718253968254,0.13905747970185964,0.3545365636810338,0.6642162629010047,False,14
1.4,24,-382.93240000001,0.04558556547619047,0.22236556675169375,0.243252130886581,0.3187109267136221,False,15
1.3,24,-396.6452571428598,0.0493187003968254,0.2572173004333167,0.31473218076814047,0.296719751537292,False,15
1.2,24,-413.1336000000101,0.054633184523809525,0.3352722417328082,0.4040590171190004,0.3180868998125116,False,15
1.1,24,-434.6313142856995,0.06525024801587301,0.44382353074339875,0.6298508387123791,0.31080099019802343,False,15
1.0,24,-465.2720571428842,0.08785367063492062,0.6944641999943997,1.2683240831916116,0.31255367553855806,False,15
0.9,24,-517.9454285714179,0.15563665674603175,1.1203428723650328,4.948664386141028,0.31510210331479915,False,15
0.8,24,-582.169257142859,0.3565508432539682,0.6390521236891937,4.211454490460276,0.6357049381438671,False,15
0.7,24,-607.5495428571514,0.4180300099206349,0.29930009846533984,0.5927452821813591,0.6615318850988039,False,15
0.6,24,-618.9451428571505,0.4398501984126984,0.14734726001470225,0.4160905272108817,0.6638425353397333,False,15
1.4,24,-382.5367428571314,0.045570436507936504,0.2138659486527331,0.23929554381276333,0.3127843807126698,False,16
1.3,24,-396.1839428571406,0.04917336309523809,0.25899621301441866,0.31870627591902145,0.27860881726897135,False,16
1.2,24,-413.2321714285833,0.055074156746031756,0.3155924746117917,0.4333624314708517,0.27532798908549794,False,16
1.1,24,-435.89199999998567,0.06926909722222221,0.4410453135249009,0.7224191903409095,0.30662660622791216,False,16
1.0,24,-465.09508571429416,0.08599553571428571,0.6428855731518929,1.3226185956632652,0.2670508174828009,False,16
0.9,24,-520.800857142855,0.16537450396825398,1.281969869089729,5.766128271447462,0.3216966513767229,False,16
0.8,24,-582.8066857143004,0.3546168154761905,0.6723495191238269,5.580804934408652,0.628183350810078,False,16
0.7,24,-607.6073142857232,0.4173241567460318,0.2743642419362689,0.5507189017958249,0.6618372443070486,False,16
0.6,24,-618.9793714285842,0.44017187499999993,0.1408026215504373,0.3767325367891061,0.6640877049016782,False,16
1.4,24,-383.0168000000171,0.04611160714285714,0.21997403733400284,0.24896729014820201,0.3048591072511988,False,17
1.3,24,-396.3941142857152,0.04913244047619048,0.2575430986293964,0.31024015556863727,0.2948038446404082,False,17
1.2,24,-413.257885714294,0.05442857142857143,0.33267929906375887,0.40924774612622833,0.30424757009222125,False,17
1.1,24,-435.83125714287667,0.06796031746031746,0.4387229849092808,0.6787812353123073,0.3206503011627545,False,17
1.0,24,-466.1409142857231,0.0904923115079365,0.6866343358504613,1.3134623290462015,0.32327272237422977,False,17
0.9,24,-518.4471999999936,0.16661185515873014,1.2536862890456413,5.2755522549366995,0.34025100111767037,False,17
0.8,24,-577.0666857142941,0.28221775793650794,0.8506605558301946,12.274752267396549,0.5257463740992887,False,17
0.7,24,-607.4033142857272,0.41745262896825397,0.2755545448195756,0.6178175837686289,0.6613873718239911,False,17
0.6,24,-619.1901142857245,0.44215674603174604,0.13710369537392705,0.3285852362055941,0.6644185690780781,False,17
1.4,24,-383.11777142854675,0.045453621031746036,0.22264652540317087,0.24116513400449444,0.316638576465474,False,18
1.3,24,-397.08879999999954,0.04996899801587302,0.249607800601047,0.3092164163341618,0.32019127521942947,False,18
1.2,24,-413.4913714285696,0.05494593253968254,0.31763808263656024,0.4325902965561223,0.28340678945804454,False,18
1.1,24,-434.24845714283595,0.06561210317460317,0.42297177196827546,0.6854853927025361,0.2719211619172016,False,18
1.0,24,-466.7293714285889,0.09327182539682541,0.6984677681633306,1.5793181978458048,0.2589893522655007,False,18
0.9,24,-517.3899428571383,0.1632363591269841,1.1809450115059141,4.699626025092913,0.37657451933019903,False,18
0.8,24,-579.7032000000008,0.3078003472222222,0.7465788722718177,11.178451778583831,0.5662931416501008,False,18
0.7,24,-606.1047428571524,0.37052033730158734,0.34657134887034907,11.726365107507258,0.6106206534288714,False,18
0.6,24,-619.0394857142945,0.4410205853174603,0.13766311600911763,0.3589068980890797,0.6642120875395727,False,18
1.4,24,-382.60285714286186,0.045675099206349205,0.2236247498149066,0.24590742822724324,0.30248776921065645,False,19
1.3,24,-397.18839999999767,0.049438492063492066,0.2709460203108336,0.31510495988138826,0.28943939547957276,False,19
1.2,24,-413.5672571428715,0.054880704365079365,0.31983278482850835,0.4179925819338151,0.3028480797732638,False,19
1.1,24,-433.9453142857244,0.06542857142857143,0.4223452762832382,0.6516507915893629,0.29878577878117385,False,19
1.0,24,-465.6778857142803,0.08862723214285714,0.7053268096995251,1.4402420626062917,0.26604452734271167,False,19
0.9,24,-518.9672000000041,0.1506359126984127,1.13615201508928,4.655575298563869,0.29872158367940016,False,19
0.8,24,-578.0022857142869,0.3078003472222222,0.7604576991214329,9.197922884734623,0.5732589071849978,False,19
0.7,24,-607.3762857142945,0.4188387896825396,0.27274128574875145,0.5181485582685801,0.6621891487244713,False,19
0.6,24,-619.2298857142952,0.44189484126984124,0.13772243435057507,0.35150921201815954,0.6642698848316568,False,19
1.4,24,-383.7011428571268,0.04649727182539683,0.22756965587255404,0.250249723411686,0.3137256547263011,False,20
1.3,24,-396.8032571428437,0.04928993055555556,0.2536942456996684,0.2928210533043342,0.3366161551027713,False,20
1.2,24,-412.95131428571113,0.05474181547619048,0.3299829227135428,0.41359481407667203,0.3113520089916936,False,20
1.1,24,-435.10611428571997,0.06508854166666667,0.4475241166349182,0.6647825200667388,0.28212615528669593,False,20
1.0,24,-466.29428571428997,0.0885518353174603,0.7076867091834882,1.5310001884566342,0.20957294653066283,False,20
0.9,24,-520.7453142857164,0.17688343253968256,1.3239404352553632,5.7240788125157405,0.3826705352127413,False,20
0.8,24,-579.4980571428628,0.29617261904761905,0.7870475778061188,12.433781080640582,0.5431917425260955,False,20
0.7,24,-607.3977714285741,0.41743402777777777,0.2764724475794016,0.5686006420068043,0.6617355353260603,False,20
0.6,24,-618.8152000000084,0.44067633928571426,0.13962013800765918,0.34701375608230833,0.6642935165385264,False,20
1.4,24,-383.34645714284625,0.04535267857142857,0.22470955976389012,0.23788829557418195,0.30597688811028534,False,21
1.3,24,-396.273428571451,0.04833134920634921,0.2592496973493367,0.29855544697366104,0.3148837129675178,False,21
1.2,24,-413.5356000000192,0.05525768849206349,0.31398901986876726,0.42399449047500914,0.2963037260358672,False,21
1.1,24,-435.2201142857374,0.06434325396825397,0.4292060310714165,0.6775715501958356,0.25423272353181803,False,21
1.0,24,-465.71531428571984,0.08763219246031745,0.6683629460091348,1.258365579329649,0.32009309011352893,False,21
0.9,24,-517.0162857142901,0.1456205357142857,1.1104390748790975,3.964759929925674,0.3250889462458384,False,21
0.8,24,-584.2169142857216,0.3736319444444444,0.5815893776931108,1.1113105753968444,0.6532611679042504,False,21
0.7,24,-607.5781714285798,0.4190386904761904,0.28402860007438097,0.4959604745708138,0.6623274765428725,False,21
0.6,24,-618.9964571428701,0.44110342261904756,0.14196400472321982,0.34638765819871686,0.6642836825485339,False,21
1.4,24,-383.28959999999574,0.04540079365079365,0.22188270910274946,0.24261704486556546,0.3038689929423708,False,22
1.3,24,-396.88908571427277,0.048257688492063494,0.26264942679694836,0.2969442366289463,0.2946845586250484,False,22
1.2,24,-413.4967999999836,0.054622271825396834,0.316742285383568,0.42180268657289277,0.29460727903964645,False,22
1.1,24,-435.33308571428984,0.066984375,0.4411100652114903,0.6739560283639967,0.3111063446711202,False,22
1.0,24,-466.1770857142802,0.0863311011904762,0.7378156757313263,1.2549717768920066,0.27691761993556174,False,22
0.9,24,-521.3405142857101,0.1642284226190476,1.1836244948279393,5.689964743913773,0.3126347783895168,False,22
0.8,24,-583.6151428571467,0.3718474702380953,0.5552272425507313,1.298188132396172,0.6516910597299881,False,22
0.7,24,-607.4575428571516,0.418796875,0.2689791979152158,0.46737326282596114,0.6625433192383599,False,22
0.6,24,-619.2630285714386,0.4425381944444445,0.1391595236670167,0.31162812996029743,0.6645371985273814,False,22
1.4,24,-382.835657142858,0.04552480158730159,0.2259508093387264,0.2368661641561383,0.3143996248427635,False,23
1.3,24,-396.83205714285066,0.04926041666666666,0.24823565417152252,0.3102023939255191,0.30072724670253004,False,23
1.2,24,-413.85365714287065,0.05536681547619048,0.3118245160895531,0.4234801315369891,0.30382066131486185,False,23
1.1,24,-434.5458857142694,0.06550496031746032,0.424272264345621,0.683875120593692,0.28710771828693094,False,23
1.0,24,-466.20434285714344,0.09057217261904763,0.6854698085260983,1.427235545316042,0.2757926997378526,False,23
0.9,24,-518.7916571428636,0.15814732142857144,1.0899100996892412,4.494089958900227,0.3615506162074674,False,23
0.8,24,-574.182457142861,0.226859375,0.8080490163600805,13.56352347253224,0.3897599747888695,False,23
0.7,24,-607.252628571434,0.41730505952380953,0.2714868661089745,0.5351946936750781,0.6619696170162015,False,23
0.6,24,-619.0509714285804,0.44215674603174604,0.1371539168559015,0.326134012660626,0.6644482545707515,False,23
1.4,24,-383.21434285715895,0.04565104166666666,0.23284750566602247,0.2388513011975625,0.3153417639449356,False,24
1.3,24,-397.1580571428352,0.050023313492063494,0.2554466759382572,0.31472839165794486,0.29607929761532725,False,24
1.2,24,-413.35245714285224,0.0550265376984127,0.32361747990677614,0.45476294734386774,0.251883445464436,False,24
1.1,24,-434.8571428571494,0.06425272817460317,0.40961127977361034,0.6165752071415691,0.31040296892203223,False,24
1.0,24,-466.5226285714232,0.09251934523809523,0.7137606387981982,1.497751649518141,0.27166222736105117,False,24
0.9,24,-520.2459999999962,0.16955109126984128,1.0945917805701704,4.311729934334842,0.4102673956298657,False,24
0.8,24,-581.4050857142915,0.34627976190476184,0.7220704903537641,5.277617541808418,0.6201872539312482,False,24
0.7,24,-607.5745714285781,0.41843353174603176,0.26364048515712646,0.5407772829608045,0.6619259221537519,False,24
0.6,24,-618.9092000000105,0.44064558531746023,0.13714388194414454,0.3632288425335961,0.6641775146806297,False,24
1.4,24,-383.61799999999306,0.04632440476190477,0.22686716117997963,0.24873404599935195,0.3103838848070075,False,25
1.3,24,-396.51622857143167,0.05009920634920635,0.26178357701021976,0.3140146411128556,0.3142852075547221,False,25
1.2,24,-413.5418857143039,0.05571899801587301,0.34548135043067246,0.42070745698105655,0.3129812000096255,False,25
1.1,24,-434.08165714285707,0.06568799603174603,0.43644632296528757,0.6760097365233969,0.29827990375294233,False,25
1.0,24,-464.89571428571986,0.08921577380952382,0.6744984998582468,1.405822579223354,0.2547506223482531,False,25
0.9,24,-519.8835428571363,0.17849801587301586,1.1913420855800574,4.95006009007307,0.4066900295614615,False,25
0.8,24,-582.3902285714337,0.3501783234126984,0.6756556809717846,5.342432523694375,0.6246567789876083,False,25
0.7,24,-607.8943428571496,0.4202152777777778,0.27154297051018156,0.47751362244896817,0.6624775333577344,False,25
0.6,24,-618.9417714285826,0.4413003472222222,0.1378269028559715,0.33368342964615216,0.6643727253013663,False,25
1.4,24,-383.2390857143153,0.04667956349206349,0.21963385089546453,0.2568543249919017,0.30806907946546935,False,27
1.3,24,-397.2702285713995,0.050388144841269834,0.259921133246765,0.31918404890000907,0.31497261385516473,False,27
1.2,24,-413.3899999999844,0.05530431547619048,0.308780853863573,0.42330820197349717,0.2946341021337261,False,27
1.1,24,-434.3514285714303,0.0639813988095238,0.4228938995707885,0.6146889259624305,0.3067690018433463,False,27
1.0,24,-465.10005714287024,0.08716815476190475,0.716070476184743,1.306661371740364,0.2896657797598605,False,27
0.9,24,-522.6402857142785,0.15229513888888888,1.1378301487569098,5.380906914682542,0.27141597478184276,False,27
0.8,24,-581.4540000000073,0.34207713293650793,0.7085580620658521,5.832486889482369,0.6167056902285001,False,27
0.7,24,-607.4615428571552,0.41845362103174594,0.2792373093500183,0.562034083201797,0.6618170954345186,False,27
0.6,24,-619.1228571428735,0.44153943452380956,0.1342620858532641,0.331979085825278,0.6643904841630748,False,27
1.4,24,-382.7740571428459,0.0456500496031746,0.22113242134066116,0.24769950799218526,0.29934998140622127,False,26
1.3,24,-396.6839999999804,0.049460565476190474,0.27013100638681387,0.30410622642486485,0.314203679424656,False,26
1.2,24,-413.64657142857425,0.05452058531746031,0.31070574599625533,0.4249258630657128,0.289032391566832,False,26
1.1,24,-434.2506857142812,0.06563368055555556,0.4166771482497181,0.6596547675414857,0.3044311134591965,False,26
1.0,24,-465.7921714285689,0.09030481150793651,0.6758671951870888,1.2878941723001693,0.3312420925351547,False,26
0.9,24,-516.214685714289,0.15455654761904764,1.1294097866171815,4.625796344167295,0.3193425870118237,False,26
0.8,24,-580.5208571428624,0.33179141865079365,0.8007533462209909,6.512581664142218,0.603114045693574,False,26
0.7,24,-607.2342857142967,0.41737053571428573,0.28808831968156173,0.560672262512164,0.6617451292609646,False,26
0.6,24,-618.9002857142968,0.4401200396825397,0.14086210278099226,0.3731859353741296,0.664100398851085,False,26
1.4,24,-383.47428571430964,0.04536681547619048,0.2179173666064507,0.23942679075052622,0.30935709270895817,False,28
1.3,24,-397.2178285714016,0.049893849206349206,0.25104344166697373,0.3232132613814756,0.29306023683257454,False,28
1.2,24,-413.1884571428604,0.05471527777777778,0.30266540373832185,0.40596523809523827,0.3155481148814786,False,28
1.1,24,-435.04365714285336,0.06601016865079365,0.4452657947939818,0.6627465854656259,0.31289293719656497,False,28
1.0,24,-466.11508571429897,0.09091195436507937,0.708783592993162,1.640741806653911,0.20225561102178946,False,28
0.9,24,-522.3014857142897,0.19110515873015874,1.3363003822961006,6.372629232174347,0.41479489443586737,False,28
0.8,24,-584.0139428571466,0.3757800099206349,0.6402664617348186,1.1673530494880158,0.653334948086044,False,28
0.7,24,-607.4175428571499,0.4184667658730159,0.2884454596578652,0.5135914437560426,0.6621864955974576,False,28
0.6,24,-618.957485714301,0.44133407738095237,0.1405272181915998,0.3192083757913,0.6644603710460988,False,28
1.4,24,-383.36977142858166,0.0465672123015873,0.22782393955934446,0.25568682476413185,0.30625337604591196,False,30
1.3,24,-396.5368000000129,0.05001785714285714,0.2596473009298261,0.32078259680795407,0.2977915726408722,False,30
1.2,24,-414.49725714286905,0.056000248015873014,0.3123609504755532,0.4485383051953418,0.28584688681622394,False,30
1.1,24,-433.4871999999889,0.06465500992063493,0.402656019021452,0.6137922683145216,0.3237702618199917,False,30
1.0,24,-466.36308571427253,0.08790451388888888,0.6897382691836861,1.3864950835813499,0.2542881283065829,False,30
0.9,24,-518.0848571428587,0.15843948412698414,1.230417008027671,4.870325350214162,0.31838075252663667,False,30
0.8,24,-580.7299428571444,0.35130778769841264,0.6739368349989324,4.091570971115041,0.6309567825793504,False,30
0.7,24,-607.3900000000102,0.4176666666666667,0.28840586532243506,0.6414581802721082,0.6612968249188949,False,30
0.6,24,-618.8161142857256,0.440672619047619,0.13820950611020244,0.3367623733938174,0.6643591081212056,False,30
1.4,24,-382.7163428571533,0.04473660714285714,0.22558357253921732,0.23752305828879194,0.30267038539343283,False,29
1.3,24,-396.64582857141255,0.05011483134920635,0.2578458747467146,0.31705654301303854,0.31028788172149224,False,29
1.2,24,-413.6040000000177,0.0556609623015873,0.3291794890872673,0.4245806870925458,0.31818788577448387,False,29
1.1,24,-434.165085714299,0.06590079365079365,0.420871725974912,0.7200270902906614,0.22910374280799883,False,29
1.0,24,-466.18811428569416,0.08945758928571429,0.7045699928344725,1.3702918349985822,0.295087077277868,False,29
0.9,24,-521.0623999999864,0.17573263888888888,1.13921554223007,5.0424043794091755,0.3908565562964973,False,29
0.8,24,-579.2764571428553,0.3166068948412698,0.7360156405541018,9.16069119007761,0.5833642682471506,False,29
0.7,24,-606.7926285714348,0.41589533730158734,0.306765518523007,0.7352346483236134,0.6605946331682147,False,29
0.6,24,-619.1207428571521,0.4416850198412698,0.14185716224099812,0.36167411446525577,0.6642130848623787,False,29
1.4,24,-383.1672571428411,0.04538045634920635,0.22840111953064793,0.23763968162860388,0.31869902785214455,False,31
1.3,24,-396.05731428570965,0.0486108630952381,0.25699838650392515,0.3045579593744545,0.29651306495527685,False,31
1.2,24,-413.11954285713347,0.05419642857142857,0.3046862541571761,0.4103906131897205,0.30021310530601597,False,31
1.1,24,-433.93628571429036,0.06519246031746032,0.42255665080771215,0.6332020866831587,0.3226844796897623,False,31
1.0,24,-465.6838857142921,0.08665426587301588,0.6970157991836964,1.2631415780895696,0.28252949111975745,False,31
0.9,24,-518.1483999999897,0.15291840277777777,1.1630489669313233,4.860016830081573,0.3054263768347417,False,31
0.8,24,-583.685485714282,0.3739404761904762,0.587033499716622,1.091614849773228,0.6534922520290822,False,31
0.7,24,-606.9777142857216,0.4147857142857143,0.29649581077337606,0.6039339844509101,0.6613247541224108,False,31
0.6,24,-618.929885714293,0.44055208333333334,0.14012620419163324,0.3458259143518383,0.6642833878419281,False,31
1.4,24,-383.0141142857067,0.046198164682539684,0.22560558965880484,0.2517866142037172,0.3096978177291524,False,32
1.3,24,-396.6311428571574,0.04984176587301588,0.25286060786742287,0.3149203775292165,0.31527305715091314,False,32
1.2,24,-412.520400000019,0.05601289682539683,0.3155898587136565,0.42884512188208607,0.31555752128521786,False,32
1.1,24,-435.3016000000015,0.06574503968253967,0.45890811976909573,0.6451984431045159,0.31595033763786673,False,32
1.0,24,-465.60920000000766,0.09381448412698414,0.696276638769834,1.4277203231292512,0.31545546167346394,False,32
0.9,24,-517.3067999999936,0.14572073412698414,1.0649601203704337,4.891355973009574,0.27870526885095204,False,32
0.8,24,-582.5263428571454,0.34371478174603176,0.6637928224119742,6.737908953195851,0.6165410431454008,False,32
0.7,24,-607.7165714285795,0.4186393849206349,0.26357414040447324,0.490162975988032,0.6623417893616803,False,32
0.6,24,-618.9054285714365,0.44007142857142856,0.14511581908175653,0.3856438123582695,0.664022775434694,False,32
1.4,24,-383.39771428571163,0.045494047619047615,0.22705984312089186,0.242950866942015,0.3109099994661879,False,33
1.3,24,-396.96154285714215,0.04962822420634921,0.2555150581350557,0.3189824480801937,0.288750657405323,False,33
1.2,24,-413.75177142858706,0.0559578373015873,0.338302751259719,0.4262789681358658,0.3144979818640673,False,33
1.1,24,-434.67799999999926,0.06694370039682539,0.4334395193821375,0.6470772814561437,0.3278740228820255,False,33
1.0,24,-464.90234285714035,0.08784548611111112,0.6539720936450775,1.2042597700892848,0.3505356755639383,False,33
0.9,24,-519.7672571428558,0.1560218253968254,1.1984837887446598,5.027717450869236,0.29161464728991304,False,33
0.8,24,-581.2172571428606,0.33825347222222224,0.7696607744823797,7.060244019097217,0.6090539257870596,False,33
0.7,24,-607.6213142857213,0.4187762896825397,0.2818776420819071,0.5368622430757674,0.6619656189220238,False,33
0.6,24,-619.0122285714416,0.4405379464285714,0.14025589260446947,0.3751095402848481,0.664097015178706,False,33
1.4,24,-382.5382857142784,0.04585565476190476,0.22343888426117733,0.24709482051749293,0.30094482136458733,False,34
1.3,24,-396.7865142857003,0.04953000992063492,0.25727528983347037,0.3012526702588084,0.3148264002285578,False,34
1.2,24,-413.9081714285607,0.05521081349206349,0.3262613006699911,0.42629753342309146,0.2879622178316532,False,34
1.1,24,-434.5214857142976,0.06548387896825397,0.41484882275444307,0.6302532351254893,0.30717555034295374,False,34
1.0,24,-466.6868000000069,0.09008407738095238,0.6809074752777128,1.3478000651573132,0.31393133736299994,False,34
0.9,24,-520.2343999999949,0.16983382936507938,1.1652972872819232,5.129231115362806,0.3690220628130504,False,34
0.8,24,-577.9405142857231,0.3191049107142857,0.8407312864851707,7.858364726783945,0.5852304863191539,False,34
0.7,24,-607.4939428571532,0.4188211805555555,0.30459749715395895,0.5128820978600095,0.6621533799294035,False,34
0.6,24,-619.0113714285799,0.4406550099206349,0.13888407657748444,0.37033288212162674,0.6641295058425178,False,34
1.4,24,-383.2497714285588,0.045322916666666664,0.22393862614825744,0.24521424107142886,0.3059052601059855,False,35
1.3,24,-396.6245142857141,0.049150793650793646,0.25038357538338973,0.3121412497819643,0.3007177581726318,False,35
1.2,24,-413.16531428573984,0.056150049603174594,0.3242821418769067,0.4356729908056978,0.3040197067426821,False,35
1.1,24,-434.65348571428456,0.06466344246031747,0.45162550319528844,0.5942976406604304,0.3367064109845964,False,35
1.0,24,-465.37508571428634,0.08835218253968255,0.675356938231289,1.3061187040816313,0.29590176200873375,False,35
0.9,24,-521.970800000009,0.17238789682539682,1.187713682980415,5.454862503779292,0.3693666699480017,False,35
0.8,24,-583.2290857142888,0.3644188988095238,0.6160533226949697,2.4737023203213937,0.6432781789296615,False,35
0.7,24,-607.8294285714406,0.4189799107142857,0.26176385736293095,0.505659523353995,0.6622329662741135,False,35
0.6,24,-619.0040571428656,0.44091245039682536,0.14084052908440944,0.36993911322517725,0.6641424476756899,False,35
1.4,24,-383.31177142857734,0.04617361111111111,0.2176705020592986,0.2525916751700681,0.29567922735241603,False,36
1.3,24,-396.988285714283,0.04931919642857143,0.26269540707311234,0.3121719642584597,0.30615840533229643,False,36
1.2,24,-413.957600000007,0.05545808531746032,0.30959588150356465,0.4337663144546009,0.28410810815745813,False,36
1.1,24,-433.69588571427096,0.06473288690476191,0.4155658454489511,0.6533901190154089,0.286127982955349,False,36
1.0,24,-466.1204000000073,0.08940649801587301,0.6805393965476267,1.4506443392502841,0.2504036207277157,False,36
0.9,24,-520.4853142856972,0.1638177083333333,1.3088851932403778,5.570324303626551,0.32496182313475974,False,36
0.8,24,-580.1752571428599,0.31364335317460323,0.7384115337214008,9.244570928110805,0.574875707267702,False,36
0.7,24,-607.2790857142928,0.4182452876984127,0.3020076420012596,0.5641296047436865,0.6617560273847477,False,36
0.6,24,-618.9742857142965,0.4400438988095238,0.13960351316480812,0.3940854681004069,0.6639790803713621,False,36
1.4,24,-383.37634285715114,0.04565079365079365,0.2196481113309689,0.24513559645286695,0.3112830376468665,False,37
1.3,24,-396.7885142857201,0.04995659722222222,0.26244583517487663,0.3180491882249696,0.2950792549639658,False,37
1.2,24,-413.73022857143155,0.054721726190476196,0.3208330859434334,0.4080463127125845,0.3149532042813018,False,37
1.1,24,-435.43868571429294,0.06756349206349206,0.4347009879452481,0.6873735745207171,0.2955718333137063,False,37
1.0,24,-466.3836571428658,0.08754241071428571,0.6951189807482984,1.3838343310303294,0.2624367621744589,False,37
0.9,24,-520.2759428571493,0.16803645833333336,1.2912135841590862,4.978465430169745,0.3585321490387777,False,37
0.8,24,-581.8144571428617,0.34334945436507935,0.658014561995104,6.9353436248848555,0.6176267363196435,False,37
0.7,24,-607.4841714285815,0.417921875,0.2695736992803728,0.5116517492205145,0.6621480952049468,False,37
0.6,24,-618.9887428571528,0.44107440476190474,0.14406596735681643,0.3706778070672989,0.6641414652378056,False,37
1.4,24,-383.70451428573887,0.045483382936507936,0.22096544194257395,0.24329814744796735,0.30983775812175884,False,38
1.3,24,-396.592342857144,0.04913740079365079,0.26862429404660687,0.3050489794828189,0.2989949422161816,False,38
1.2,24,-413.92697142856696,0.05491691468253968,0.3160946504000027,0.40954773641227316,0.3210435128034109,False,38
1.1,24,-434.2916571428524,0.06478249007936508,0.42014621719979245,0.6937684173044218,0.2557630428868881,False,38
1.0,24,-466.00234285715726,0.08729761904761905,0.7121516968197992,1.4195311700680264,0.20405727562664744,False,38
0.9,24,-521.7317714285866,0.17941567460317462,1.2229764029840955,5.704181657218439,0.3837195482078556,False,38
0.8,24,-582.1833714285739,0.33889707341269837,0.6842528461504569,7.649796516749957,0.6082659348411349,False,38
0.7,24,-607.1845714285815,0.417718005952381,0.2830053114444632,0.5017403566872757,0.662222439951408,False,38
0.6,24,-618.9876000000116,0.44162599206349207,0.14082553714722312,0.36167384164775385,0.664246850561026,False,38
1.4,24,-383.1404000000145,0.0448407738095238,0.21951529788223542,0.2402110968375448,0.3090142477735247,False,39
1.3,24,-397.3154857142856,0.04916121031746031,0.2681703650893994,0.30095795384179336,0.32019740503934346,False,39
1.2,24,-413.66737142855885,0.055213541666666664,0.32299317743366623,0.4201945554315475,0.3063833965387577,False,39
1.1,24,-434.65457142855973,0.06666691468253969,0.4444217404799228,0.6872772817138216,0.30125716299808214,False,39
1.0,24,-465.44845714286794,0.0880984623015873,0.674100923446632,1.2941733145904193,0.3061669523022894,False,39
0.9,24,-520.8992571428554,0.1762668650793651,1.1860804416938002,5.708851912320485,0.37322470470519487,False,39
0.8,24,-578.7540571428664,0.29384275793650794,0.7876838823695681,12.056718879499703,0.5416473810291411,False,39
0.7,24,-606.8870285714379,0.4129397321428571,0.29852863935173746,1.2152906478275887,0.6581265364952082,False,39
0.6,24,-619.0874857142957,0.44141765873015876,0.1374577985483551,0.32859093820857055,0.6644060191578824,False,39
1.4,24,-382.7305142856979,0.04585441468253968,0.22408334878980368,0.24949049884090566,0.3004464223128973,False,40
1.3,24,-396.9365714285701,0.04932762896825397,0.2670674834627895,0.3191820567056951,0.27286512004192043,False,40
1.2,24,-414.0054857142925,0.05591046626984127,0.3174807838246212,0.41757532711522105,0.3030817333210367,False,40
1.1,24,-434.4399428571404,0.06517137896825397,0.4208203856702608,0.6397536770446819,0.2979322346249976,False,40
1.0,24,-469.0327428571623,0.09241666666666666,0.7682249641212971,1.5437498095238098,0.23256324804001893,False,40
0.9,24,-519.1865142856971,0.15679414682539683,1.1651513836678893,4.789070860260772,0.32097149747117115,False,40
0.8,24,-580.0378857142844,0.3117085813492063,0.6913822051357794,9.858335925054917,0.5731036158557785,False,40
0.7,24,-607.5041142857261,0.41804811507936507,0.27576415285221384,0.509802958981214,0.6621437222729621,False,40
0.6,24,-618.8256000000101,0.43990798611111104,0.1432309664907712,0.37219271536048204,0.6641130887251296,False,40
1.4,24,-383.0429714285605,0.045159226190476194,0.2241691207829466,0.2445916665654356,0.2890411764486469,False,42
1.3,24,-396.3752000000041,0.05028571428571429,0.2446437280924316,0.3145370142159427,0.310371654980628,False,42
1.2,24,-414.10085714285407,0.05536235119047619,0.3234454907368305,0.41664440898408006,0.3083814176151931,False,42
1.1,24,-434.41148571428437,0.06495907738095237,0.41930989205132235,0.6337227432166048,0.30061414991941704,False,42
1.0,24,-464.9562285714401,0.08803918650793649,0.6714142134013249,1.4461655797902515,0.23920354369043761,False,42
0.9,24,-521.6225142857064,0.1727462797619048,1.2405341869209687,5.793202704987084,0.34988503686391415,False,42
0.8,24,-583.1371999999948,0.3668392857142857,0.6285765412327589,1.998053198696148,0.6464011350434513,False,42
0.7,24,-607.651257142872,0.42017658730158736,0.2648835484166766,0.4431344598315106,0.6627628566804283,False,42
0.6,24,-619.1373142857259,0.44199578373015874,0.14326599255240088,0.3641285708970621,0.6641901189220052,False,42
1.4,24,-382.87154285716053,0.045813740079365076,0.2311882505437139,0.2486722839478055,0.3074650742587184,False,41
1.3,24,-396.5454285714074,0.04911979166666666,0.2687250331246733,0.2997321537316852,0.3123171148078545,False,41
1.2,24,-413.2337714285932,0.05531770833333333,0.3247558725395673,0.4280186873759922,0.29436232754107516,False,41
1.1,24,-435.15588571427,0.06755530753968254,0.43604049781688425,0.7163263473703873,0.27853239054174017,False,41
1.0,24,-463.91891428570756,0.08583358134920635,0.6484991011280322,1.2351108432185378,0.29120902486967637,False,41
0.9,24,-521.435257142848,0.1740562996031746,1.1512550272319384,5.75510822054516,0.362625289539656,False,41
0.8,24,-578.6626857142903,0.29999975198412704,0.7986826689250706,10.185819878427907,0.5582742382537162,False,41
0.7,24,-607.4347428571563,0.41884449404761903,0.2827448324310117,0.49704572800252883,0.6622921190189988,False,41
0.6,24,-618.9626285714411,0.44119717261904756,0.1345633705591073,0.3345905583310138,0.6643677700749634,False,41
1.4,24,-382.77325714284154,0.0455233134920635,0.21681812258782354,0.2454936907798831,0.3024541776122476,False,44
1.3,24,-397.57285714284365,0.04997420634920635,0.26862517065506253,0.3072945006977147,0.33017924273163557,False,44
1.2,24,-412.58422857142534,0.05474255952380952,0.3275552556689095,0.4100221063633788,0.3057176943827967,False,44
1.1,24,-434.84417142858376,0.06449255952380951,0.4518503751381874,0.6483746535508144,0.2724469756077178,False,44
1.0,24,-466.42742857143304,0.0887981150793651,0.6865479795918772,1.3284397974773232,0.31099105666293236,False,44
0.9,24,-515.6243428571305,0.13951909722222222,1.0645391962992297,4.366349927524249,0.2638136360200476,False,44
0.8,24,-581.1338285714332,0.35664136904761906,0.722981673717192,3.3533597078727317,0.6371916236601209,False,44
0.7,24,-607.3953142857246,0.41847073412698416,0.2868256429730512,0.5746886603093415,0.6616993690026916,False,44
0.6,24,-619.1537142857242,0.4413603670634921,0.13822577947798387,0.360346854627247,0.6642099465396439,False,44
1.4,24,-382.9324571428598,0.045,0.23039715765420227,0.24872080498866228,0.2788095957900525,False,43
1.3,24,-396.8111428571292,0.04905704365079365,0.269787911333164,0.311602596698936,0.2901450084343675,False,43
1.2,24,-413.4567428571356,0.05548338293650793,0.3213816450577999,0.4182339001972321,0.3038229205069469,False,43
1.1,24,-434.82994285714693,0.06606795634920636,0.4651916822398155,0.661493216733663,0.2800769342821373,False,43
1.0,24,-465.54194285714385,0.08920213293650793,0.6775873228118345,1.3423531544430278,0.29726812105427647,False,43
0.9,24,-519.4129714285747,0.16878769841269842,1.147671107128751,5.3954309687578705,0.35663276644068354,False,43
0.8,24,-578.2496000000083,0.29156870039682536,0.7635659950395277,10.692580825494282,0.5432465575264921,False,43
0.7,24,-607.6858857142962,0.4184479166666667,0.2633387013634247,0.51083945153058,0.6621554330018208,False,43
0.6,24,-618.7620000000085,0.440297619047619,0.14807581845268292,0.3768820625472813,0.6640898365919555,False,43
1.4,24,-382.9453714285839,0.04504960317460317,0.22187284251936504,0.24555050413022375,0.2982608240791975,False,45
1.3,24,-396.81102857143657,0.04993353174603174,0.25670948808853955,0.3181369313622889,0.30961059621586773,False,45
1.2,24,-413.57080000001594,0.05398214285714286,0.3106749255125845,0.4143403859599393,0.3013650478920705,False,45
1.1,24,-433.9263428571311,0.0646108630952381,0.4132503489392824,0.6454556366921766,0.28095216622884833,False,45
1.0,24,-465.54942857143317,0.08859275793650793,0.6527385361394712,1.3152003813775506,0.3194726547028188,False,45
0.9,24,-522.9512571428511,0.18450644841269842,1.2487455445743798,5.722927103017139,0.39253628246118044,False,45
0.8,24,-582.9433142857166,0.3524027777777778,0.6185370423755404,5.109665863095218,0.6257486634665479,False,45
0.7,24,-607.8708000000038,0.4197703373015873,0.2766247729996312,0.454993106373485,0.6626384520097244,False,45
0.6,24,-619.2415428571521,0.4422953869047619,0.13113045589211708,0.32867516859177215,0.6644238784402413,False,45
1.4,24,-382.7304000000061,0.04587574404761905,0.2171322090216945,0.2470936123005748,0.3135211921815666,False,46
1.3,24,-397.0300000000107,0.049167410714285716,0.25572472586170364,0.3095131789366389,0.30270885617365406,False,46
1.2,24,-413.1606857142986,0.05487301587301587,0.32198970401862537,0.4063380602796676,0.3040670473495828,False,46
1.1,24,-434.87514285714764,0.06553521825396826,0.44479050137274917,0.6723553570140174,0.28534824393027747,False,46
1.0,24,-465.561428571423,0.08952430555555556,0.6639075361393528,1.4415678343253968,0.27230449099720233,False,46
0.9,24,-514.7890285714311,0.13225719246031745,1.119064507824407,3.8464913579853244,0.2547452506862333,False,46
0.8,24,-583.1380000000036,0.369640625,0.5900094757562453,1.781833462611604,0.6487071545309869,False,46
0.7,24,-607.7792000000057,0.41970684523809526,0.26259386718503064,0.4865166138240948,0.6624168392132176,False,46
0.6,24,-619.0513714285806,0.4412281746031746,0.13655605629520762,0.34110939720331857,0.6643290341107411,False,46
1.4,24,-382.960971428571,0.04560019841269842,0.22777869611912177,0.24583329284094588,0.30264551991902,False,47
1.3,24,-396.6999428571279,0.04859176587301587,0.262902343379769,0.30301379938513867,0.3011682431067363,False,47
1.2,24,-413.27468571427505,0.05483060515873016,0.32219871484870305,0.4330386984776551,0.278937423361734,False,47
1.1,24,-434.33771428571856,0.06384623015873016,0.41916726588701686,0.6019541336837765,0.31194666515744673,False,47
1.0,24,-465.81074285713584,0.09296651785714286,0.7372315456689447,1.5137290149872444,0.27395710770720694,False,47
0.9,24,-521.2355428571417,0.1761669146825397,1.153022375605415,5.702914067420948,0.37965308551217036,False,47
0.8,24,-582.1893142857203,0.3605538194444445,0.7216379591036391,2.876302614397297,0.6400292265915493,False,47
0.7,24,-607.5967428571521,0.41968774801587305,0.26460451375537963,0.46426669496067774,0.6626044521937473,False,47
0.6,24,-619.0445142857258,0.4414283234126984,0.13794965921864968,0.3628231929681913,0.6642037789024815,False,47
1.4,24,-382.808228571393,0.045353174603174604,0.21752241330000757,0.2416863941528991,0.30690869199593707,False,48
1.3,24,-396.5897714285616,0.04936582341269841,0.2559935527076697,0.3162336241660123,0.289865104268051,False,48
1.2,24,-414.2218857142901,0.055561259920634924,0.3235633555012404,0.40922968841529656,0.32777481623822213,False,48
1.1,24,-435.09697142857533,0.06529910714285714,0.4561737045360992,0.6670598267109871,0.278169239754548,False,48
1.0,24,-464.6226857142684,0.08702356150793648,0.668524185890116,1.2882293211096962,0.27027375965246714,False,48
0.9,24,-516.5036571428384,0.15547445436507937,1.1889629587915647,4.555520867622514,0.3440133890225292,False,48
0.8,24,-577.5638857142926,0.3008618551587302,0.8578135503117637,10.303133652875188,0.5552659636672415,False,48
0.7,24,-607.2045714285782,0.416750744047619,0.28571907075734704,0.5977411361658039,0.6614948750418372,False,48
0.6,24,-619.210000000009,0.4416111111111112,0.13673243220828116,0.34937005290996304,0.6642743448107351,False,48
1.4,24,-383.1362857142897,0.045202380952380945,0.21976946461829316,0.24441656705539389,0.30405850599968254,False,49
1.3,24,-397.2669714285633,0.049555059523809515,0.25503596726112016,0.31329071722919954,0.3114992423493621,False,49
1.2,24,-413.993885714299,0.05648363095238095,0.3336017792225608,0.4483692199310282,0.29673660111979805,False,49
1.1,24,-434.46377142855766,0.06610863095238095,0.4126979561102153,0.6578338712378891,0.3031461426114411,False,49
1.0,24,-466.618228571395,0.08860689484126985,0.7350327564569549,1.461785495712868,0.20859872890434983,False,49
0.9,24,-516.6833142856983,0.15948958333333335,1.1715483205678934,4.075579339726625,0.3790884855176476,False,49
0.8,24,-582.6870857142906,0.3566624503968253,0.6485998390020754,4.256609225791919,0.6338194124121399,False,49
0.7,24,-607.5620000000064,0.41942485119047623,0.2778386641566077,0.5089005486211994,0.66221566328637,False,49
0.6,24,-619.1510857142977,0.44086879960317465,0.14225675963671952,0.3997875986748678,0.6639693299517369,False,49
1.4,24,-382.7570857142658,0.04532266865079365,0.20986241554159749,0.24643433954385327,0.28984768170797304,False,50
1.3,24,-397.30782857143174,0.04948685515873016,0.25324261103400497,0.30900218687314657,0.3123891076736991,False,50
1.2,24,-412.81542857142034,0.05474082341269842,0.3198154096592303,0.4173283309417513,0.29225756813919224,False,50
1.1,24,-434.3255428571364,0.06400223214285715,0.42168209549576524,0.6148845518643055,0.29110302105051233,False,50
1.0,24,-466.7748000000031,0.09603844246031745,0.7216520324205804,1.721345857107427,0.267422422041366,False,50
0.9,24,-519.9518857142908,0.16851215277777776,1.2306976640910359,5.5464895329034425,0.35033143830999014,False,50
0.8,24,-581.3641142857217,0.326405505952381,0.6983546415816652,8.02649006656566,0.5953498281604568,False,50
0.7,24,-607.5651428571514,0.4189883432539683,0.26814794645754875,0.4902064443128345,0.6623939145719083,False,50
0.6,24,-619.108285714294,0.44195262896825405,0.1351001980192787,0.342993834502483,0.6643311179107986,False,50
1.4,24,-383.07485714284945,0.045040674603174596,0.22331873264615107,0.2419071707968905,0.29669787548195103,False,51
1.3,24,-397.5789142857054,0.04982118055555555,0.2609770251814209,0.3243079092261904,0.2871316506879683,False,51
1.2,24,-414.06662857142476,0.054882936507936506,0.30863877253399735,0.4117190173847317,0.3085777502187863,False,51
1.1,24,-434.8519428571464,0.06716517857142858,0.4320052787569717,0.7239932455936917,0.25120377676816696,False,51
1.0,24,-466.31325714286265,0.08951636904761906,0.7084290004307453,1.3046263853458038,0.3026652174387555,False,51
0.9,24,-519.2731428571375,0.1668392857142857,1.220059374037567,5.147161264802225,0.3651939682068267,False,51
0.8,24,-580.7302857142895,0.33568849206349205,0.7436235969382524,6.627553942743765,0.6078618253839166,False,51
0.7,24,-605.5376000000082,0.38479985119047616,0.37250645027515294,7.344396756104259,0.6288856894483944,False,51
0.6,24,-619.1004571428674,0.4415230654761904,0.13859088303153258,0.37210908913227314,0.6641610299234011,False,51
1.4,24,-383.28422857142624,0.04527827380952381,0.22560745905643664,0.23955160137269202,0.3082675005333685,False,52
1.3,24,-397.0081714285847,0.04939905753968254,0.2534867352003942,0.31434353935003484,0.2936106704833472,False,52
1.2,24,-413.2466285714314,0.05421230158730159,0.31439833767939895,0.4114718839758127,0.29633292310553194,False,52
1.1,24,-434.101771428576,0.06425024801587301,0.43524911001949673,0.6344102939793347,0.3031531757938317,False,52
1.0,24,-464.41702857144713,0.08504563492063491,0.6390696553061793,1.2620170345805004,0.279330080279647,False,52
0.9,24,-519.8004571428511,0.16148090277777777,1.1027174206770691,4.659282908123896,0.37526508953098037,False,52
0.8,24,-580.8598857142911,0.3304174107142857,0.6945996465417021,7.89822615287521,0.5998272457175589,False,52
0.7,24,-607.3111428571519,0.41767857142857145,0.2902519086378737,0.5712464366698659,0.661672942834028,False,52
0.6,24,-618.9394857142901,0.44137028769841274,0.14241069096431289,0.3458982293437529,0.664304044793625,False,52
1.4,24,-383.3357714285849,0.04546999007936508,0.2239841172197064,0.2464785991405491,0.302546503888,False,54
1.3,24,-397.00085714286683,0.04979315476190477,0.26314219892590746,0.3342279141592533,0.26704802582771825,False,54
1.2,24,-413.6146285714595,0.055873015873015866,0.32717197524573155,0.44581017337490597,0.2785174108119973,False,54
1.1,24,-434.6763999999799,0.06580381944444445,0.4377711738489888,0.6343026553481234,0.3239658441770795,False,54
1.0,24,-467.3284571428556,0.08955133928571428,0.6788273837640999,1.3037870592049319,0.328105426698294,False,54
0.9,24,-523.002285714288,0.1708062996031746,1.1989883289940806,5.512407545941988,0.3607640157158768,False,54
0.8,24,-582.4858857142906,0.35882787698412694,0.689725836088131,3.4412700876913327,0.6364552958422318,False,54
0.7,24,-607.2793714285754,0.41849131944444445,0.2985250552894674,0.5328616755243867,0.6620158192482648,False,54
0.6,24,-618.9660571428641,0.4412480158730158,0.1370310399980879,0.3653395134165205,0.6641806446165082,False,54
1.4,24,-383.75417142857066,0.04598239087301587,0.22471947104218495,0.24739771114249265,0.3120208062543103,False,53
1.3,24,-396.3461714285725,0.04968576388888888,0.26572680646461344,0.3139165279685595,0.30718160041075093,False,53
1.2,24,-413.9556000000068,0.05442683531746032,0.31538262657064753,0.41820151286729956,0.2879474500164064,False,53
1.1,24,-434.8134857142987,0.06583457341269841,0.43344142868382207,0.6408358126868179,0.3002848508294722,False,53
1.0,24,-465.19119999998236,0.08596254960317459,0.6903183576190612,1.3122283092049325,0.2448270927695474,False,53
0.9,24,-518.1629714285533,0.14843204365079365,1.1290239081771822,4.131529963309399,0.3213317469681166,False,53
0.8,24,-580.8360571428656,0.3458253968253968,0.7286088864000183,5.15629918579933,0.6231410872327398,False,53
0.7,24,-607.1761714285839,0.418,0.2805345123673422,0.5052186904762276,0.6622147560945593,False,53
0.6,24,-619.0527428571522,0.4411817956349206,0.14028552643903375,0.3494837121480643,0.6642716886598357,False,53
1.4,24,-382.8912571428805,0.04575768849206349,0.22061379688724644,0.23939301847971328,0.3196979404799898,False,55
1.3,24,-397.43782857141406,0.049122767857142854,0.2534516153308789,0.3038925145811531,0.3104577401297073,False,55
1.2,24,-413.3462857142997,0.05529092261904762,0.3147338451120619,0.4138137315464382,0.30479276611769834,False,55
1.1,24,-434.24554285714896,0.0663407738095238,0.43077381791477004,0.6979483548495161,0.28366458270360695,False,55
1.0,24,-465.080057142867,0.08730877976190476,0.6928515714229838,1.3504704563137755,0.2725651677213943,False,55
0.9,24,-520.5905142857241,0.16921180555555557,1.2562439772403322,5.856053766534391,0.338111520757438,False,55
0.8,24,-581.9882857142953,0.34950099206349206,0.6134700518619712,4.944794175878695,0.6277194607247971,False,55
0.7,24,-607.3548571428678,0.4184799107142857,0.28719475565763736,0.5395128907009297,0.6619286487995011,False,55
0.6,24,-618.6978857142952,0.4395629960317461,0.14676089114076335,0.41389626299130455,0.6638572074795929,False,55
1.4,24,-383.1199999999992,0.04606894841269841,0.22121185617103173,0.25731878391237467,0.3013111085246336,False,58
1.3,24,-396.883828571443,0.049011656746031744,0.25704352302795175,0.301574022517661,0.31322562714133784,False,58
1.2,24,-413.60171428572625,0.055240327380952386,0.30635036021358447,0.4400769309511997,0.2927348153345952,False,58
1.1,24,-434.6991999999945,0.06607762896825396,0.4377153834448475,0.6900462654285199,0.27062906164436595,False,58
1.0,24,-464.0194857142908,0.08436135912698413,0.6583988249378004,1.1681425019486955,0.3106493165541133,False,58
0.9,24,-520.2271428571415,0.166625,1.1818651659737747,5.224302239858904,0.3609195671711085,False,58
0.8,24,-576.9920000000035,0.26332291666666663,0.7600808035713648,12.70668776909724,0.4842507769118072,False,58
0.7,24,-601.0218285714379,0.2578137400793651,0.42348422041779943,19.394648524811718,0.4081921092441564,False,58
0.6,24,-618.9965714285805,0.44048660714285715,0.13630153061125452,0.3798579362717369,0.6640757617178071,False,58
1.4,24,-382.60748571428144,0.04617361111111111,0.22312041521760306,0.25066565476190483,0.31762194391934073,False,57
1.3,24,-396.28520000000765,0.04885838293650793,0.26665573440874335,0.3100288077522675,0.2984592473347568,False,57
1.2,24,-414.0081714285736,0.055586805555555556,0.31218166001751324,0.41365941881613744,0.3167326565932246,False,57
1.1,24,-434.7166857142865,0.06670014880952381,0.4124361248664259,0.6954108938556482,0.2945609551114533,False,57
1.0,24,-467.0074857142892,0.09391344246031746,0.7256352201758192,1.5776718650439332,0.258470811153406,False,57
0.9,24,-519.2592571428607,0.16341393849206348,1.3031269535499026,5.381052995677438,0.32136777441360187,False,57
0.8,24,-582.2009142857171,0.3437239583333333,0.6534298092402775,6.751437693762407,0.6152630657709053,False,57
0.7,24,-607.4616571428669,0.4180525793650794,0.28131937802577334,0.5645114723032029,0.6617413104722308,False,57
0.6,24,-619.1736571428675,0.4415890376984127,0.13968437388170352,0.3478370554020671,0.664293970802325,False,57
1.4,24,-382.7580000000005,0.04543353174603175,0.2261341477364744,0.24500998785228353,0.30400860041106637,False,56
1.3,24,-396.6221142857129,0.04908854166666666,0.2594612239229023,0.30693788633241786,0.2974101574048088,False,56
1.2,24,-413.32828571428917,0.05535515873015873,0.336401317141445,0.42822559807256244,0.30338740824934385,False,56
1.1,24,-434.2320571428653,0.06587003968253968,0.42457487340472494,0.666638652339724,0.30172066771120165,False,56
1.0,24,-466.9010285714405,0.09147470238095237,0.7049679148298209,1.4369347266156471,0.3055939763316424,False,56
0.9,24,-520.3077714285567,0.17016393849206352,1.0929729501132,5.220497559169496,0.3835949815621049,False,56
0.8,24,-577.2625714285768,0.2730416666666666,0.7436854979361995,13.067985525793675,0.5044534114663879,False,56
0.7,24,-607.1833714285771,0.4177279265873016,0.28026100605082266,0.5683182073513926,0.66178099838642,False,56
0.6,24,-619.1398285714404,0.4422956349206349,0.13396699721313243,0.31438758408920187,0.6645174087455304,False,56
1.4,24,-383.1089142856916,0.04501711309523809,0.22208128894212198,0.2360857000880709,0.31212062684657227,False,59
1.3,24,-397.2579999999986,0.05008110119047619,0.2633710863388593,0.324777648891287,0.30008994047134196,False,59
1.2,24,-413.278000000006,0.05518973214285714,0.3271051263502852,0.4387140782962495,0.26759656499147133,False,59
1.1,24,-434.92931428568573,0.06498660714285714,0.43763863978837114,0.6425838526850135,0.283341557358996,False,59
1.0,24,-465.29697142857594,0.08506448412698413,0.6555640316949697,1.2158263747165536,0.3147592531908836,False,59
0.9,24,-522.6085714285491,0.1935094246031746,1.2014772087848575,5.618966486363068,0.4389783745438306,False,59
0.8,24,-579.1620000000024,0.330702628968254,0.8188193095856867,7.731416283614997,0.6020085337152374,False,59
0.7,24,-607.0649714285803,0.41664136904761906,0.29052100086745986,0.6249215255507019,0.6612707152298636,False,59
0.6,24,-618.7801142857261,0.44003025793650796,0.14408649685046165,0.37912918060277967,0.6640747705330596,False,59
1.4,24,-382.79737142858147,0.04579662698412698,0.20909114224397543,0.24163323250728866,0.3150751391655695,False,60
1.3,24,-397.27548571425143,0.04920114087301588,0.2624102965255062,0.3153167887395339,0.28568926827429875,False,60
1.2,24,-413.44348571426434,0.055940476190476186,0.31942359095098627,0.4263826677059715,0.31542273765056095,False,60
1.1,24,-435.0855428571496,0.06346478174603175,0.431187126323485,0.620345930607091,0.2944444017000557,False,60
1.0,24,-465.86885714284335,0.09076512896825398,0.673986689200774,1.3825618542729579,0.2922924776554693,False,60
0.9,24,-517.1527428571479,0.15135019841269842,1.1527266948784622,4.718053605442174,0.30390039247045164,False,60
0.8,24,-582.3877714285745,0.3491569940476191,0.6901944108207656,5.414970034323623,0.6228297882689913,False,60
0.7,24,-603.175600000012,0.3090076884920635,0.39931073477526224,17.89577808344467,0.5230447959942076,False,60
0.6,24,-618.8410285714385,0.4409799107142857,0.14762724357538384,0.3482286965585324,0.6642845551669112,False,60
1.4,24,-383.2305142857125,0.045030009920634925,0.2214738674973931,0.23564368417456258,0.3208648713164247,False,61
1.3,24,-396.53154285716,0.04876165674603176,0.2663401185981875,0.3032891415652795,0.2981928046408612,False,61
1.2,24,-413.1798285714345,0.05505282738095237,0.31768450172827906,0.44800678710199415,0.2462085117465067,False,61
1.1,24,-433.99868571428624,0.06461830357142857,0.4103210981381394,0.6198213744266645,0.3193533370795515,False,61
1.0,24,-468.2440571428653,0.09683705357142858,0.7577972650737542,1.761123624964568,0.2494198217846969,False,61
0.9,24,-518.7273714285644,0.15737549603174603,1.239004812008284,5.468340520124714,0.28360431749750936,False,61
0.8,24,-580.2452571428572,0.3406656746031746,0.7669969240363151,5.33463186933107,0.6209749736089212,False,61
0.7,24,-607.5189142857191,0.41706001984126984,0.2666219103031708,0.5596629314463745,0.6617723710278517,False,61
0.6,24,-618.7602285714411,0.4400830853174603,0.15229947064676427,0.41256653763936946,0.6638788161481481,False,61
1.4,24,-382.9049714285844,0.045663194444444444,0.220000949925371,0.2412102416383219,0.31662188473701913,False,62
1.3,24,-397.0862857142795,0.049697172619047617,0.26750554784039365,0.3153440977400577,0.30708767887736543,False,62
1.2,24,-413.10920000001056,0.05514930555555556,0.31537748834320617,0.41594839368386227,0.32267329132345723,False,62
1.1,24,-433.33417142858235,0.06525892857142856,0.42412312782744677,0.6491753190063903,0.28813834250134973,False,62
1.0,24,-465.26200000000756,0.08857093253968255,0.7329791597222134,1.4621755979308375,0.23973067786497615,False,62
0.9,24,-519.5647999999886,0.15667485119047617,1.359041240054662,6.09985609689941,0.242058972181888,False,62
0.8,24,-580.2809142857242,0.3357566964285714,0.6906821405893183,6.540457614043018,0.6107097772456868,False,62
0.7,24,-607.5305714285794,0.4184136904761904,0.2731836824354674,0.5499240800130119,0.6619223059211556,False,62
0.6,24,-619.1948000000101,0.44209151785714285,0.14018273996941985,0.35474099058723674,0.6642458036060497,False,62
1.4,24,-382.92217142856566,0.045643601190476196,0.22443150699936337,0.25305757448068483,0.3005680823625172,False,63
1.3,24,-397.0393142857171,0.05010863095238095,0.27000493987576335,0.31948141668847013,0.2902074378581391,False,63
1.2,24,-412.45405714287284,0.05571899801587302,0.3158968296642368,0.430859986742961,0.2976492505564652,False,63
1.1,24,-434.98582857143083,0.06515575396825397,0.45260839609453446,0.6790308936301781,0.2626173488473357,False,63
1.0,24,-465.80411428570426,0.09056225198412698,0.7255313991836879,1.3466351825042517,0.29354748233699224,False,63
0.9,24,-517.8582285714216,0.17276612103174602,1.3010192858470482,5.3288813834955295,0.35795569464513133,False,63
0.8,24,-579.7980571428527,0.3376034226190476,0.6711608280541427,5.291850991664926,0.6182656608475308,False,63
0.7,24,-607.5857142857211,0.41880158730158734,0.28310374728086357,0.49684262309685784,0.6623062945284612,False,63
0.6,24,-618.941257142866,0.441265873015873,0.14211717712239788,0.35917978458051003,0.6642052102188893,False,63
1.4,24,-382.9539428571268,0.04577852182539683,0.2274426059859176,0.2501170675159942,0.30574838411689964,False,64
1.3,24,-396.7129714285577,0.04980605158730159,0.2626189452125528,0.3161164223574039,0.2999110401835271,False,64
1.2,24,-413.69731428571777,0.055418154761904766,0.3145843442578351,0.4363558521116774,0.27090637402342777,False,64
1.1,24,-434.9742285714312,0.0657951388888889,0.4488374308905539,0.658913954725829,0.2944744589077589,False,64
1.0,24,-463.1918857142855,0.08583209325396826,0.6438775047392179,1.1819018344316885,0.3130361100083602,False,64
0.9,24,-518.4860571428482,0.15771974206349204,1.206196844740974,4.976087747385993,0.33300658303691,False,64
0.8,24,-581.763371428575,0.3550337301587302,0.6506780321624697,4.19540116496597,0.6327419357260522,False,64
0.7,24,-607.693085714294,0.42015972222222225,0.2699392540025058,0.46982248866213844,0.6625556210680947,False,64
0.6,24,-619.1014857142953,0.44148809523809524,0.13728168027295465,0.3542600623582626,0.6642410439645283,False,64
1.4,24,-382.86268571428707,0.04564558531746032,0.2265695068923964,0.24337314623319561,0.3169938841624882,False,65
1.3,24,-396.7583999999989,0.050358382936507934,0.2534838519770668,0.31730630164726165,0.31380421151555793,False,65
1.2,24,-413.1382857142767,0.05399156746031746,0.3106479654824409,0.40705960541855646,0.2751307794424941,False,65
1.1,24,-434.9068000000123,0.06450570436507937,0.41791617397996544,0.6528423079970626,0.27592119932468995,False,65
1.0,24,-465.02594285713116,0.08953472222222222,0.6873302601132613,1.408173043650794,0.25722938129703066,False,65
0.9,24,-518.4180000000025,0.15170386904761907,1.1110303167255917,4.288116618638189,0.3390330908928062,False,65
0.8,24,-577.3644571428596,0.29957018849206346,0.8458750453163094,9.575443563589506,0.5636068611670377,False,65
0.7,24,-607.1854285714359,0.41651959325396826,0.2876909386716611,0.5948039839953648,0.6614704897036473,False,65
0.6,24,-618.981371428581,0.44179861111111113,0.142285363504184,0.3456076256613816,0.6643170118143347,False,65
1.4,24,-383.4146285714184,0.0450014880952381,0.2227466115507309,0.23446714761499832,0.31183191260261023,False,66
1.3,24,-396.89622857141296,0.0490203373015873,0.2593769342940222,0.3102821793781616,0.2855600646982278,False,66
1.2,24,-413.2537714285518,0.055567212301587295,0.31458593757486564,0.4277084747909584,0.29067992954087474,False,66
1.1,24,-434.4922285714401,0.06728968253968254,0.4468277534341413,0.6985405282416001,0.308154683698902,False,66
1.0,24,-467.11120000000744,0.09177703373015873,0.7092824211110079,1.3603518627763602,0.3105497356123428,False,66
0.9,24,-518.0469714285596,0.15789831349206349,1.1376587043756863,4.41740026943185,0.35507670918029954,False,66
0.8,24,-582.2671999999983,0.36400843253968257,0.6355617827384522,2.675934527175443,0.6443663099658461,False,66
0.7,24,-607.5150285714412,0.4188432539682539,0.27237213465482224,0.49451934645292184,0.6623365535727112,False,66
0.6,24,-619.0464571428682,0.44118650793650793,0.14282645236584987,0.37765515778532155,0.6640926651193468,False,66
1.4,24,-383.0086857142676,0.04574454365079365,0.22798357425147905,0.2513871334426632,0.31101742617118344,False,68
1.3,24,-395.7942857142854,0.049084573412698417,0.24880897368804927,0.3011287371086253,0.3165179725226177,False,68
1.2,24,-413.28022857142633,0.055628224206349206,0.30974720011334195,0.4197145204731198,0.30884990553430125,False,68
1.1,24,-434.13788571429694,0.06514037698412699,0.4402967074782714,0.6636771633426096,0.2659834139284034,False,68
1.0,24,-465.51725714285334,0.08958358134920635,0.6573310504307605,1.29144042655187,0.30829826732744414,False,68
0.9,24,-517.437600000003,0.14232415674603174,1.0457491744070175,4.181493008275073,0.2929282204354551,False,68
0.8,24,-581.493657142861,0.3273077876984127,0.7107284374912282,8.626535217146758,0.5944506814441552,False,68
0.7,24,-607.6536571428641,0.4187522321428571,0.28785981858266846,0.5589737062176222,0.6618189002624599,False,68
0.6,24,-618.8749714285768,0.4400848214285714,0.13929674754409563,0.4053369423186215,0.6639300713313161,False,68
1.4,24,-382.75737142858446,0.0454312996031746,0.2204152595099078,0.2506782211441123,0.2987536092612676,False,67
1.3,24,-396.369085714302,0.04852901785714286,0.2600878930315826,0.3106737157411042,0.2859649686050937,False,67
1.2,24,-413.12742857142126,0.054987351190476194,0.3212381389361057,0.4249498157301112,0.3039636533546789,False,67
1.1,24,-435.0613142857022,0.06767584325396825,0.4413609315370453,0.7030746186031233,0.29734875148334605,False,67
1.0,24,-464.5458857143062,0.08968824404761903,0.7191891223979938,1.2783243647604894,0.33621091043076956,False,67
0.9,24,-517.5775428571453,0.16437127976190477,1.227680135991439,5.175247621212833,0.33994265181984373,False,67
0.8,24,-580.7457714285689,0.323906001984127,0.7030310232339488,8.080861185471571,0.5932326175616153,False,67
0.7,24,-607.1632571428671,0.41748685515873013,0.28281016649313795,0.5547004955762398,0.661856557931914,False,67
0.6,24,-619.0602285714377,0.44122519841269836,0.14247192435100767,0.3312422996977027,0.664386123702114,False,67
1.4,24,-383.6644571428631,0.04592633928571429,0.22943533833123536,0.25194035408062027,0.30749528465520826,False,69
1.3,24,-396.6532571428551,0.04947048611111111,0.26718789121010217,0.3108603909111724,0.3014409610600016,False,69
1.2,24,-413.5195428571544,0.05436532738095238,0.32903524004798385,0.3988324534379725,0.31207015119797077,False,69
1.1,24,-433.49914285712504,0.06478422619047619,0.42413485398982353,0.6331940547052146,0.31367785493729083,False,69
1.0,24,-466.51479999997946,0.08749875992063491,0.6590397784522994,1.1765300090348652,0.33442366492450015,False,69
0.9,24,-520.0402857142901,0.17415848214285715,1.2003831078005713,4.835913019297995,0.3911868780206015,False,69
0.8,24,-579.5055428571442,0.3185558035714286,0.7567323075311566,9.302579680015228,0.5859628696381223,False,69
0.7,24,-607.5189714285784,0.4191488095238095,0.2809532518396588,0.5555142500810031,0.6618808417970459,False,69
0.6,24,-618.9700000000072,0.441578125,0.13965042162706395,0.3501340910218076,0.6642760672680854,False,69
1.4,24,-382.90537142854583,0.045328869047619055,0.22409617423297162,0.23881841300210532,0.3170283784421617,False,70
1.3,24,-396.73468571426315,0.048697172619047616,0.2475936969199943,0.29874347502943505,0.31393295461631654,False,70
1.2,24,-413.1132000000084,0.05509945436507936,0.314675026923531,0.41844780680154026,0.2977181620370458,False,70
1.1,24,-434.2084000000001,0.06498164682539682,0.4335279716975187,0.6395006172696355,0.3018066609395952,False,70
1.0,24,-464.61777142856835,0.08924727182539681,0.6969440548697194,1.2515239857922347,0.3207806698950654,False,70
0.9,24,-519.1030285714238,0.1693546626984127,1.1894248284690685,5.191451080089442,0.35993911309398074,False,70
0.8,24,-579.9777714285746,0.32766964285714284,0.7742738952575537,7.856663083900225,0.5962740553904424,False,70
0.7,24,-607.1625714285791,0.4176999007936508,0.2912314310587158,0.5691746863864238,0.6617076435871845,False,70
0.6,24,-619.0528000000103,0.44124032738095237,0.14151808112908412,0.3589476119024404,0.6642229488772128,False,70
1.4,24,-382.799942857148,0.04589558531746031,0.22109602769390693,0.25118820859147256,0.2975484801922741,False,71
1.3,24,-397.1031999999777,0.04938095238095237,0.2700435346107256,0.3172030673294962,0.3029434982664495,False,71
1.2,24,-412.98062857143606,0.05576140873015874,0.32264301098754555,0.4245605129204452,0.30817600197057904,False,71
1.1,24,-434.89051428570014,0.06697792658730159,0.43756242829039865,0.7596491694689239,0.23855781625189865,False,71
1.0,24,-465.98491428571646,0.08914037698412698,0.675619366802645,1.5044031534863955,0.1981222743175436,False,71
0.9,24,-518.8743428571461,0.17601190476190479,1.2052314912726154,4.911585632401103,0.40105772083824287,False,71
0.8,24,-578.7559428571537,0.3184632936507937,0.8092686061418575,7.671083300736942,0.5871852242181046,False,71
0.7,24,-607.5250857142936,0.4180054563492064,0.27336940949388017,0.5604511659782828,0.6618029703565029,False,71
0.6,24,-618.9598857142968,0.4410900297619047,0.1342190916479192,0.3401177115812182,0.6643422728398756,False,71
1.4,24,-382.5125142857318,0.0455203373015873,0.22529687294354933,0.2376364228012634,0.3147440550869097,False,72
1.3,24,-397.0744571428627,0.04962872023809523,0.26868412359952576,0.3085344276284234,0.3030680736468765,False,72
1.2,24,-413.5350285714274,0.05516418650793651,0.32106691795405246,0.4271214190051021,0.3006885599633483,False,72
1.1,24,-434.96594285714934,0.06771180555555555,0.4375078464795666,0.689531018217894,0.28445655120349556,False,72
1.0,24,-465.7049714285667,0.0897983630952381,0.6516061475678927,1.2570975237740938,0.3361401017175216,False,72
0.9,24,-520.2376571428518,0.15485664682539682,1.1612837526876634,4.894681755322498,0.3046016112582347,False,72
0.8,24,-577.9408000000061,0.28368229166666664,0.7560330277775681,12.086750803881458,0.5249216685875029,False,72
0.7,24,-605.2280000000067,0.38130109126984124,0.4132286767086547,8.66710414459833,0.624907241146903,False,72
0.6,24,-619.0756000000109,0.4408338293650793,0.1337749066357149,0.3414416002929421,0.664322161841165,False,72
1.4,24,-382.7964571428567,0.04525248015873015,0.22049573718126253,0.24193736424927131,0.2969856988756776,False,73
1.3,24,-396.41794285710796,0.04862251984126984,0.2523301379462496,0.30694591302546653,0.29546805548250543,False,73
1.2,24,-413.67845714282845,0.05621453373015873,0.29868831833823606,0.4312484455014647,0.30450038691514647,False,73
1.1,24,-434.6518857142959,0.06477306547619047,0.4271475868893455,0.6850309786319835,0.26688413303115077,False,73
1.0,24,-466.3046857142877,0.09211383928571429,0.6298073229931005,1.3708441961096947,0.3076944179824008,False,73
0.9,24,-518.6353142857055,0.161546626984127,1.16708942971933,5.452351712648015,0.3254268940138414,False,73
0.8,24,-583.3680571428634,0.3727514880952381,0.5859994642766725,1.1834735351119585,0.6530374769131115,False,73
0.7,24,-607.7896571428616,0.41901314484126984,0.2714340233114751,0.5280292597485317,0.6620730791706582,False,73
0.6,24,-619.0982285714409,0.44082068452380957,0.14022727763583617,0.41127383780941607,0.663886962773617,False,73
1.4,24,-382.53039999999424,0.04589186507936508,0.22692634572402218,0.24094657798833824,0.32795001244022415,False,74
1.3,24,-396.91314285714964,0.04963318452380952,0.26434859450684184,0.3098082471818859,0.31399918922218806,False,74
1.2,24,-413.3859428571445,0.055875744047619046,0.3332386837207145,0.4363349253295069,0.2835731897454252,False,74
1.1,24,-434.84268571428385,0.0663358134920635,0.4398134358004774,0.675061548005566,0.2816333286753525,False,74
1.0,24,-465.75485714284264,0.09152876984126984,0.6710117001132656,1.4166417256235833,0.2940256579192715,False,74
0.9,24,-519.4787999999952,0.1508231646825397,1.243050085096926,5.319565729678444,0.25511488901991286,False,74
0.8,24,-579.1482285714309,0.3061495535714286,0.7825515090349059,10.32341938487633,0.5620812380316533,False,74
0.7,24,-607.4761714285772,0.4186361607142857,0.2836563134679758,0.5881662778891186,0.6616605548900969,False,74
0.6,24,-619.0840000000136,0.44181299603174606,0.1356491732807357,0.3196148608748661,0.6644709123096011,False,74
1.4,24,-383.4877142856914,0.046443452380952384,0.22355339723895268,0.2503605948331713,0.3136574741669361,False,75
1.3,24,-397.29742857142844,0.04960962301587301,0.26246195432312325,0.30953038668672606,0.3110412975713003,False,75
1.2,24,-412.6668571428371,0.053228422619047616,0.3223601312516203,0.3882758264538456,0.3158665636513357,False,75
1.1,24,-435.0967999999958,0.06834102182539682,0.47048143945946824,0.6940334917736037,0.30213521432633017,False,75
1.0,24,-465.064571428554,0.08902008928571428,0.6815294280044226,1.4513242615858846,0.27496736678118605,False,75
0.9,24,-518.5930857142962,0.14920362103174603,1.16925778504946,4.743989987992885,0.27728932475894363,False,75
0.8,24,-582.9768571428621,0.36162921626984124,0.6465806403680414,2.7489086007918817,0.6395231855492789,False,75
0.7,24,-607.4186857142937,0.4179650297619048,0.26074252708340306,0.5138073865706896,0.6621438801397288,False,75
0.6,24,-619.1746857142954,0.441719990079365,0.13623379237529146,0.3296157392644794,0.6644046427388999,False,75
1.4,24,-382.8720000000303,0.04569940476190477,0.22388530936184545,0.26012371436669873,0.27683053087652665,False,76
1.3,24,-397.20440000001855,0.04947767857142857,0.24987860789426922,0.303440551521891,0.3201039627206126,False,76
1.2,24,-412.60011428572545,0.05425719246031746,0.31096665562798104,0.41607679560539484,0.30055960723039266,False,76
1.1,24,-433.89062857143807,0.06719568452380953,0.4298683148929157,0.7010016784876821,0.30262143045819434,False,76
1.0,24,-466.95914285713445,0.09263194444444445,0.7459484511055557,1.52632759126984,0.27175484182895504,False,76
0.9,24,-520.1472571428613,0.1665669642857143,1.2364562167280335,6.0500823726064485,0.3065637370908322,False,76
0.8,24,-581.6649142857112,0.3559657738095239,0.6525583856293967,3.2440819641085095,0.6377971920723764,False,76
0.7,24,-607.6454285714337,0.41913640873015867,0.275657653929307,0.4994565028750131,0.6622641784039434,False,76
0.6,24,-619.0947428571556,0.4398757440476191,0.1319584756230805,0.3919910808177107,0.6639847372377423,False,76
1.4,24,-383.4808571428606,0.04555133928571429,0.2096904350472995,0.24034543628016666,0.3126856672706826,False,77
1.3,24,-397.5313714285824,0.049976686507936505,0.2611056857028519,0.32600487212192575,0.2781185928429467,False,77
1.2,24,-412.8528000000076,0.05366840277777778,0.3099755299824258,0.4178232508680556,0.275129187461274,False,77
1.1,24,-435.4829714285516,0.06646006944444445,0.44498185798606793,0.7022561041215725,0.2544755626018047,False,77
1.0,24,-467.1177142857293,0.08968229166666666,0.6695308639454096,1.3621789327876985,0.2935676648649469,False,77
0.9,24,-521.3410857142768,0.1846235119047619,1.2544197603577931,5.013216978300576,0.4325129039430229,False,77
0.8,24,-584.004057142861,0.3767668650793651,0.5602919320348101,0.8827863973923078,0.6559947967655482,False,77
0.7,24,-607.1266285714373,0.41437971230158727,0.29730356962342935,0.7881364471473188,0.6601665438288077,False,77
0.6,24,-619.0644571428664,0.4410880456349206,0.13204543990979553,0.34577457193639916,0.6642892687742504,False,77
1.4,24,-383.97868571427665,0.046025297619047625,0.22820450932187442,0.24906590449870397,0.3013992826660621,False,78
1.3,24,-396.7191428571248,0.04942906746031746,0.25554303953824875,0.3144723311311705,0.3092925082944411,False,78
1.2,24,-413.09091428573197,0.056392361111111115,0.3297761901573419,0.44366933945105813,0.31723998544946364,False,78
1.1,24,-434.52897142857773,0.06578546626984128,0.431440550922047,0.6641035350636459,0.2864679912301106,False,78
1.0,24,-466.63428571427653,0.08852108134920633,0.7233914512470518,1.362583337266158,0.29249254918338297,False,78
0.9,24,-521.8106857142685,0.17247247023809525,1.2604903490313484,6.097024900754279,0.33321965779172746,False,78
0.8,24,-581.0628000000042,0.35649131944444445,0.6800751151412023,3.238355826202872,0.6367285254650432,False,78
0.7,24,-607.4659428571558,0.41583060515873016,0.2846199995835219,0.8712399456895881,0.6599543238922154,False,78
0.6,24,-618.9148000000106,0.43981498015873016,0.13783955213803883,0.3818848287509269,0.6640399381123205,False,78
1.4,24,-383.3893714285827,0.04566790674603174,0.21940858960388268,0.24976031824485762,0.29837923859484905,False,79
1.3,24,-396.51828571427507,0.04958110119047619,0.2634263612151132,0.3141807593918979,0.2922495251791405,False,79
1.2,24,-413.2830285714222,0.054450644841269845,0.3307096946294667,0.41151077023691407,0.3119343085375307,False,79
1.1,24,-434.7044571428625,0.06641989087301588,0.44443725012652047,0.660855331858122,0.3019968481586274,False,79
1.0,24,-466.10788571428293,0.09230133928571428,0.7093149515645665,1.3674536465065203,0.3086522521072521,False,79
0.9,24,-518.5803428571468,0.15236458333333336,1.1727528461128756,4.76458153990299,0.2850229423335272,False,79
0.8,24,-579.6202857142935,0.29660094246031754,0.7151289060285786,11.247199456800907,0.5507160122615724,False,79
0.7,24,-607.4418285714321,0.4179791666666666,0.26821780480395635,0.5227045238095711,0.6620743088300794,False,79
0.6,24,-618.9069714285835,0.44130381944444447,0.1402486082143797,0.3495476326884983,0.6642853637507496,False,79
1.4,24,-383.5625714285703,0.04564409722222222,0.21881409359234458,0.2472630089640021,0.3135747734749166,False,80
1.3,24,-397.4663428571405,0.050228918650793646,0.27068529726351453,0.31933884612659197,0.3120773392141324,False,80
1.2,24,-413.45925714287074,0.056400297619047614,0.32695007649515956,0.43904653143896477,0.3099686473095846,False,80
1.1,24,-434.4765714285876,0.06605505952380952,0.40669570660213117,0.6388631997268601,0.3115585575153287,False,80
1.0,24,-464.9847999999996,0.08861210317460316,0.6760987258730388,1.2788205549886626,0.2916685464913773,False,80
0.9,24,-519.3817142857154,0.15960813492063494,1.2750253464347485,5.2004805366591045,0.30389080355621867,False,80
0.8,24,-583.320342857152,0.3601443452380953,0.5727840026573794,3.660116372413502,0.6384614169307097,False,80
0.7,24,-607.3404000000099,0.4194707341269841,0.2850079845320951,0.4675578213071217,0.6625407150653391,False,80
0.6,24,-618.8629142857241,0.43974702380952385,0.14261197403289705,0.4087838010204159,0.6638658382057893,False,80
1.4,24,-383.03851428568896,0.045779017857142855,0.22739895334115054,0.25034214647615016,0.29499990653860875,False,81
1.3,24,-397.0145714285786,0.049706349206349205,0.25802889806319884,0.3225629836036977,0.2902603654782697,False,81
1.2,24,-413.89971428570936,0.0557983630952381,0.3175049877763025,0.4228133432244422,0.3234597837780636,False,81
1.1,24,-435.05188571430506,0.06623164682539681,0.4379380237252275,0.6882029441094625,0.2729802874475252,False,81
1.0,24,-465.10920000001414,0.09047693452380953,0.6853031070238811,1.3956534931618454,0.28132208352805554,False,81
0.9,24,-520.1268571428583,0.16163194444444445,1.174558394221728,5.422829034391534,0.32059270979798205,False,81
0.8,24,-579.2854285714373,0.302750248015873,0.6961936824596805,9.987570076840633,0.562370050838284,False,81
0.7,24,-607.3796571428651,0.41929662698412695,0.2628227967971991,0.46634015549078406,0.662542113080038,False,81
0.6,24,-618.8594857142966,0.44071354166666665,0.14278705780691747,0.3564664322916311,0.6642205725595838,False,81
1.4,24,-382.934628571412,0.045411210317460315,0.2239651165718031,0.24443483752429543,0.29935185396647757,False,82
1.3,24,-396.9920571428774,0.04965128968253969,0.2601109993392105,0.31265972124106006,0.31058660349348743,False,82
1.2,24,-413.54982857141783,0.05539087301587301,0.322202212128364,0.40990637707860955,0.3236189967267392,False,82
1.1,24,-434.63577142858736,0.06765848214285715,0.43662934598309133,0.695616258213512,0.3113988083635564,False,82
1.0,24,-467.0685714285785,0.09335863095238096,0.6608124716554408,1.5597336988378672,0.2744244647135461,False,82
0.9,24,-523.4407428571365,0.19952579365079362,1.4070689484548364,6.212286307004291,0.4284572587501134,False,82
0.8,24,-582.8786285714391,0.36351686507936504,0.6914189929135418,3.097554120606605,0.6391463527755135,False,82
0.7,24,-607.2065714285832,0.41663492063492064,0.2817380232195804,0.6490340346614815,0.6611683830170263,False,82
0.6,24,-618.8424000000108,0.440561755952381,0.14152197398592156,0.40570589893937026,0.6639326587559737,False,82
1.4,24,-383.0362857142849,0.04578794642857143,0.21842408479973482,0.2508479690790005,0.3151058242416729,False,83
1.3,24,-397.004628571439,0.04852951388888889,0.2587036503877618,0.3046225459783271,0.2792142263836531,False,83
1.2,24,-413.4585714285468,0.054744295634920635,0.31363932734556343,0.41386377902376226,0.3005922500647563,False,83
1.1,24,-435.0420571428638,0.06532142857142857,0.41897424291149454,0.6454113399299112,0.2979297582555892,False,83
1.0,24,-465.4673714285884,0.0873938492063492,0.6544329929648585,1.2857887477324277,0.2890911285901131,False,83
0.9,24,-519.088114285707,0.16091344246031744,1.2498159082610825,5.327195617244589,0.3223559765459124,False,83
0.8,24,-580.5211428571448,0.34613045634920636,0.725790051020346,5.216217066857986,0.6228823263840532,False,83
0.7,24,-607.2950285714372,0.41901264880952377,0.27450355674667987,0.4824550695963202,0.6623946145832791,False,83
0.6,24,-618.9975428571528,0.44011607142857145,0.14264944178379396,0.3908257568027196,0.6639932205881505,False,83
1.4,24,-383.1956571428508,0.046040426587301585,0.21833724438890498,0.2534898307165128,0.2973003888143101,False,84
1.3,24,-397.3141142857017,0.050020337301587295,0.25927118635363205,0.3183287239447064,0.30970552483948166,False,84
1.2,24,-413.89211428571394,0.055319940476190474,0.31810082615265156,0.43812894168083905,0.28679842143024237,False,84
1.1,24,-434.0522285714298,0.0659484126984127,0.4339670293097467,0.6715703200371055,0.2811927684187605,False,84
1.0,24,-465.05468571429594,0.0870612599206349,0.6639302049375652,1.2432106022888343,0.3108886288178151,False,84
0.9,24,-522.6194285714311,0.16916145833333332,1.2367374821534725,6.18775138255071,0.3202264346355337,False,84
0.8,24,-581.9388571428634,0.35292609126984126,0.7002352705143264,4.6746595094600485,0.6289904384861502,False,84
0.7,24,-607.4033714285802,0.41705530753968256,0.28983944790409644,0.6037685005162632,0.6613757949943617,False,84
0.6,24,-619.0281714285807,0.4410848214285714,0.14429070532503516,0.404234687027607,0.6639641903262943,False,84
1.4,24,-382.8994857142679,0.04577281746031746,0.21890783909189593,0.24336215540978318,0.3143624655825832,False,85
1.3,24,-396.60520000001884,0.04878298611111111,0.2549386873532591,0.30299305422008554,0.315132706391022,False,85
1.2,24,-413.2709714285893,0.054054563492063494,0.3168368505762837,0.4017910081254723,0.30316895265554433,False,85
1.1,24,-435.05200000000053,0.06638839285714286,0.4237937721369398,0.6475265510977112,0.32238132399766195,False,85
1.0,24,-466.85011428571386,0.09347197420634919,0.7152147271598955,1.4060231844883815,0.31161484155772523,False,85
0.9,24,-517.5072000000017,0.169921875,1.1921282202625667,5.108392753802908,0.3743842716981498,False,85
0.8,24,-582.1560000000077,0.36506125992063493,0.6507719060017,1.9468454006785008,0.6467044238519689,False,85
0.7,24,-607.4793714285787,0.4196547619047619,0.2745125026493769,0.46326235503724483,0.6625969001887616,False,85
0.6,24,-619.0827428571491,0.44148710317460316,0.1376179972286407,0.35840538926682264,0.6642315527631724,False,85
1.4,24,-383.4441142857274,0.044853174603174596,0.2248834398167317,0.24313534823453226,0.3006591235298368,False,87
1.3,24,-396.6146857142981,0.04837673611111111,0.2564716954172637,0.2968054458562271,0.3055615602171996,False,87
1.2,24,-413.37554285717994,0.05603298611111112,0.33259628061226343,0.4483745918072085,0.27495478992392997,False,87
1.1,24,-434.61537142856656,0.06535887896825397,0.4349475161587987,0.6700093173765713,0.2796493733948352,False,87
1.0,24,-466.15325714287206,0.08602232142857143,0.6940160480499394,1.263206173327664,0.28297373989758356,False,87
0.9,24,-519.3969714285703,0.15373983134920632,1.1016125611754075,4.6600202490788,0.32980248423377967,False,87
0.8,24,-583.2021142857174,0.375296130952381,0.5867117314251242,1.023336538229851,0.6542441704246339,False,87
0.7,24,-607.7030857142923,0.41970138888888886,0.27532645638420783,0.5079115192744129,0.662251887745714,False,87
0.6,24,-618.9677142857262,0.44039087301587304,0.13610057279818671,0.3811156972788954,0.6640698411412609,False,87
1.4,24,-382.6689142857314,0.045325148809523805,0.2192694003771601,0.24360480945800955,0.300376797570187,False,86
1.3,24,-396.9444000000195,0.04931622023809524,0.2577436543862577,0.31910033880058414,0.2743442779324099,False,86
1.2,24,-412.8913142857225,0.054969494047619055,0.31211913578677775,0.43989197228717863,0.27152606357734455,False,86
1.1,24,-434.5541714285719,0.06541741071428571,0.43254086690659455,0.6809641321054946,0.27421395411781413,False,86
1.0,24,-465.12268571430127,0.08857986111111112,0.6681309319217993,1.3128012430555558,0.2996896928034445,False,86
0.9,24,-518.860285714286,0.15794965277777775,1.1505133253197293,5.159254274966941,0.30618334316589846,False,86
0.8,24,-580.8528000000094,0.32429538690476184,0.7096717529760905,7.976783965729558,0.5918919172478395,False,86
0.7,24,-607.5725714285782,0.4170307539682539,0.2772777037349368,0.5588861038225242,0.6617439435226634,False,86
0.6,24,-618.915371428582,0.4396669146825397,0.13724037287374813,0.40675759584037685,0.6639012520531292,False,86
1.4,24,-382.5620571428448,0.04514880952380953,0.21345276593084278,0.2446998603012634,0.29854858974297027,False,88
1.3,24,-397.38931428569583,0.049067460317460315,0.24819829539842145,0.29821511425082853,0.31412539173485876,False,88
1.2,24,-413.3231999999882,0.05533159722222222,0.33007958421512323,0.4141709062913362,0.3188654772887842,False,88
1.1,24,-434.7129714285662,0.0640657242063492,0.4503217118821826,0.6348939339504746,0.2876542089938072,False,88
1.0,24,-465.8587428571276,0.08984151785714285,0.6814934536053241,1.2766485586380396,0.3327401109007887,False,88
0.9,24,-518.6337714285656,0.16655357142857144,1.2955191114398588,5.194292960443432,0.34007755420785746,False,88
0.8,24,-584.7868571428567,0.379016369047619,0.5927248538475912,1.017937852714037,0.6549296025033339,False,88
0.7,24,-607.8614285714402,0.41953794642857145,0.26551610873986214,0.541889985777045,0.6620234316353748,False,88
0.6,24,-619.1156571428672,0.4422643849206349,0.1400419725370492,0.32929988071620286,0.6644177703476911,False,88
1.4,24,-382.90548571428485,0.045580605158730164,0.22322362292336595,0.24633926139354506,0.29904189515392576,False,89
1.3,24,-397.2888000000223,0.049933035714285715,0.26898908171311897,0.3119676407421942,0.30009594428751385,False,89
1.2,24,-413.5225142857148,0.05420188492063492,0.3271379332956157,0.42973758255385486,0.2541766796453562,False,89
1.1,24,-435.202914285724,0.06520932539682539,0.40133020557616284,0.6787198587920025,0.27339170316503525,False,89
1.0,24,-465.32954285713913,0.08442286706349207,0.6814016990418976,1.2328884123795343,0.28494433302545397,False,89
0.9,24,-515.5675428571444,0.13229141865079364,1.0862772835026926,3.1187762896431748,0.3249532829539513,False,89
0.8,24,-584.4524571428586,0.3769109623015873,0.5852525800383052,1.0971595971070625,0.6541559019978596,False,89
0.7,24,-607.7472000000083,0.42095436507936507,0.27824668221603255,0.47207468091999416,0.6625374576679375,False,89
0.6,24,-619.0736000000076,0.44147767857142856,0.13719984656038126,0.3490197796201766,0.6642748595081143,False,89
1.4,24,-383.9662285714351,0.04547842261904762,0.22206157075466382,0.24619672312823937,0.30107219293938214,False,90
1.3,24,-397.3075428571469,0.04979786706349207,0.261976754270158,0.32126757301478265,0.2909736108167914,False,90
1.2,24,-413.40148571429,0.0554079861111111,0.3141506807603169,0.4192510799024475,0.3059012637621368,False,90
1.1,24,-434.9936000000007,0.06632762896825396,0.44289775049186064,0.7271387185309736,0.246582298998405,False,90
1.0,24,-466.1210857142927,0.08629910714285714,0.7336723630329894,1.377361190334466,0.2324968688913599,False,90
0.9,24,-518.6951428571505,0.16174776785714284,1.1710395829834568,4.921898270620753,0.3386752892643836,False,90
0.8,24,-583.1968571428597,0.3700037202380953,0.5911452485030899,1.483810319896166,0.6500065403237735,False,90
0.7,24,-607.4038285714337,0.4185744047619048,0.2749594556785156,0.5233664933592382,0.6620948058478202,False,90
0.6,24,-619.1369142857268,0.44163963293650793,0.13857494305896434,0.37705708610873856,0.6641303100477546,False,90
1.4,24,-383.22885714288094,0.04597197420634921,0.22380167978334164,0.24383701102911404,0.3119254519246841,False,91
1.3,24,-396.24777142858517,0.049868799603174606,0.2619114811147736,0.31214618107339104,0.31772868264097953,False,91
1.2,24,-413.5415999999899,0.05453050595238095,0.3087278656305387,0.4251506197739513,0.29709297866314355,False,91
1.1,24,-434.1339428571552,0.06453769841269842,0.43270559802101116,0.6640955905998759,0.27598792907227787,False,91
1.0,24,-465.69868571428907,0.08989136904761905,0.6377272589059734,1.316902587726757,0.31535700202012495,False,91
0.9,24,-520.4871428571397,0.16439285714285715,1.135785457958967,5.344904249181155,0.3412131376392856,False,91
0.8,24,-579.8416000000072,0.31544022817460315,0.7342942886901304,9.465897107736344,0.5774589927088216,False,91
0.7,24,-607.3336000000073,0.41805084325396824,0.29247077324278453,0.5791217929523081,0.6616890036232619,False,91
0.6,24,-618.8134857142943,0.4399419642857143,0.14416997833163975,0.3827616144652257,0.6640627379869388,False,91
1.4,24,-382.8357714286035,0.04470634920634921,0.22403364953256613,0.2512049133462909,0.2638144096786087,False,93
1.3,24,-396.84417142856256,0.049618303571428574,0.268957960897757,0.30745898959423495,0.3095278750744882,False,93
1.2,24,-412.9614285714224,0.05476512896825396,0.3151506534036863,0.41305142287296903,0.30583837054660457,False,93
1.1,24,-434.4290285714268,0.06677926587301587,0.4385002995446054,0.6793635810915277,0.2946046553566156,False,93
1.0,24,-465.374799999993,0.08897395833333333,0.6853640562302543,1.4264387383432553,0.2313686306079905,False,93
0.9,24,-518.9359999999994,0.15189806547619047,1.1750929257301441,4.247302602631331,0.3323239507906225,False,93
0.8,24,-576.1310857142879,0.24940550595238092,0.7178663332979338,13.149453806645068,0.4527746167386587,False,93
0.7,24,-607.5746285714354,0.41886755952380955,0.2762831096304812,0.512481683470981,0.6622213207079461,False,93
0.6,24,-619.1108000000128,0.44176339285714283,0.137243926035718,0.3334136373299579,0.664385283206702,False,93
1.4,24,-383.1886857142886,0.04588020833333333,0.23518177841407392,0.2509170735898525,0.30174162839174967,False,92
1.3,24,-397.02165714288554,0.049863839285714286,0.26620614914662777,0.30694794389390384,0.323845744337134,False,92
1.2,24,-413.9774857142661,0.05561507936507936,0.3355883438995601,0.4259767219387755,0.3106835904350468,False,92
1.1,24,-433.96319999998275,0.06521626984126984,0.4122509101403975,0.6263331560502993,0.295070481796067,False,92
1.0,24,-466.52234285715144,0.08905009920634921,0.7099421492006918,1.4988659828514734,0.22082502660483183,False,92
0.9,24,-519.6902857142727,0.16998735119047617,1.1132131771224916,5.002621160832397,0.3804970404872008,False,92
0.8,24,-580.1143428571513,0.31752504960317457,0.7649153645742341,9.822463722319672,0.5779871225385751,False,92
0.7,24,-607.4925714285808,0.41883829365079367,0.28856374195948076,0.48151555231614046,0.6623958358243478,False,92
0.6,24,-619.1177714285824,0.44195510912698416,0.13189166476124992,0.32973105814196657,0.6644135171083275,False,92
1.4,24,-382.9993142857098,0.04585912698412698,0.22584827460779355,0.24721110665694884,0.3092732552962435,False,94
1.3,24,-396.87765714286985,0.04936731150793651,0.258950341877021,0.3048040565312666,0.31269391718788797,False,94
1.2,24,-413.2601714285756,0.05469717261904763,0.32911978060830294,0.4353095615728927,0.2790538426841582,False,94
1.1,24,-435.3834285714286,0.06634176587301586,0.4519183387679953,0.6381995948000416,0.3197635138277476,False,94
1.0,24,-464.8772571428582,0.08662549603174602,0.6840462250340553,1.2834927339852613,0.27579851435745095,False,94
0.9,24,-516.450000000003,0.1338926091269841,1.129158907750197,3.6413537720064926,0.26786495333683547,False,94
0.8,24,-583.3442857142907,0.3708214285714286,0.64743069174303,1.8783597689909315,0.6486395110273868,False,94
0.7,24,-607.6193142857225,0.4180840773809524,0.2674651505853254,0.5111731543063465,0.662143563989277,False,94
0.6,24,-619.041485714297,0.4410528273809524,0.14243327859646715,0.37176666282832116,0.6641313292253352,False,94
1.4,24,-383.4348000000231,0.04453075396825396,0.21914376856576878,0.23295016642371233,0.3072851938575536,False,95
1.3,24,-396.94200000001086,0.05002752976190477,0.26752476812713744,0.32101946731096265,0.3185932709468914,False,95
1.2,24,-412.79857142857344,0.05532837301587301,0.31507002068760365,0.42350242535903254,0.3092615878224748,False,95
1.1,24,-435.442571428581,0.0657859623015873,0.4400479047197771,0.6861215792813339,0.2775796258555637,False,95
1.0,24,-466.3908571428606,0.09377380952380954,0.7240339818594698,1.4098419353741485,0.34219780963800617,False,95
0.9,24,-518.0262285714359,0.15655927579365078,1.02850513926675,4.519793555957106,0.34051306571563467,False,95
0.8,24,-581.1462285714282,0.327858630952381,0.7503096789878642,8.964453502515573,0.5935565536056098,False,95
0.7,24,-607.6292000000094,0.41835714285714287,0.26603479891450343,0.5055595108519435,0.6622069803082198,False,95
0.6,24,-618.8758285714415,0.44047594246031746,0.14184892402002414,0.3938107638298227,0.6639833561283985,False,95
1.4,24,-383.410228571398,0.0454375,0.21746127758980988,0.23481096088435371,0.33165562621772293,False,96
1.3,24,-396.5855428571438,0.04929836309523809,0.2645833299487511,0.31029877897152475,0.3025952334010493,False,96
1.2,24,-413.5426285714204,0.054702628968253966,0.31816236766190537,0.4160899198967783,0.2918925681951857,False,96
1.1,24,-435.8482285714542,0.06861731150793651,0.4620159464028608,0.7178355227981342,0.315741730124695,False,96
1.0,24,-466.2555428571451,0.085437251984127,0.6514067075737431,1.2642313531391716,0.28729495771702396,False,96
0.9,24,-519.6721714285841,0.16256101190476188,1.160587062449113,5.286446801933742,0.33403609167295334,False,96
0.8,24,-581.7203428571444,0.354641369047619,0.6479359123796748,3.7221232197775245,0.6338901577177835,False,96
0.7,24,-607.2230285714356,0.4189481646825397,0.290355506860863,0.520683886003808,0.6622047231115037,False,96
0.6,24,-619.0978285714403,0.44183506944444445,0.13528122726121958,0.3303025533234383,0.6644049415196424,False,96
1.4,24,-382.6451428571226,0.04492956349206349,0.23321928334260011,0.23519314018464527,0.3037664567951367,False,97
1.3,24,-396.83028571429395,0.04930977182539683,0.2633773333198801,0.3184652317449413,0.28690749632017776,False,97
1.2,24,-414.0441142857506,0.056030505952380946,0.3276665801208105,0.4325957156734226,0.30649112031837056,False,97
1.1,24,-434.13034285714275,0.06621304563492064,0.4175605968732898,0.6689363069148107,0.29171337495701455,False,97
1.0,24,-465.6736571428726,0.08952876984126984,0.6737094301530911,1.43443876133787,0.24447245104477666,False,97
0.9,24,-518.2768571428484,0.160109375,1.145359571225323,4.94529015018739,0.3323920986783093,False,97
0.8,24,-579.0801142857202,0.3062328869047619,0.72826979163128,9.920619270789029,0.5669754012295398,False,97
0.7,24,-607.1058857142943,0.41387748015873016,0.2780449857812872,1.366125459791055,0.6583769566867844,False,97
0.6,24,-618.8708000000083,0.4398479662698413,0.1479492611333963,0.3902668480134963,0.6640025295397805,False,97
1.4,24,-382.94971428569664,0.045526785714285714,0.22366624901663784,0.24838905855199225,0.30259850963623247,False,98
1.3,24,-397.0827999999928,0.049123759920634925,0.2556573696112248,0.3148955747154627,0.2828444375255408,False,98
1.2,24,-413.0081714285725,0.05496552579365079,0.3260487510669076,0.4201274139916384,0.3030850670908396,False,98
1.1,24,-435.9818857142935,0.06656969246031745,0.44298427930040263,0.6822289772405176,0.29870311781070613,False,98
1.0,24,-466.18908571429415,0.09108606150793652,0.6980185233504825,1.3937653032525503,0.28250799402214866,False,98
0.9,24,-520.3912571428585,0.15542609126984125,1.1690656307985556,5.070460613347196,0.3086650858957898,False,98
0.8,24,-581.9528000000104,0.3401299603174603,0.6819924685016883,7.414225959467137,0.6148487640628337,False,98
0.7,24,-607.7072571428656,0.4193613591269841,0.27496660964154257,0.4955757397453299,0.6622989482662809,False,98
0.6,24,-619.1903428571557,0.4411954365079365,0.13997100086720665,0.36343596466365646,0.664174293529628,False,98
1.4,24,-383.09622857140636,0.04566294642857143,0.22150605113612115,0.23981065331936338,0.32158553267586787,False,99
1.3,24,-396.6273142857421,0.048509672619047615,0.253064275369397,0.3002356346753447,0.30196760140942036,False,99
1.2,24,-413.09914285712887,0.05426240079365079,0.3116312270684055,0.41358637459845077,0.29408033616198226,False,99
1.1,24,-434.8532571428655,0.06574925595238094,0.4155675557803795,0.6743022958861581,0.2983090173482612,False,99
1.0,24,-465.92188571428363,0.09219295634920635,0.7076196049377157,1.5550678399943314,0.258262705054084,False,99
0.9,24,-517.168799999996,0.1402378472222222,1.0609774354301174,4.386563298335542,0.2792136078405627,False,99
0.8,24,-582.6304571428607,0.360594494047619,0.6427198298521513,3.054643216367292,0.6400284357970927,False,99
0.7,24,-607.5738857142899,0.41737772817460317,0.28410974768608094,0.5674945998845945,0.6616689963337098,False,99
0.6,24,-618.8773714285823,0.4406346726190476,0.13856769154766949,0.3517908328018926,0.6642443075004267,False,99
1.4,24,-394.4034285714097,0.05039285714285714,0.22581890763107962,0.3063143359248462,0.29633809288972435,True,0
1.3,24,-408.27748571427406,0.05483829365079365,0.2814758928202928,0.38501091095412515,0.309927909600731,True,0
1.2,24,-424.9379428571607,0.06068625992063492,0.3348140298405963,0.5179652373570955,0.2947392373499128,True,0
1.1,24,-447.8143999999934,0.07946378968253968,0.513651479994731,1.0899457455936916,0.08582992422209201,True,0
1.0,24,-509.3897142857098,0.18139484126984126,2.359537514739208,6.501816487528347,0.29265146360836247,True,0
0.9,24,-648.4294857142876,0.4696393849206349,0.7428121675203442,0.2082332846749857,0.6648012734734595,True,0
0.8,24,-675.5262857142975,0.49066666666666664,0.2869406170282849,0.047922981150796407,0.6663129898359884,True,0
0.7,24,-685.7484571428708,0.4971693948412698,0.10915903554125342,0.009360444555827234,0.666606012217505,True,0
0.6,24,-689.7378285714436,0.4992872023809524,0.03944630662508532,0.0025066210789415067,0.6666528608698028,True,0
1.4,24,-393.8581714285807,0.04949503968253968,0.22808292747234457,0.29250521096533844,0.30874499556988977,True,1
1.3,24,-408.3785142857236,0.054392857142857146,0.26379477325610184,0.38614247165532867,0.29063300642417533,True,1
1.2,24,-424.64617142857935,0.0619640376984127,0.3519315678383245,0.544306768441752,0.2833674519069044,True,1
1.1,24,-448.8789714285528,0.08142534722222222,0.525830091621167,1.080047888032106,0.26128543950906247,True,1
1.0,24,-512.2506285714277,0.19406125992063492,3.0388885657821447,8.380140872130108,0.28252821995390853,True,1
0.9,24,-648.8229714285724,0.4695744047619047,0.7682675344753906,0.23008971970273961,0.6646216119236721,True,1
0.8,24,-674.9928000000106,0.49037053571428574,0.2957999585815526,0.04138480211873796,0.6663546970901288,True,1
0.7,24,-685.7949714285857,0.4971629464285715,0.10865961238285356,0.009628698928919124,0.6666043800947132,True,1
0.6,24,-689.837028571443,0.49935391865079365,0.03692217964226636,0.0020897684594523014,0.6666551354958272,True,1
1.4,24,-393.9812571428757,0.05022718253968254,0.22594299949093996,0.28667668205377406,0.32799946373674704,True,2
1.3,24,-407.9450285714176,0.0533358134920635,0.25698430998674976,0.36546947224402554,0.30844212232178403,True,2
1.2,24,-425.3573714285282,0.06324404761904762,0.3333544008408979,0.5654634353741501,0.2949704433061987,True,2
1.1,24,-449.3066285714253,0.07928348214285715,0.5327358840913902,1.132722336857091,0.18431320649596217,True,2
1.0,24,-511.20742857143205,0.19200570436507938,2.771051174036226,7.384584435622163,0.3148434467500265,True,2
0.9,24,-649.361828571431,0.4705324900793651,0.7644874707875964,0.21593088746376665,0.6647503179128743,True,2
0.8,24,-675.1708571428704,0.4905099206349206,0.275552011585805,0.04037637755104795,0.6663624988682237,True,2
0.7,24,-685.8450285714423,0.49724280753968253,0.1040865965109428,0.008815765255535877,0.6666095733778272,True,2
0.6,24,-689.7869714285862,0.49933184523809526,0.037497197278169574,0.002098708191580201,0.6666550774059363,True,2
1.4,24,-394.1124571428567,0.048995535714285714,0.22290991883005987,0.28269217433997423,0.3052766689467884,True,3
1.3,24,-408.25005714287437,0.055379216269841276,0.2601529157240853,0.39577662979133943,0.2951500878470862,True,3
1.2,24,-425.2036571428559,0.06461979166666668,0.33348058352226384,0.5868318272569439,0.30220389498494293,True,3
1.1,24,-448.3688000000088,0.08093675595238096,0.4878270173160465,1.079909794082404,0.25124760473097196,True,3
1.0,24,-509.7463999999945,0.19417261904761904,2.824897869365082,7.718759523242634,0.32150796261912307,True,3
0.9,24,-649.3826285714302,0.4705267857142857,0.7228224964583878,0.20355714222727528,0.6648502709523344,True,3
0.8,24,-675.5221714285841,0.49071378968253976,0.27616610824136634,0.03902718590554244,0.6663726141134398,True,3
0.7,24,-685.7171428571563,0.49710887896825395,0.11337962770103704,0.010137033882021538,0.6666010865576568,True,3
0.6,24,-689.7810285714434,0.4993214285714286,0.03666823784268347,0.0021290570672860554,0.6666549110704065,True,3
1.4,24,-394.00525714285027,0.04839831349206349,0.22411740344301725,0.27676389486151604,0.30642642883589566,True,4
1.3,24,-408.22331428571124,0.053964285714285715,0.2735941161694981,0.3643214433978718,0.32068381542133273,True,4
1.2,24,-424.8561142857109,0.061584821428571426,0.34280848322930946,0.544329704624906,0.28684155134264666,True,4
1.1,24,-448.1331428571139,0.07802405753968254,0.5028142608834408,0.9825949981640378,0.2626901195382585,True,4
1.0,24,-505.88319999998987,0.18025520833333336,2.783024252063266,7.472090649057538,0.24966441452662436,True,4
0.9,24,-648.5212571428591,0.4695411706349206,0.7309773040784627,0.21144848749685252,0.6647740387395606,True,4
0.8,24,-675.6525714285839,0.49094568452380954,0.2641393282315915,0.035083260301522756,0.6664018643515267,True,4
0.7,24,-685.8802285714432,0.49724900793650795,0.10993492044993523,0.009466388079061465,0.6666055111707758,True,4
0.6,24,-689.7725714285863,0.49933903769841276,0.036366962711236954,0.00193799455539434,0.6666559610749667,True,4
1.4,24,-394.1060571428556,0.049798859126984125,0.22962107010971422,0.28571794215156304,0.3098274151724003,True,5
1.3,24,-408.2613714285715,0.05459548611111111,0.25957807874784866,0.39829562290140397,0.27905011765470245,True,5
1.2,24,-425.47234285714956,0.06288368055555556,0.3268801541793209,0.5558257095320764,0.2915926768513364,True,5
1.1,24,-447.64125714285564,0.08034424603174603,0.4808738531699516,1.0408324087816945,0.2562878374975146,True,5
1.0,24,-510.7108571428482,0.1792264384920635,3.2911141405894444,8.779212872696997,0.18098764670202316,True,5
0.9,24,-649.0930285714312,0.4702321428571429,0.7070587582653457,0.1962197430082746,0.6649006916777938,True,5
0.8,24,-675.4298285714393,0.4907507440476191,0.2796595407812358,0.03942084533549606,0.6663705842890013,True,5
0.7,24,-685.9281142857279,0.4972247023809524,0.10796743759606207,0.009978736435053903,0.6666023350959265,True,5
0.6,24,-689.7299428571574,0.49932068452380957,0.037111251637365915,0.0019251274919795947,0.6666560230544941,True,5
1.4,24,-394.37199999999416,0.050143105158730154,0.23178510082603507,0.30323239773141414,0.29219087868499183,True,6
1.3,24,-407.81462857143015,0.05491517857142857,0.26897343471669893,0.3903326485914879,0.29911404875743053,True,6
1.2,24,-424.68137142855727,0.06247371031746032,0.32918916219448785,0.5588864903391908,0.2881300761928536,True,6
1.1,24,-449.7447999999944,0.08439831349206349,0.5450139935720505,1.2141580848021027,0.22065564364452095,True,6
1.0,24,-506.8027428571182,0.17463368055555556,2.7284926853514864,7.0979143236607145,0.2232372341710398,True,6
0.9,24,-647.5460571428581,0.4680414186507936,0.7851052662580288,0.27833965384074233,0.6642498474088219,True,6
0.8,24,-675.3665142857287,0.49073834325396826,0.2900073749646341,0.04032885801975805,0.6663636886571301,True,6
0.7,24,-685.7652571428695,0.49715897817460325,0.10736744337993182,0.00910420589360734,0.6666076256107101,True,6
0.6,24,-689.7409142857284,0.4993077876984127,0.03811279358682509,0.0021834442909174356,0.6666546134402773,True,6
1.4,24,-394.51805714288474,0.04978844246031745,0.22446295422043766,0.29350727321732273,0.30650331893768157,True,7
1.3,24,-407.59108571431784,0.05302356150793651,0.25731277644941614,0.36622136422357404,0.2827692693295396,True,7
1.2,24,-424.6591999999908,0.062278273809523804,0.3304483209876497,0.5509614383739607,0.2863471625650267,True,7
1.1,24,-447.66445714286624,0.08120114087301587,0.5226593936395589,1.1159845454223363,0.23496162407877696,True,7
1.0,24,-508.1353142856941,0.18200322420634918,3.1012275769614157,8.109691908694733,0.22172837514349242,True,7
0.9,24,-648.3734857142873,0.46969890873015874,0.7303445641499307,0.20107826766817993,0.6648575413736989,True,7
0.8,24,-675.2933714285832,0.49068105158730163,0.2839220348287577,0.03911132918788418,0.6663722298024444,True,7
0.7,24,-685.8784000000129,0.49725272817460325,0.10920708519628856,0.009292247276871788,0.6666065531548885,True,7
0.6,24,-689.763200000015,0.4993191964285714,0.03637331922332292,0.0020372717663530437,0.6666554083606497,True,7
1.4,24,-394.2332571428651,0.04967113095238095,0.21844500345923118,0.29305456663022356,0.31129048764650014,True,8
1.3,24,-407.2323428571171,0.05405704365079365,0.25341106027181376,0.3850268793607189,0.2812363333362936,True,8
1.2,24,-425.19748571432746,0.06354662698412698,0.34537344916854473,0.5994097104119428,0.27128196219080836,True,8
1.1,24,-447.64914285715406,0.0783296130952381,0.5076572984014297,0.9878967730558129,0.2596920588380902,True,8
1.0,24,-513.134400000004,0.1961019345238095,3.1964477669841167,8.428797282844394,0.28422223079680975,True,8
0.9,24,-648.3468571428599,0.46909796626984124,0.7272085264974368,0.2318870697515507,0.6646167454823637,True,8
0.8,24,-675.8619428571537,0.49105729166666673,0.26992696768736035,0.03733426122268346,0.6663863258785787,True,8
0.7,24,-685.8306285714427,0.49718601190476186,0.10579470017154712,0.009249487973824903,0.6666067678040826,True,8
0.6,24,-689.7557714285862,0.4993246527777778,0.03707566332779584,0.0020187471064669893,0.6666555122481509,True,8
1.4,24,-393.8877714285398,0.050002480158730156,0.2301438483502039,0.29135699860301273,0.30957007822584215,True,9
1.3,24,-408.67851428570157,0.055625992063492065,0.2649790152960561,0.39866309480202333,0.2951514067801503,True,9
1.2,24,-424.9060571428608,0.06290699404761906,0.3200133348451292,0.5655932338612528,0.2886055941057767,True,9
1.1,24,-448.21885714286486,0.07959424603174603,0.5016519888121489,1.0148323871366725,0.274335689981807,True,9
1.0,24,-507.11382857142604,0.17948015873015874,2.3301521878457203,6.246651328798187,0.3074757058731947,True,9
0.9,24,-647.8734857142873,0.4685902777777778,0.8110738655412876,0.269973201058189,0.6643213849475356,True,9
0.8,24,-675.466171428582,0.4907375992063492,0.2776051856219257,0.03765431388181861,0.6663825454879078,True,9
0.7,24,-685.7821714285843,0.4971736111111112,0.11288662890488974,0.009719852607649975,0.6666037437631844,True,9
0.6,24,-689.7728000000147,0.49931398809523814,0.03778545326244012,0.002279693641327185,0.6666540957361916,True,9
1.4,24,-394.176914285722,0.05003844246031746,0.22779103262528516,0.2969606660744654,0.2984810637436972,True,10
1.3,24,-408.26628571427614,0.053855406746031745,0.2676658629527207,0.37829555792669645,0.28610130999574945,True,10
1.2,24,-425.23154285713133,0.0613797123015873,0.33702922373394795,0.5441121536930743,0.28309953181304903,True,10
1.1,24,-447.80719999999445,0.07887921626984128,0.5056083475010448,0.9831037839813952,0.2818507055289342,True,10
1.0,24,-508.4573714285538,0.18047147817460316,3.0042523808614936,8.0174495492843,0.2184295257085812,True,10
0.9,24,-648.2792000000032,0.4691840277777778,0.7665048781112231,0.22612998787476357,0.6646597952122694,True,10
0.8,24,-675.3917714285823,0.49077703373015874,0.27422712287419565,0.03630509632759793,0.6663923874878759,True,10
0.7,24,-685.7237714285864,0.4971138392857143,0.11072868300249791,0.010004010315459564,0.6666019740605784,True,10
0.6,24,-689.8126857143008,0.4993549107142857,0.035271710694472366,0.001894238886519517,0.6666562002270742,True,10
1.4,24,-394.39108571427994,0.049028025793650794,0.22514068115134211,0.27686956488398934,0.3229757921276861,True,11
1.3,24,-407.3610285714209,0.053964285714285715,0.26182430622980657,0.3795774720914004,0.2860892183811513,True,11
1.2,24,-425.0353142857192,0.06287921626984128,0.3382056172682373,0.5766305023797708,0.27534153505202297,True,11
1.1,24,-449.2906285714371,0.08077926587301587,0.5209122608458963,1.079760139533086,0.262994378531777,True,11
1.0,24,-513.1087999999877,0.1982874503968254,3.2282138139682703,8.078798043331913,0.31081312037268205,True,11
0.9,24,-649.1494857142884,0.46981200396825396,0.766050968226177,0.26867136227638255,0.6644509101032173,True,11
0.8,24,-675.5205714285847,0.4908948412698413,0.26548685427295965,0.03721828302152064,0.6663880941814397,True,11
0.7,24,-685.8355428571563,0.49721974206349207,0.10885072326279842,0.009022812398806122,0.6666081764360292,True,11
0.6,24,-689.7485714285862,0.4993005952380953,0.03733975812495228,0.002241213151892296,0.6666543005228387,True,11
1.4,24,-393.5726857142991,0.04930555555555556,0.22479501456572884,0.28599418934240345,0.3090957295187716,True,12
1.3,24,-408.17371428570976,0.05408159722222222,0.25398346415493817,0.3757431686889498,0.3082539629196678,True,12
1.2,24,-425.4981714285663,0.06256894841269842,0.33447239731354605,0.5561989416808382,0.28875268203616933,True,12
1.1,24,-449.63999999999993,0.07953844246031747,0.5141758494031438,1.0494510281063185,0.2585992690794712,True,12
1.0,24,-518.6750857142727,0.2149670138888889,3.3033579898187275,8.515948589533727,0.365601608357893,True,12
0.9,24,-649.7529142857146,0.4710176091269841,0.7093302470813586,0.18621939369960927,0.6649914537963965,True,12
0.8,24,-675.0123428571553,0.49052306547619046,0.2775810599489305,0.03850820573806146,0.6663759326620758,True,12
0.7,24,-685.6734857142997,0.4970999503968254,0.11873272946488006,0.010355966097737987,0.6665996247020853,True,12
0.6,24,-689.7990857143002,0.49933184523809526,0.037151010077549375,0.0021350838529432536,0.6666548823635424,True,12
1.4,24,-393.7264000000057,0.04926165674603174,0.2361815072886264,0.288110849707443,0.30321871848364956,True,13
1.3,24,-408.04251428571274,0.05400843253968254,0.2711306688134461,0.3555778866867259,0.3267777933422277,True,13
1.2,24,-425.15725714284815,0.06265823412698412,0.3432209014234828,0.5790430412651173,0.2519767459294968,True,13
1.1,24,-449.1553142857227,0.08279613095238095,0.553851785367639,1.208862233431251,0.16984162715475493,True,13
1.0,24,-504.1306285714237,0.17134077380952378,2.6582384705441453,6.809117853032881,0.20738417899334727,True,13
0.9,24,-649.1341714285725,0.4703325892857143,0.6924759167999636,0.17881841454867597,0.6650478180912112,True,13
0.8,24,-675.6155428571562,0.4909789186507936,0.2722270232423637,0.03511337297160022,0.6664015307614386,True,13
0.7,24,-685.9056000000141,0.49729563492063494,0.10870182442469697,0.00854049157758092,0.666611315442286,True,13
0.6,24,-689.7438857143004,0.4993112599206349,0.03700112868438827,0.0020946281533529287,0.6666550968976902,True,13
1.4,24,-394.29988571429175,0.05007738095238095,0.22991451043544414,0.2983193193229672,0.3070430783526922,True,14
1.3,24,-408.333142857158,0.05501537698412698,0.25258224013468633,0.3890091443179836,0.2947500706425853,True,14
1.2,24,-425.52765714286505,0.06263665674603175,0.3572292502992471,0.5743898041560374,0.26846965759013486,True,14
1.1,24,-447.3449142857122,0.0798390376984127,0.49905238237663446,0.9891806160778704,0.30261010202980243,True,14
1.0,24,-504.6968000000017,0.16024900793650795,2.4542273830158288,6.535371904195008,0.14777776279476929,True,14
0.9,24,-649.836685714289,0.47111780753968246,0.707539541417895,0.19174720454619987,0.6649524280071379,True,14
0.8,24,-675.3813714285844,0.49071155753968254,0.26531279871748986,0.036106398765254344,0.6663942816707944,True,14
0.7,24,-685.7691428571563,0.49716418650793653,0.1094094867874368,0.009399581106239095,0.6666057821390754,True,14
0.6,24,-689.8453714285852,0.4993625992063492,0.03401873211265568,0.0018941976096442659,0.666656200836036,True,14
1.4,24,-393.73211428570494,0.04985590277777778,0.23827527493174752,0.2989573371952946,0.29749107114779916,True,15
1.3,24,-407.86902857142485,0.054703125,0.2711601750191285,0.38098203468406616,0.3023483711139173,True,15
1.2,24,-425.2737142857255,0.06226810515873016,0.3254352477796023,0.5203398046284484,0.3266380462348434,True,15
1.1,24,-449.00685714285953,0.0804890873015873,0.5272105451546855,1.028368537930324,0.2621418939482866,True,15
1.0,24,-512.4987428571405,0.19628174603174603,3.006673548843537,7.799393903628117,0.31105083680357737,True,15
0.9,24,-649.0692571428573,0.4702688492063492,0.7016917573414708,0.18714792076091058,0.6649734531092766,True,15
0.8,24,-675.163314285725,0.4905079365079365,0.28724907734524796,0.04100960246599117,0.6663577863594523,True,15
0.7,24,-685.9696000000146,0.4972537202380953,0.10425263751178278,0.009259883736224392,0.6666067173869241,True,15
0.6,24,-689.7596571428713,0.4993241567460318,0.03650185128606856,0.002004049449588763,0.666655594098761,True,15
1.4,24,-394.18262857144884,0.04917981150793651,0.22569138317371687,0.285408496087423,0.3139318789283492,True,17
1.3,24,-407.6565714285723,0.0537485119047619,0.2567171030739373,0.3585546998735392,0.31517114224390963,True,17
1.2,24,-424.5513142857217,0.06120858134920635,0.33402817183177497,0.5480261524175645,0.27372457769512526,True,17
1.1,24,-447.35942857143795,0.07838417658730158,0.5020376487510091,1.0810865341875389,0.22372359657832874,True,17
1.0,24,-512.7598857142672,0.19891418650793652,3.027172920612126,7.987960583758502,0.3167999586385756,True,17
0.9,24,-648.1125714285693,0.4694732142857143,0.772651851152054,0.2180729931972536,0.6647209149770595,True,17
0.8,24,-675.4114285714421,0.49068030753968256,0.2810136585883545,0.040484342713618116,0.6663625098001954,True,17
0.7,24,-685.766057142871,0.49715798611111117,0.1151167472348861,0.010202883007305479,0.6666006465564989,True,17
0.6,24,-689.7531428571575,0.4993082837301588,0.03679077853357066,0.002115485579592402,0.666654980693995,True,17
1.4,24,-393.72582857144056,0.04946056547619048,0.22936474153135467,0.2964751977800044,0.2856758823907207,True,16
1.3,24,-407.57611428572346,0.0539796626984127,0.26595545786207564,0.38753441381039583,0.29018216086203985,True,16
1.2,24,-425.44057142856997,0.06264087301587301,0.341167878795054,0.5320332983749054,0.3295533602256264,True,16
1.1,24,-449.46400000001205,0.08088442460317459,0.5284294503476565,1.1424314614254794,0.172107591545704,True,16
1.0,24,-503.2730285714182,0.1654712301587302,2.232775344194983,6.442629733560082,0.21793938286664583,True,16
0.9,24,-646.7850285714306,0.4640104166666667,0.9516499213069513,1.0060195381393022,0.660463981923203,True,16
0.8,24,-675.4147428571546,0.4907356150793651,0.2724525353959468,0.03787276271967732,0.6663815255443406,True,16
0.7,24,-685.9557714285855,0.4972698412698413,0.10561017312292345,0.009079908487166222,0.6666078763857601,True,16
0.6,24,-689.710400000015,0.49927901785714285,0.03946591357951682,0.0023916023597259084,0.6666534700324884,True,16
1.4,24,-394.56651428572746,0.05013120039682539,0.22834529768843453,0.2985088263028425,0.2994577360969648,True,18
1.3,24,-407.988571428567,0.05446453373015873,0.2774444041916036,0.3836634887656988,0.29569613338475664,True,18
1.2,24,-425.5027428571458,0.06221626984126984,0.34255969386177687,0.5530776780990173,0.2780996541316533,True,18
1.1,24,-448.49040000001236,0.07851537698412699,0.4964306200969298,1.0362125890280356,0.18435187572339617,True,18
1.0,24,-514.9330285714253,0.2058308531746032,2.899367371972403,7.673912198837861,0.3531715469293303,True,18
0.9,24,-649.161714285713,0.4702996031746032,0.7725204718515192,0.2140997612748663,0.6647673839648142,True,18
0.8,24,-675.6038857142986,0.49082167658730164,0.2744920225345657,0.0375141258768541,0.6663836862175798,True,18
0.7,24,-685.9065142857276,0.4972162698412699,0.11183427627316499,0.009900481049545107,0.6666026437787219,True,18
0.6,24,-689.7329142857271,0.4993082837301588,0.038939054611602596,0.0021849300240273095,0.666654602997264,True,18
1.4,24,-394.3482285714391,0.04996974206349206,0.22697681279787754,0.29231878431729824,0.30710657860743584,True,19
1.3,24,-408.7586285714139,0.05439707341269841,0.25727277913295404,0.3851293705030091,0.2894705901191388,True,19
1.2,24,-425.64068571428714,0.06370411706349206,0.33766048223738404,0.5688243449723636,0.2953481280298794,True,19
1.1,24,-449.2572571428667,0.08198735119047618,0.5419449223027987,1.125872006770512,0.24491075100262905,True,19
1.0,24,-509.67394285712766,0.19508829365079366,2.758488126779917,7.426039993764165,0.3282084224066707,True,19
0.9,24,-648.5142857142873,0.4693970734126984,0.7432692813749475,0.2289700695625818,0.6646385916471345,True,19
0.8,24,-675.6462857142957,0.49088070436507936,0.26666383131362803,0.03540673004357453,0.6663990924662995,True,19
0.7,24,-686.0042285714424,0.49730654761904763,0.10574985566204709,0.008759738419177003,0.6666099145887583,True,19
0.6,24,-689.8081142857293,0.4993501984126984,0.03700232797862914,0.002005361866990185,0.6666555958013113,True,19
1.4,24,-394.8437714285722,0.049671626984126985,0.23074838390250677,0.2915515119857467,0.2859449417081932,True,20
1.3,24,-408.3461714285608,0.05403397817460317,0.2599838741832336,0.3818742579964682,0.30482158922411007,True,20
1.2,24,-424.462857142857,0.061915922619047624,0.32699854339879786,0.545083645567602,0.29528764966368726,True,20
1.1,24,-449.3200000000004,0.08244766865079364,0.5053845598845799,1.100977922045713,0.24895428533218256,True,20
1.0,24,-519.3555428571352,0.21416939484126982,3.3890286321768346,9.32223905325256,0.3520779595161072,True,20
0.9,24,-648.5971428571447,0.46971006944444443,0.7496537156008725,0.21631347470238538,0.6647456409065414,True,20
0.8,24,-675.4346285714406,0.490782242063492,0.27257809633612035,0.0380399856505198,0.6663804119816931,True,20
0.7,24,-685.6893714285861,0.4970987103174604,0.114896222684594,0.010519051465782374,0.6665986979982175,True,20
0.6,24,-689.8009142857293,0.4993467261904762,0.03559192718546035,0.0019175196050458254,0.6666560725302593,True,20
1.4,24,-393.87554285715373,0.049992559523809516,0.22779078253272597,0.29827095227972167,0.2977474783002685,True,21
1.3,24,-408.2354285714179,0.05554439484126984,0.2496584738826385,0.3869781575691172,0.3021405868715259,True,21
1.2,24,-424.755771428572,0.06310689484126984,0.3458663585128627,0.5521266531734219,0.30041714767086203,True,21
1.1,24,-448.3485714285643,0.08054340277777776,0.5104306797099037,1.1188884057088762,0.1967993548680449,True,21
1.0,24,-507.95005714284787,0.18014236111111112,2.6204993204308065,7.241282116071427,0.2547251217495907,True,21
0.9,24,-649.0507428571439,0.47023288690476184,0.7497594234201168,0.21267969572786427,0.6647726908169653,True,21
0.8,24,-675.354514285728,0.4906679067460318,0.27685438265305284,0.0398180569284734,0.6663672262885865,True,21
0.7,24,-685.9865142857288,0.4972413194444445,0.10648915155701094,0.009448183460859993,0.6666055237333415,True,21
0.6,24,-689.7051428571575,0.4992837301587302,0.03925444696388122,0.0022836035525219955,0.6666540614867958,True,21
1.4,24,-393.70308571429445,0.05009647817460317,0.22703302323106017,0.3072702279468336,0.27668687251353796,True,22
1.3,24,-407.7925714285762,0.05406225198412699,0.26845612815143804,0.3761565323292779,0.28676001589792377,True,22
1.2,24,-425.0742857142832,0.060802331349206346,0.31682971151421896,0.5126962565842312,0.30272005420025205,True,22
1.1,24,-449.2803428571394,0.08412574404761905,0.5202588742901941,1.2046624077187698,0.2372641901356335,True,22
1.0,24,-502.9241142857016,0.1666480654761905,2.3253116690249147,6.249232687606292,0.2219697099982525,True,22
0.9,24,-648.8209142857163,0.470234126984127,0.6797437224883435,0.18187404509951932,0.6650281906779811,True,22
0.8,24,-675.3212571428676,0.4906733630952381,0.27469300166589816,0.038209811463632004,0.666379158285912,True,22
0.7,24,-685.8752000000135,0.4972237103174603,0.10556839909352217,0.009137328109845657,0.6666074917588433,True,22
0.6,24,-689.7525714285861,0.49931076388888895,0.03689082734834099,0.0021468820270342803,0.6666548155719603,True,22
1.4,24,-394.4571428571576,0.04987524801587302,0.22741644685084403,0.29124816749169874,0.313128659839798,True,23
1.3,24,-408.02331428572563,0.053035962301587296,0.2580330661084938,0.37136435218799085,0.2790771898781381,True,23
1.2,24,-425.6202285714252,0.06293725198412697,0.324782906131902,0.5732318485154488,0.2733259669110818,True,23
1.1,24,-448.11965714285225,0.07836532738095238,0.5136891510840477,0.967664786867398,0.26568975600065536,True,23
1.0,24,-507.07599999998854,0.1734935515873016,2.3976499722221485,6.602027753826526,0.24590908523532695,True,23
0.9,24,-648.6228571428571,0.4695429067460317,0.8073734637891578,0.24773668552375838,0.6645031178390397,True,23
0.8,24,-675.6082285714392,0.49092733134920635,0.2652413837871057,0.035083680511269755,0.6664017819143376,True,23
0.7,24,-685.8161142857282,0.4971798115079365,0.10946360863558943,0.009705081744032031,0.6666038812228152,True,23
0.6,24,-689.7186285714428,0.49929761904761905,0.03800973519682211,0.00216445672715615,0.6666547152455373,True,23
1.4,24,-394.2076571428685,0.04870907738095238,0.224164266173773,0.2809812058379902,0.3012076440319942,True,24
1.3,24,-408.05268571428843,0.05569097222222222,0.26636466984665735,0.4044210569291823,0.29361911548783604,True,24
1.2,24,-425.7325714285814,0.06296750992063492,0.344731235827672,0.5570195511798466,0.27188267671421396,True,24
1.1,24,-448.71760000000967,0.07839211309523811,0.5248139494949983,1.014358156533446,0.25452991309293405,True,24
1.0,24,-512.4101714285664,0.18474677579365079,2.642902994988516,7.164780357107431,0.2738657121450959,True,24
0.9,24,-649.7619428571473,0.4708469742063492,0.7071664038241843,0.19117960974899262,0.6649604793361577,True,24
0.8,24,-675.3116571428698,0.4906470734126985,0.2751653369824364,0.037827712186373486,0.6663813151983099,True,24
0.7,24,-685.8564571428711,0.49721875,0.1147672943680225,0.009796333616810062,0.6666032822368548,True,24
0.6,24,-689.8002285714435,0.4993231646825397,0.036695546484988434,0.002136689755767307,0.6666548654047322,True,24
1.4,24,-394.5748571428852,0.04947470238095238,0.22757965546763093,0.29181086198169726,0.2969193909564076,True,25
1.3,24,-407.79371428571693,0.05370510912698413,0.2720176169678552,0.3709090048567501,0.29513774584636643,True,25
1.2,24,-425.6753142857252,0.0636860119047619,0.34479397705658,0.6072844764503018,0.25465288713434964,True,25
1.1,24,-448.55897142859493,0.08228794642857143,0.49672590691695684,1.0109963401553803,0.29897022762322933,True,25
1.0,24,-506.18057142856,0.1778980654761905,2.776770058956774,7.433111953479309,0.22868798373200394,True,25
0.9,24,-647.9631999999974,0.46792733134920633,0.8700268837938469,0.4202268562216638,0.663502879742885,True,25
0.8,24,-675.7235428571555,0.49086210317460316,0.26800919214196023,0.03843695365648658,0.6663776552988208,True,25
0.7,24,-685.6908571428703,0.4971185515873016,0.1147148398814515,0.01004373562522127,0.6666016595358901,True,25
0.6,24,-689.7762285714432,0.4993256448412699,0.03658920609745739,0.0020993976166305828,0.666655077489996,True,25
1.4,24,-394.51782857144036,0.05031150793650793,0.22892380534737342,0.2999225902980242,0.30652529680484075,True,26
1.3,24,-407.79108571429936,0.05410590277777778,0.2664185809013728,0.3863073155143468,0.284893495764721,True,26
1.2,24,-425.3379428571489,0.06368824404761904,0.3412028085002114,0.6079745169300363,0.2501742588649246,True,26
1.1,24,-448.7945142857197,0.08147991071428572,0.504357821180144,1.1107907284258398,0.23377919809754455,True,26
1.0,24,-510.35954285714257,0.18969221230158725,2.8538669996369714,7.713394808638045,0.28166587070946936,True,26
0.9,24,-648.4844571428605,0.46932911706349206,0.7859878468966579,0.23257829329649482,0.6645939401952765,True,26
0.8,24,-675.5251428571543,0.4908824404761905,0.2611931326176393,0.034277182362525416,0.666407638751982,True,26
0.7,24,-685.7542857142998,0.49715625,0.10882074598497776,0.009550982142838242,0.6666048236058131,True,26
0.6,24,-689.8056000000147,0.49933531746031745,0.03610081878237615,0.0020700821995500718,0.666655236652697,True,26
1.4,24,-394.50399999999826,0.049139880952380956,0.21591137836090257,0.28105701773566566,0.3183733913147052,True,27
1.3,24,-407.6410285714238,0.05467137896825398,0.25765037930198137,0.3867615606739486,0.2990120396579301,True,27
1.2,24,-425.5676571428514,0.06266220238095238,0.3445790959782499,0.5571215479733566,0.28411199793523056,True,27
1.1,24,-448.9313142857243,0.07983978174603173,0.47941629277938613,1.069018520794682,0.25471583597474645,True,27
1.0,24,-511.19360000000336,0.19733209325396825,3.0109167542857196,8.06202563601899,0.31832377210926766,True,27
0.9,24,-648.1746285714352,0.4688370535714286,0.7832562138796468,0.25833482138921227,0.6644019144979446,True,27
0.8,24,-675.3844571428696,0.4906902281746032,0.28376186947254045,0.03954288154579322,0.6663690610455623,True,27
0.7,24,-685.4992000000143,0.4970240575396826,0.1143760505345327,0.009783517523069512,0.6666032381247862,True,27
0.6,24,-689.7835428571567,0.49933283730158734,0.03565411715819075,0.002014827806062769,0.666655539784289,True,27
1.4,24,-394.24068571426824,0.048907490079365075,0.21827230279057638,0.2729210948888485,0.3275981012380995,True,29
1.3,24,-407.6014857142961,0.05399131944444444,0.27582342217126055,0.3661863539758852,0.3079109925560014,True,29
1.2,24,-425.14731428574106,0.06143105158730158,0.315956309508058,0.5336500230300457,0.2873927653789877,True,29
1.1,24,-448.273828571434,0.08005282738095237,0.5367296187102182,1.0764735837649455,0.22397247973187862,True,29
1.0,24,-511.840571428577,0.1916981646825397,3.181156348639585,8.904613863059806,0.2805701726228592,True,29
0.9,24,-649.1731428571442,0.47000049603174604,0.7263476603399928,0.21874071853741128,0.6647290308915019,True,29
0.8,24,-675.6419428571536,0.49096428571428574,0.27158054531592285,0.03608973639453117,0.6663948089028218,True,29
0.7,24,-685.8331428571563,0.49721875,0.10919970382700105,0.008900642006808925,0.6666089479227679,True,29
0.6,24,-689.7409142857288,0.49930654761904764,0.03706693820799114,0.0022012226001422164,0.6666545237009974,True,29
1.4,24,-394.0505142857128,0.048838045634920633,0.22078928497387115,0.279507758721048,0.29879672028097126,True,28
1.3,24,-408.1590857142809,0.05383829365079365,0.26637730730319403,0.3719236826268969,0.29320799836826983,True,28
1.2,24,-424.96308571429046,0.062063988095238096,0.33336861726819805,0.5581875187783443,0.25387629898945185,True,28
1.1,24,-447.94822857144743,0.08071453373015873,0.5079781823991304,1.0765402919179032,0.25056200348692537,True,28
1.0,24,-514.3538285714186,0.20536532738095237,3.2700537592743584,8.518642499681121,0.3306541992998504,True,28
0.9,24,-648.4188571428622,0.4694117063492063,0.7582367451919179,0.2223040980095803,0.6646840206344147,True,28
0.8,24,-675.3616000000097,0.4906123511904762,0.27487856448402676,0.03934394482529635,0.6663701152071917,True,28
0.7,24,-685.6776000000136,0.4970912698412699,0.11096959410462574,0.009826592160663443,0.666603019853508,True,28
0.6,24,-689.736914285728,0.4993010912698413,0.03739989896653972,0.0021319253118079473,0.6666548872558045,True,28
1.4,24,-394.3221714285799,0.04943452380952381,0.22416364985654444,0.2942243075801749,0.2794811845243287,True,30
1.3,24,-407.5721142857282,0.05389236111111111,0.26363421572806756,0.36533876144688626,0.31857482687948824,True,30
1.2,24,-425.758971428574,0.06196626984126984,0.3370062377015344,0.5491229360355258,0.28863855026895224,True,30
1.1,24,-448.88491428572155,0.08145213293650794,0.49872099381564045,1.067332276044888,0.27157407115266763,True,30
1.0,24,-508.0423999999899,0.17997271825396827,2.666043069365211,7.075010682397953,0.25842774677180114,True,30
0.9,24,-648.2678857142866,0.46926463293650794,0.7629882607989887,0.21407349832292866,0.6647335368639584,True,30
0.8,24,-675.2696000000116,0.49059523809523814,0.2765491113592588,0.037095096371819736,0.6663861504132416,True,30
0.7,24,-685.9829714285846,0.4972708333333333,0.10531416534734878,0.009240969387805466,0.6666068704778227,True,30
0.6,24,-689.6923428571573,0.4992713293650794,0.039530305870368786,0.0023532074357390798,0.66665367292463,True,30
1.4,24,-394.0185142857169,0.04978869047619047,0.22452642135222012,0.29357169420149026,0.3167020029696339,True,31
1.3,24,-408.1796571428366,0.05445659722222222,0.26882191919923387,0.3941743316926128,0.28793495808232883,True,31
1.2,24,-424.9269714285935,0.06166865079365079,0.3358741918461481,0.5194239564436884,0.3055571332879764,True,31
1.1,24,-448.9923428571259,0.0802824900793651,0.5437568357227713,1.0757883812293847,0.24454404667289154,True,31
1.0,24,-505.11234285712965,0.17251537698412703,2.5519018982085475,6.964431451105436,0.21156786188628462,True,31
0.9,24,-648.8618285714314,0.4699784226190476,0.7161695450573979,0.19825683386088144,0.6648843834821524,True,31
0.8,24,-675.0512000000132,0.4904355158730159,0.28682634623038433,0.040495230300410245,0.666361443392331,True,31
0.7,24,-685.9083428571568,0.49723908730158733,0.10745257975883314,0.009478790897308187,0.6666053231495306,True,31
0.6,24,-689.7446857143008,0.49931795634920634,0.03726412471566203,0.002065824593735499,0.6666552590747208,True,31
1.4,24,-394.0374857143011,0.04968973214285714,0.21804491665513306,0.28853051098862165,0.31324309266362826,True,32
1.3,24,-407.5412571428478,0.053821180555555556,0.2659682781736284,0.364920442803724,0.3149857340565104,True,32
1.2,24,-425.75348571430106,0.06379042658730158,0.3308427398431035,0.6003070611004823,0.26662562676527557,True,32
1.1,24,-448.1606857142792,0.07926066468253967,0.5035465820356174,1.0619754869807785,0.21900822543045717,True,32
1.0,24,-510.39451428570254,0.19420064484126984,2.8521320112473507,7.810976924284298,0.3022162260461857,True,32
0.9,24,-648.6534857142855,0.46993030753968257,0.7447735079086445,0.20258640869078803,0.6648424010198184,True,32
0.8,24,-675.5216000000096,0.49082638888888896,0.27810485416668795,0.037207777777745754,0.6663860912236941,True,32
0.7,24,-685.7337142857268,0.4971175595238096,0.10667782405505608,0.009457256033313299,0.6666054133193293,True,32
0.6,24,-689.7827428571574,0.49933085317460324,0.03662687068518372,0.002019722930794998,0.6666555080318551,True,32
1.4,24,-393.5770285714342,0.05032986111111112,0.21808707713221023,0.30164351261337863,0.2919637467982845,True,33
1.3,24,-407.97177142858897,0.05538095238095238,0.2740449219900968,0.3881175972440257,0.3116119685777997,True,33
1.2,24,-425.5387428571379,0.0632844742063492,0.3409630685311351,0.5807245733831732,0.27874460472182716,True,33
1.1,24,-449.2944000000131,0.07763665674603173,0.5199706850322329,1.0551296781269333,0.201693499173893,True,33
1.0,24,-514.3378285714035,0.2004875992063492,3.3005736068932188,8.246568312216548,0.31288281902115933,True,33
0.9,24,-649.7058285714314,0.47044890873015877,0.7448629244425939,0.22795380999619752,0.6646687171839201,True,33
0.8,24,-675.1160000000141,0.4905443948412698,0.28319489707355505,0.04008119751809147,0.6663651864648922,True,33
0.7,24,-685.8419428571569,0.49718477182539683,0.10865071548810329,0.009592737639704094,0.6666045489455217,True,33
0.6,24,-689.6803428571574,0.4992725694444445,0.03886260966215492,0.0022296928736942334,0.6666543465799006,True,33
1.4,24,-393.67805714286,0.04898462301587301,0.21712474560366235,0.2822487944403954,0.3062450433859347,True,34
1.3,24,-407.6896000000134,0.053991815476190474,0.2692046766225087,0.3594929022490406,0.31825836423788023,True,34
1.2,24,-424.9868571428702,0.06178075396825397,0.34472146282123056,0.5370991591080877,0.2774406745525748,True,34
1.1,24,-448.79474285715474,0.07827653769841268,0.5578721891268752,1.129474131590137,0.17884366159533116,True,34
1.0,24,-503.127542857144,0.16332341269841275,2.4630445361451367,6.5315549036281055,0.17624950187444177,True,34
0.9,24,-648.3094857142914,0.46801041666666665,0.9200329984047823,0.5701702127425179,0.6629466885002037,True,34
0.8,24,-675.9605714285836,0.49111631944444445,0.2678705348287735,0.03595770616320326,0.6663961577572637,True,34
0.7,24,-685.8664000000142,0.4972264384920635,0.10799701230904814,0.009135968932229486,0.6666074916121627,True,34
0.6,24,-689.7516571428717,0.4993008432539683,0.03701827103730376,0.002211370878200114,0.6666544551711726,True,34
1.4,24,-394.03131428569105,0.04982738095238095,0.2284945962793872,0.30759963111435085,0.2793754838825515,True,35
1.3,24,-408.03188571429894,0.05430282738095238,0.2630643260877649,0.37929379248975215,0.3090584713863346,True,35
1.2,24,-423.93862857142835,0.060879216269841274,0.33107757985329717,0.514974394575538,0.3032341955158432,True,35
1.1,24,-449.4517714285595,0.08161483134920636,0.5296988960289986,1.2314466720457113,0.17596725596376595,True,35
1.0,24,-520.1616000000012,0.21274107142857143,3.2041146622222083,8.655797973922898,0.35531341451307674,True,35
0.9,24,-647.7403428571482,0.4688831845238095,0.7543657796818621,0.21889820448318886,0.6647057910981555,True,35
0.8,24,-675.5338285714378,0.49087723214285717,0.2690575665746387,0.03685046020227789,0.6663889961689635,True,35
0.7,24,-685.8144000000142,0.4972093253968255,0.11001918756102358,0.00926842889527332,0.6666066822883344,True,35
0.6,24,-689.7417142857289,0.49930481150793654,0.03670914588080147,0.002084407537292776,0.6666551470895883,True,35
1.4,24,-393.80491428570315,0.05007366071428571,0.22135161450089072,0.2952025224479674,0.2982613679314613,True,36
1.3,24,-408.457028571437,0.05474156746031746,0.26844805376427106,0.37993918094802004,0.2959842919220722,True,36
1.2,24,-425.33085714284397,0.06137524801587301,0.3415629090293379,0.5677205208038079,0.24775326306523726,True,36
1.1,24,-448.2334857143048,0.0803375496031746,0.5351534482300158,1.1122794513695633,0.2244893778802809,True,36
1.0,24,-509.781028571411,0.18241195436507937,2.7912783434012454,7.897160068558668,0.24485734025321315,True,36
0.9,24,-648.8224000000004,0.46942038690476184,0.7326311017050663,0.2731710912305019,0.6643755032879516,True,36
0.8,24,-675.5096000000128,0.4909206349206349,0.26075362524788176,0.03490842616211687,0.666403223457317,True,36
0.7,24,-685.7525714285852,0.4971656746031747,0.10846206557460583,0.009325033203736614,0.6666062419650896,True,36
0.6,24,-689.7604571428718,0.49929489087301593,0.038529275887266984,0.002468723485904434,0.6666530627673322,True,36
1.4,24,-393.7636571428423,0.04961111111111111,0.21224984238047737,0.28480363662131514,0.32388192434832097,True,37
1.3,24,-408.5281142857376,0.055015376984126986,0.27502906732948856,0.38637712356096277,0.30785792012752655,True,37
1.2,24,-425.27291428570123,0.06273859126984127,0.34730201177878517,0.5686668720474299,0.26461713784059504,True,37
1.1,24,-448.38948571426425,0.07847123015873016,0.4941751004666706,1.0056032642754071,0.2488456719178982,True,37
1.0,24,-502.8844571428509,0.16796850198412697,2.911185076621223,7.136187747980445,0.159070960971196,True,37
0.9,24,-648.6235428571447,0.46768774801587304,0.8430631859130852,0.5948937433468693,0.6627177995388928,True,37
0.8,24,-675.3178285714389,0.49065079365079367,0.28968282451131694,0.03950324121311688,0.6663690584453136,True,37
0.7,24,-685.6272000000149,0.4970724206349207,0.1160142235181213,0.01008541788140503,0.6666013064683736,True,37
0.6,24,-689.8219428571574,0.49934424603174604,0.03682594079118981,0.002071479591805314,0.666655228338445,True,37
1.4,24,-394.5287999999751,0.0499873511904762,0.22244829551343637,0.29313106370971,0.3058952068649474,True,38
1.3,24,-407.6557714285728,0.05385441468253969,0.2612893753572808,0.3578621336723788,0.3175815684173591,True,38
1.2,24,-425.613028571431,0.06334027777777777,0.3460972380323051,0.5865794907407409,0.27290676584922235,True,38
1.1,24,-448.2199999999807,0.08006646825396826,0.5076502197297944,1.0230632349000193,0.2715493160372501,True,38
1.0,24,-504.2930285714362,0.16393526785714285,2.3583026735600976,6.490119147923752,0.18052304459432744,True,38
0.9,24,-648.2444571428587,0.4687616567460318,0.8110369160713111,0.2711294875519066,0.6643089863586678,True,38
0.8,24,-675.6850285714385,0.49095610119047617,0.2613424909299055,0.035371526670557873,0.6664000666679156,True,38
0.7,24,-685.8867428571555,0.4972532242063492,0.10544985510697641,0.008729722171609515,0.6666100963534354,True,38
0.6,24,-689.7926857143002,0.499328125,0.03654140866700924,0.00211087012234934,0.6666550137323437,True,38
1.4,24,-393.4882285714373,0.04940649801587301,0.21817876250641396,0.28314018846675576,0.30864863337642856,True,39
1.3,24,-407.83062857140527,0.05385441468253968,0.26958225222396737,0.3735726037578492,0.2926833859600816,True,39
1.2,24,-425.48811428570446,0.062293154761904765,0.332259929437541,0.5907334314767577,0.23525338240800275,True,39
1.1,24,-448.6830857142967,0.08059449404761905,0.5203601594985646,1.1019209683248292,0.18373377940111846,True,39
1.0,24,-510.1498285714159,0.19489732142857144,2.858877217210799,7.670820355867345,0.3137242681044954,True,39
0.9,24,-648.7834285714305,0.4691440972222222,0.8744977457235731,0.398476162092134,0.6637566373430238,True,39
0.8,24,-675.5166857142962,0.4907832341269841,0.2691448610759847,0.03891500832625683,0.6663746901317523,True,39
0.7,24,-685.9740571428707,0.4972447916666667,0.10508799440069194,0.009165609764737934,0.6666072566708613,True,39
0.6,24,-689.7392000000145,0.4993010912698413,0.03784835449651938,0.002281561555177447,0.666654090057416,True,39
1.4,24,-394.2305142857116,0.04970039682539682,0.22835315969035427,0.2974678170553936,0.2990307133211886,True,40
1.3,24,-408.3139428571465,0.05423784722222222,0.2624022728199763,0.3747658029990846,0.2877098787911895,True,40
1.2,24,-424.9251428571297,0.061441716269841275,0.3408771726978479,0.5315310761231571,0.2946842249202062,True,40
1.1,24,-449.81028571430113,0.08123611111111112,0.49963011187953865,1.1278177200577195,0.24766752858830654,True,40
1.0,24,-501.9121142857074,0.16445610119047618,2.1603103999772326,6.083397868161848,0.22451685361358176,True,40
0.9,24,-648.354628571429,0.4693489583333333,0.7536718566390798,0.2253300884590459,0.6646573475161585,True,40
0.8,24,-675.5774857142972,0.49082862103174596,0.27233245432982905,0.037096201769812875,0.666386819533885,True,40
0.7,24,-685.8584000000135,0.49724082341269843,0.10710421023709914,0.008666452816231844,0.666610463363092,True,40
0.6,24,-689.7636571428718,0.49932663690476187,0.035481946081936146,0.0019948610521058896,0.6666556489049781,True,40
1.4,24,-393.5381714285854,0.04980109126984127,0.2219257522213106,0.2933760830701328,0.31170208778991926,True,41
1.3,24,-408.3612571428761,0.05449107142857143,0.2602353322733227,0.3773382919065061,0.29198878875655887,True,41
1.2,24,-424.64902857142164,0.06274007936507936,0.31961681089376553,0.5692398601662887,0.2828377763599381,True,41
1.1,24,-448.5905142857032,0.08002480158730159,0.5534457583440252,1.1320187976705833,0.22659100544574018,True,41
1.0,24,-503.92159999998603,0.16613789682539684,2.024790598730154,5.790316630385487,0.26932827348026245,True,41
0.9,24,-649.8297142857151,0.4711160714285714,0.7070078077322623,0.19616135991434192,0.6649289370699816,True,41
0.8,24,-675.334628571442,0.4907070932539683,0.2826517260485969,0.03828811645230523,0.6663778364052106,True,41
0.7,24,-685.5915428571568,0.49706076388888887,0.11135510777873242,0.009813370535771375,0.6666030945773898,True,41
0.6,24,-689.7596571428721,0.4993087797619048,0.03731754793366067,0.00219385576103015,0.6666545562964807,True,41
1.4,24,-394.1276571428456,0.04943179563492064,0.21919126649772974,0.2904207037323857,0.30408606786960934,True,42
1.3,24,-408.254628571425,0.054586309523809516,0.272292181781542,0.37244662305948045,0.31557187265763154,True,42
1.2,24,-425.01782857140427,0.0636279761904762,0.3336835343284756,0.5869417781557071,0.2661694831380189,True,42
1.1,24,-447.41188571429745,0.07694295634920634,0.4882588160642749,1.0353267124046597,0.13311104789691908,True,42
1.0,24,-503.3114285714271,0.1656490575396825,2.018723364512476,5.720108644805842,0.2774516268438397,True,42
0.9,24,-648.7817142857169,0.4696599702380952,0.7911864281518275,0.2294934743874677,0.6646252726485802,True,42
0.8,24,-675.6286857142974,0.49087599206349203,0.2662080852819788,0.036322945719962085,0.6663927767703984,True,42
0.7,24,-685.8465142857281,0.49723834325396826,0.10972735207589451,0.009196569029398409,0.6666071444311125,True,42
0.6,24,-689.7594285714431,0.49932167658730164,0.037035712710820484,0.0020851506400720865,0.6666551549537535,True,42
1.4,24,-394.28640000000036,0.04941145833333334,0.23265636961454855,0.2964610531816893,0.28910255557959597,True,43
1.3,24,-408.2819428571338,0.054577876984126986,0.2619736600652275,0.3952850448063838,0.2935127292328522,True,43
1.2,24,-425.39531428571615,0.06295833333333334,0.3387335493670207,0.5684214054232801,0.28058957166978715,True,43
1.1,24,-447.98742857141366,0.08000421626984128,0.5251688667753777,1.0933165220766328,0.23871575408873535,True,43
1.0,24,-511.51931428569316,0.18880059523809525,2.998816634104009,7.948674477891149,0.26363329653348766,True,43
0.9,24,-649.6659428571456,0.4707619047619047,0.6926054161695853,0.1989410689090576,0.6649030014534956,True,43
0.8,24,-675.4473142857261,0.490718501984127,0.2687130493193813,0.03977749747553716,0.6663684348502841,True,43
0.7,24,-685.8209142857253,0.4971654265873016,0.11100201355906324,0.009536815628019875,0.6666048690494443,True,43
0.6,24,-689.8313142857288,0.4993578869047619,0.036064715545538174,0.0019483465018410584,0.6666559043209681,True,43
1.4,24,-393.99725714286285,0.05008482142857143,0.22818042741449,0.2952498035106899,0.3034815592741186,True,44
1.3,24,-408.4249142857305,0.054556299603174596,0.2590174895141707,0.3816792625752229,0.3023579382930368,True,44
1.2,24,-425.1222857142957,0.06186408730158731,0.32776961451246944,0.5649646253779285,0.2568843827984033,True,44
1.1,24,-448.93085714284035,0.08138938492063492,0.5352750505987292,1.0845417747629347,0.2658606799261437,True,44
1.0,24,-506.182514285698,0.18087723214285714,2.746673278707173,7.49713955466979,0.24218856716443493,True,44
0.9,24,-648.8311999999993,0.4700974702380952,0.7083234083871497,0.19500281521636964,0.6649130407633632,True,44
0.8,24,-675.2872000000121,0.49069171626984126,0.2735530339784809,0.036861316565706126,0.6663882850710214,True,44
0.7,24,-685.8300571428706,0.4971691468253969,0.11269197237325526,0.010213526684399454,0.6666006389063293,True,44
0.6,24,-689.7510857143003,0.4993172123015873,0.038292914839221794,0.0021661228623326423,0.6666547129409289,True,44
1.4,24,-393.751542857141,0.04981225198412699,0.2281025929473923,0.29116821426040634,0.3117468859724506,True,45
1.3,24,-407.7662857142813,0.0538687996031746,0.2604504149391515,0.3637983330880431,0.31596993206715995,True,45
1.2,24,-425.0445714285799,0.0618985615079365,0.3300032816830719,0.549568640607285,0.276547464384319,True,45
1.1,24,-447.27062857142556,0.08103497023809525,0.5140676163490233,1.1176246428249317,0.19061533576125123,True,45
1.0,24,-506.06605714284336,0.1802440476190476,2.3665279799547028,6.56281563435374,0.2856309329044968,True,45
0.9,24,-647.756457142861,0.46856324404761907,0.8219393029030819,0.27248236296138373,0.6643015331070177,True,45
0.8,24,-675.5654857142994,0.49083184523809525,0.2768181971373135,0.03883241408021432,0.6663744681655757,True,45
0.7,24,-685.8108571428704,0.4971956845238096,0.10932643690198544,0.00933778501575436,0.6666062103547559,True,45
0.6,24,-689.8054857143002,0.4993311011904762,0.035828117662265554,0.0020832855607810785,0.6666551616638756,True,45
1.4,24,-394.242171428564,0.04943080357142857,0.21519570363042234,0.28515528767310466,0.31384980033463716,True,46
1.3,24,-408.3919999999983,0.053413194444444444,0.2633370245138604,0.36500280601343105,0.3061307116021712,True,46
1.2,24,-425.1669714285606,0.06275694444444443,0.32116733558517035,0.5629391269841271,0.28758918826030533,True,46
1.1,24,-448.7771428571455,0.08018377976190474,0.4969655366278934,1.0025056817859732,0.2643139334957373,True,46
1.0,24,-509.68765714284956,0.19697941468253968,2.957909358526144,7.873591488059806,0.3144370932263201,True,46
0.9,24,-649.6398857142859,0.47093204365079366,0.7184318243890717,0.1873909200995172,0.6649835718310781,True,46
0.8,24,-675.5565714285831,0.4908472222222222,0.28993238378723785,0.03964971230157488,0.6663687403784124,True,46
0.7,24,-685.8241142857275,0.49717534722222223,0.10647672168966964,0.009018954435942663,0.6666081680541449,True,46
0.6,24,-689.7493714285856,0.49930208333333337,0.037302012535494415,0.0022266749338495373,0.6666543759269277,True,46
1.4,24,-394.2678857142545,0.04972594246031746,0.22631949261884599,0.29307656034884183,0.3059556832245697,True,47
1.3,24,-408.0100571428379,0.054601190476190484,0.2682253117041404,0.38121083246118886,0.2950923552193111,True,47
1.2,24,-425.57874285714064,0.06313045634920635,0.3447950901360215,0.5676117912651174,0.2872831808148122,True,47
1.1,24,-447.886628571445,0.0797390873015873,0.4994938238788296,1.0587985703978562,0.2449922742257653,True,47
1.0,24,-510.7469714285665,0.1934392361111111,2.7533703560997207,7.600621605406749,0.31641184482267926,True,47
0.9,24,-649.1024000000003,0.4702088293650794,0.7092843057025038,0.1968395721529248,0.6649084650139956,True,47
0.8,24,-674.8376000000135,0.490421875,0.27544011334315294,0.03803880735365972,0.6663796789101419,True,47
0.7,24,-685.8171428571569,0.4972261904761905,0.10639205886444854,0.008931818108166567,0.6666087877230429,True,47
0.6,24,-689.7473142857291,0.49931225198412693,0.0386232979963097,0.002178611052121582,0.6666546383166962,True,47
1.4,24,-393.72582857141737,0.049719494047619044,0.22651780275581407,0.2898352222778994,0.30549567317085835,True,48
1.3,24,-408.30971428570166,0.05438938492063492,0.2662285003153053,0.3795763887798709,0.29521648227051567,True,48
1.2,24,-425.1564571428465,0.0627594246031746,0.3376086047965455,0.5586180757511338,0.29058882826824683,True,48
1.1,24,-448.78057142858313,0.07855877976190476,0.5076373962257302,1.0613455988133889,0.22189031491774458,True,48
1.0,24,-508.41874285712197,0.1772299107142857,2.7591146282087617,7.411820709998587,0.2279485079011423,True,48
0.9,24,-648.896914285718,0.46959970238095233,0.8188640546454553,0.2693439202255199,0.6643765588238015,True,48
0.8,24,-675.2811428571564,0.49060887896825406,0.2775679528063,0.039409225083195665,0.666369617011894,True,48
0.7,24,-685.7828571428712,0.4971999007936508,0.11102762737766395,0.009772124028190532,0.6666034873051494,True,48
0.6,24,-689.7088000000141,0.4992916666666667,0.0389878871264618,0.0022026917989581563,0.6666545007407751,True,48
1.4,24,-393.97817142856974,0.049706349206349205,0.22386805866767082,0.2978135868156788,0.29067404565640953,True,49
1.3,24,-408.63165714285634,0.055363839285714284,0.2638802515933612,0.39561195793541765,0.29788422210203436,True,49
1.2,24,-425.6478857142947,0.0636078869047619,0.33565651673911034,0.5924356018223259,0.26533921769350743,True,49
1.1,24,-447.41257142857984,0.07942559523809525,0.5051388916998676,0.9895304596990293,0.29175385341140037,True,49
1.0,24,-500.3617142857038,0.1668204365079365,2.081197137755074,5.956678344671209,0.25491141447003385,True,49
0.9,24,-648.1589714285734,0.4694486607142857,0.7639593549732029,0.22090701022772663,0.6647004874646789,True,49
0.8,24,-675.9498285714412,0.4911584821428571,0.2566739753048194,0.034224587186471034,0.6664087216837802,True,49
0.7,24,-685.8027428571571,0.4971636904761904,0.11242643916926176,0.009857158244293325,0.6666028668943426,True,49
0.6,24,-689.6898285714431,0.4992750496031746,0.039246800453423214,0.002312516002955789,0.6666539010646123,True,49
1.4,24,-394.16320000000485,0.05027356150793651,0.23109416002595534,0.2948976755091917,0.31278412294639346,True,50
1.3,24,-407.74811428571473,0.0534484126984127,0.26919827696596965,0.37214596371882047,0.2811812060190454,True,50
1.2,24,-424.68537142859,0.0628578869047619,0.33995516803663073,0.5520233002350243,0.2916769298759522,True,50
1.1,24,-448.6566857142844,0.0801483134920635,0.49895728123531286,1.108447067486085,0.19620705034801733,True,50
1.0,24,-504.2996571428538,0.17136805555555557,2.967049186303888,7.612736396825394,0.1546196560018427,True,50
0.9,24,-649.6258285714282,0.4707063492063492,0.730087145488683,0.20227605568155838,0.6648697865516717,True,50
0.8,24,-675.266171428582,0.490733630952381,0.2757676360189975,0.036141181086997154,0.6663935793697822,True,50
0.7,24,-685.7450285714415,0.4971443452380952,0.11040458322953323,0.009514992508936615,0.6666050296287218,True,50
0.6,24,-689.725142857157,0.4992899305555556,0.038660366277764736,0.0022908535879206937,0.6666540238604968,True,50
1.4,24,-394.7609142857164,0.05048288690476191,0.2268977397843494,0.29604171199283297,0.30533570098844265,True,51
1.3,24,-407.67794285711193,0.05350545634920635,0.2623260593325535,0.37252843308477235,0.296454229810186,True,51
1.2,24,-424.35817142856877,0.0609280753968254,0.32005851669194074,0.5102470638463716,0.3125102149777388,True,51
1.1,24,-447.90205714286054,0.07763764880952383,0.5343342619328115,0.9804102174487205,0.2586219670589006,True,51
1.0,24,-520.3186285714135,0.2188075396825397,3.6554259649886567,9.308940057256237,0.3575871043694754,True,51
0.9,24,-649.8146285714291,0.47135838293650795,0.68170687035676,0.17463568086263592,0.665098676247208,True,51
0.8,24,-675.1099428571548,0.4904925595238095,0.29188524149614314,0.039871671449835944,0.6663659435801719,True,51
0.7,24,-685.8189714285854,0.49721329365079364,0.11092373288873479,0.009511980887607154,0.666605137323167,True,51
0.6,24,-689.7445714285859,0.4992993551587302,0.03892080971250655,0.0023342058177266978,0.6666537921298668,True,51
1.4,24,-393.66777142857933,0.04945287698412699,0.22795924558057473,0.29251601382815007,0.3096389220762602,True,52
1.3,24,-408.0281142857265,0.053917658730158725,0.2586605949899022,0.38219276513169387,0.28231687340902123,True,52
1.2,24,-425.8805714285781,0.0625657242063492,0.3388761018990644,0.562638675565712,0.28397839341512954,True,52
1.1,24,-448.50708571429794,0.08052628968253969,0.4966203037986391,1.0444607708462168,0.27538374891622075,True,52
1.0,24,-510.7727999999994,0.1919667658730159,2.972007921904707,7.471447133645125,0.29674711105188345,True,52
0.9,24,-649.1258285714306,0.47018948412698414,0.7237961646928658,0.20689419501131567,0.6648222829776183,True,52
0.8,24,-675.0948571428696,0.49062599206349206,0.27372100340162175,0.036743922902475745,0.6663888846984447,True,52
0.7,24,-685.9708571428715,0.497296130952381,0.1047414028880976,0.008878583373763047,0.6666091886260384,True,52
0.6,24,-689.7869714285861,0.4993253968253968,0.03650248828352581,0.002087915721862288,0.6666551376783612,True,52
1.4,24,-394.2918857142838,0.04890451388888889,0.22715825679114302,0.2812849123086736,0.30799649524396444,True,53
1.3,24,-407.6953142856951,0.05481076388888889,0.2577661909323789,0.3850852245497556,0.29647272022155324,True,53
1.2,24,-424.7188571428593,0.06326488095238095,0.31777601253465637,0.5691024466175361,0.27997338267045124,True,53
1.1,24,-448.4848000000065,0.080202876984127,0.5032498160829767,1.1902738841218294,0.13492439114054688,True,53
1.0,24,-506.0025142856962,0.17628298611111112,2.715989195374176,7.391664522073411,0.2269256146048817,True,53
0.9,24,-648.4963428571454,0.46969370039682545,0.7405574130343129,0.22483981225589034,0.6647018844967093,True,53
0.8,24,-675.2880000000125,0.49067137896825397,0.2658569692457035,0.035570313872936854,0.666397473524049,True,53
0.7,24,-685.7818285714415,0.4971495535714286,0.1100224776257284,0.009617040765707179,0.6666044124022681,True,53
0.6,24,-689.7421714285858,0.49931150793650797,0.03674467523321962,0.002020137944018785,0.6666554988343043,True,53
1.4,24,-394.79725714288134,0.0509593253968254,0.2215840555324046,0.3079439224975704,0.3079934950242691,True,54
1.3,24,-408.4474285714262,0.05416369047619048,0.27050975828195944,0.384074477149834,0.2892521380789774,True,54
1.2,24,-424.64548571430566,0.0613407738095238,0.32030256512977456,0.5207562631094111,0.30706343716275863,True,54
1.1,24,-449.54994285713974,0.07933234126984127,0.5092226936527572,0.9887018970315397,0.28137260823053156,True,54
1.0,24,-503.12285714286344,0.16601884920634918,2.3515663350338705,6.481814819161002,0.2074002912606977,True,54
0.9,24,-648.4318857142855,0.4692767857142857,0.8009654869405574,0.24841697467874013,0.6644752310688655,True,54
0.8,24,-675.3597714285835,0.4905488591269841,0.2824248014453208,0.042819300550978046,0.6663455860433125,True,54
0.7,24,-685.7328000000141,0.4971624503968254,0.1171347936508766,0.009989194555823288,0.6666020308868987,True,54
0.6,24,-689.7424000000148,0.49929910714285713,0.03868175132240904,0.0022598807161866574,0.666654189725514,True,54
1.4,24,-394.0146285714523,0.049828621031746026,0.21806751372110647,0.29302515384576466,0.3029958686005353,True,55
1.3,24,-408.0481142857042,0.054866815476190475,0.2721162468166972,0.38560541140654964,0.3114362466351115,True,55
1.2,24,-425.15691428572177,0.06267361111111111,0.3305264215010401,0.5327459490740745,0.31764854571228174,True,55
1.1,24,-447.2757714285578,0.07794667658730159,0.4516093669721094,1.0063720121817659,0.2522642386387862,True,55
1.0,24,-510.3195428571389,0.18856324404761907,2.913077015509973,8.22102964253826,0.2672243325076349,True,55
0.9,24,-648.9235428571443,0.46991889880952387,0.7107540785248581,0.22709926268420944,0.6646877864568106,True,55
0.8,24,-675.1812571428661,0.4905317460317461,0.27723912641748577,0.03854073767000976,0.6663756742012739,True,55
0.7,24,-685.7174857142991,0.49712648809523813,0.11084127983659878,0.00961363196467145,0.6666043793910806,True,55
0.6,24,-689.7506285714429,0.49930952380952387,0.03950257470433478,0.002260566893355076,0.666654192337043,True,55
1.4,24,-394.27051428568365,0.049697420634920636,0.23695477938587384,0.29877752470035623,0.29074206809857206,True,56
1.3,24,-408.0222857142935,0.05375719246031745,0.26063976405151806,0.372087912060658,0.2967454721291177,True,56
1.2,24,-424.82388571429,0.0614000496031746,0.33886428128937496,0.533519574800407,0.2916862952994137,True,56
1.1,24,-448.11771428569625,0.07762326388888888,0.5100921478233088,0.978468243371213,0.2405541002113747,True,56
1.0,24,-518.1452571428389,0.2133717757936508,3.2064532099545127,8.420824396789968,0.3647667258662124,True,56
0.9,24,-649.0819428571485,0.46989285714285706,0.7074226060582258,0.20856884353747773,0.6648041505368021,True,56
0.8,24,-675.6446857143002,0.4908968253968254,0.2645005356793856,0.03571093679136661,0.6663969202431437,True,56
0.7,24,-685.7245714285858,0.49715153769841275,0.10758091073186483,0.009264241931880184,0.6666066460687006,True,56
0.6,24,-689.7750857142997,0.4993288690476191,0.037529413957543764,0.002111416052503756,0.666655015548645,True,56
1.4,24,-394.2170285714291,0.0502001488095238,0.22468147298580868,0.3052910226099371,0.2886588166877345,True,57
1.3,24,-408.3268571428619,0.054345982142857144,0.2662864173676669,0.37763223527712325,0.30383188868582245,True,57
1.2,24,-424.9273142857162,0.06203968253968254,0.33758495534136224,0.5425954643801961,0.29449504497757917,True,57
1.1,24,-449.50697142858115,0.07820337301587302,0.5339608216488632,1.0878963146773861,0.19948262491004698,True,57
1.0,24,-507.79897142856765,0.18176165674603173,2.83505190292519,7.429008086415821,0.246344293403444,True,57
0.9,24,-646.3924571428554,0.46722668650793653,0.8309444204812575,0.2681357015305963,0.6642746455028883,True,57
0.8,24,-675.6190857142989,0.49088045634920635,0.2734578412340877,0.0369086194373458,0.6663883227450785,True,57
0.7,24,-685.681142857157,0.4970687003968255,0.1138950391045879,0.01075448650584018,0.6665972712603447,True,57
0.6,24,-689.7780571428716,0.4993107638888889,0.035524353490001416,0.0021394415509057296,0.6666548511884155,True,57
1.4,24,-393.89234285714423,0.049345238095238095,0.23589870697395005,0.27729916788143816,0.3309157382748785,True,58
1.3,24,-408.1387428571365,0.054290674603174605,0.26427796165256906,0.3859421332635618,0.29148933509700525,True,58
1.2,24,-425.4383999999899,0.062424851190476194,0.3313419722222425,0.5233213220131803,0.32065538384406644,True,58
1.1,24,-448.9461714285661,0.07876537698412699,0.5079343183037014,1.126369410817357,0.19489887572622167,True,58
1.0,24,-514.3287999999933,0.20436185515873015,3.325649452857053,8.845302112776363,0.3240993715323005,True,58
0.9,24,-647.668457142855,0.46779538690476186,0.819514940763122,0.33147833990772924,0.6639257458160455,True,58
0.8,24,-675.1051428571529,0.49052455357142855,0.276709222647595,0.03820175094781719,0.6663790217861421,True,58
0.7,24,-685.8363428571544,0.4971966765873016,0.10863655773055496,0.009637855877467112,0.6666042978955207,True,58
0.6,24,-689.8000000000146,0.49934201388888894,0.036405864196599455,0.0019847523974192427,0.6666557027624076,True,58
1.4,24,-394.2902857143043,0.05034747023809524,0.22939895876721259,0.29315139594974854,0.3088845456184046,True,59
1.3,24,-407.43428571430695,0.05397247023809524,0.2629174079887612,0.3739985149300103,0.3015745491574767,True,59
1.2,24,-425.3641142857229,0.06259722222222223,0.33340557923912617,0.5614000595238091,0.280453166889737,True,59
1.1,24,-448.43097142858704,0.07938665674603175,0.5236273787785547,1.195475334692589,0.06460127922703951,True,59
1.0,24,-510.75577142857867,0.19136061507936508,3.428248349909154,8.926809936366213,0.25913515388430275,True,59
0.9,24,-647.3421714285774,0.4685443948412698,0.7860617133896076,0.22306735634765928,0.6646466691220863,True,59
0.8,24,-675.5075428571542,0.4908469742063492,0.27100012468142465,0.03596557783267951,0.6663952724749547,True,59
0.7,24,-685.8219428571572,0.49719593253968264,0.11051351918247175,0.009667373461204372,0.6666040984984365,True,59
0.6,24,-689.6950857143001,0.49927728174603175,0.03957985487476783,0.0023408330971719238,0.6666537422702499,True,59
1.4,24,-393.78057142855783,0.04923611111111111,0.2222835577768962,0.28870443594104306,0.3053057372295862,True,60
1.3,24,-407.67622857142607,0.05493551587301587,0.27083689719440585,0.3762483102215245,0.3225387159349341,True,60
1.2,24,-424.80720000000457,0.06195337301587301,0.3298876138667998,0.5519828982426306,0.2872504969265659,True,60
1.1,24,-448.43062857142996,0.07935962301587302,0.47800993564594113,0.9796617809472271,0.2969553777483054,True,60
1.0,24,-509.36948571427337,0.18105233134920634,2.8176234628344394,7.49366315869473,0.2326314445119162,True,60
0.9,24,-648.7485714285726,0.4696649305555555,0.7087895495645335,0.21353419780647087,0.6647727950606884,True,60
0.8,24,-675.4267428571566,0.4908087797619048,0.26607184467148187,0.03640729162234457,0.6663920054315462,True,60
0.7,24,-686.040342857157,0.49733655753968253,0.1032284414356918,0.008704591786134079,0.6666103761104545,True,60
0.6,24,-689.8315428571574,0.4993606150793651,0.035934575711463024,0.0019537696050875297,0.6666558772955854,True,60
1.4,24,-394.4150857142749,0.04966790674603175,0.22147987616269232,0.3021320982902088,0.29600896825756773,True,61
1.3,24,-408.36674285714207,0.05440079365079365,0.2701429419287058,0.36362124062445494,0.320488620422854,True,61
1.2,24,-425.0009142857445,0.06308234126984127,0.33797999237847,0.5871528632842027,0.26060243313177445,True,61
1.1,24,-448.6385142856891,0.07864732142857143,0.48502817471563153,0.9767398076427535,0.27627876662863615,True,61
1.0,24,-521.4679999999968,0.22399429563492063,3.421892448412715,9.15748164593963,0.3841430424896525,True,61
0.9,24,-650.1206857142867,0.4710992063492063,0.7361721918201305,0.2078403413958263,0.6648271633906058,True,61
0.8,24,-675.7464000000136,0.4910143849206349,0.26896666096263283,0.036339245854584146,0.6663931055279411,True,61
0.7,24,-685.7819428571564,0.4971505456349206,0.1105429004581026,0.009725151795869635,0.6666037069362372,True,61
0.6,24,-689.7646857143,0.4993266369047619,0.03626823626863943,0.0019857671367251584,0.6666556941920455,True,61
1.4,24,-394.17977142858706,0.05040823412698413,0.22869553971722556,0.2987165807215743,0.30460115414820077,True,63
1.3,24,-408.6543999999882,0.05465352182539683,0.2572285274725275,0.38030092313688263,0.29310919522645273,True,63
1.2,24,-425.1325714285523,0.06273040674603175,0.33341515337609473,0.5536796685740263,0.3011696194693462,True,63
1.1,24,-448.51737142854813,0.08169965277777776,0.5333188146962147,1.1688254493596706,0.22927537546650845,True,63
1.0,24,-510.7782857142762,0.18821602182539685,3.2158487052153455,7.729695515554132,0.2517769753795732,True,63
0.9,24,-648.7889142857149,0.46877331349206347,0.8536699306006896,0.3812546124653693,0.6637322713609588,True,63
0.8,24,-675.7212571428686,0.4909804067460317,0.2767696385698551,0.037532255837247064,0.6663842082400512,True,63
0.7,24,-685.7500571428719,0.4971485615079365,0.11615961085657478,0.010277777322260968,0.6666002001220981,True,63
0.6,24,-689.7491428571575,0.4993005952380953,0.03762156557143128,0.002243693310610695,0.6666542901002326,True,63
1.4,24,-394.5081142857088,0.04977752976190476,0.2260354838724286,0.29723449118784406,0.30132093121263603,True,62
1.3,24,-408.466971428582,0.055813244047619046,0.26489404934993377,0.4014836658108759,0.2783154317238379,True,62
1.2,24,-425.1597714285473,0.0623219246031746,0.32449209649784716,0.5560061908304991,0.2770527066887327,True,62
1.1,24,-448.27954285715964,0.08113516865079366,0.5325367044096183,1.1363778805594198,0.22936626064241605,True,62
1.0,24,-507.1356571428318,0.172234375,2.5261834474149003,6.61461633358135,0.22052592748178879,True,62
0.9,24,-648.7986285714314,0.46995089285714287,0.7587372093725324,0.2097323411123675,0.6647943247559283,True,62
0.8,24,-675.2073142857286,0.4906113591269841,0.2761685056692423,0.03855176334855992,0.6663758505231021,True,62
0.7,24,-685.6624000000145,0.4971049107142857,0.11655050599309566,0.010341354419790403,0.6665998291988309,True,62
0.6,24,-689.8081142857285,0.4993306051587302,0.03523513221352914,0.0021041429870471973,0.6666550506424045,True,62
1.4,24,-394.5898285714167,0.049988343253968254,0.2239620074853299,0.2846888967595965,0.31237375951144575,True,64
1.3,24,-408.1161142857027,0.0541515376984127,0.2658706241060751,0.3863726473650356,0.283618528870744,True,64
1.2,24,-425.5564571428753,0.06370064484126983,0.3395602141440058,0.6153858925914123,0.245936515875127,True,64
1.1,24,-448.59977142856405,0.07960019841269841,0.5161130131744104,1.03404669449598,0.2734317686330098,True,64
1.0,24,-505.92365714285177,0.18019345238095236,2.6441600402720016,6.993507808956926,0.2538236235400071,True,64
0.9,24,-648.8939428571457,0.46984945436507936,0.7386599007868139,0.2255697873756013,0.6646757697578273,True,64
0.8,24,-675.4989714285825,0.4909399801587302,0.2618840187077845,0.034441215809231096,0.6664066558499357,True,64
0.7,24,-685.7308571428713,0.49710218253968264,0.1110151314273863,0.00998006478777315,0.6666020565883146,True,64
0.6,24,-689.7163428571578,0.4992854662698413,0.03768516477700842,0.0022012494684897632,0.6666545039655996,True,64
1.4,24,-394.07085714286603,0.04879588293650793,0.22781463279188718,0.28734724183572274,0.279055767407293,True,65
1.3,24,-408.7268571428398,0.05593923611111111,0.2727791383220417,0.41293786496489643,0.2845415175983004,True,65
1.2,24,-424.63257142857344,0.06257465277777778,0.3197485004881805,0.5386503920717588,0.2986136430902514,True,65
1.1,24,-448.66708571427876,0.07924454365079366,0.5087380002436168,1.087538581091527,0.20367604058427835,True,65
1.0,24,-513.7883428571491,0.2038955853174603,3.5994069863038223,8.780890361075684,0.30301080184227935,True,65
0.9,24,-648.9360000000062,0.4696932043650794,0.7910550068580883,0.24475333014455813,0.6645141080540028,True,65
0.8,24,-675.6689142857263,0.49100396825396825,0.26632094639356607,0.0347293090986156,0.6664051283126722,True,65
0.7,24,-685.7530285714423,0.4971478174603175,0.11090601503997949,0.009536260932918594,0.6666048894741095,True,65
0.6,24,-689.746514285729,0.49930505952380955,0.03845291484010909,0.002295965372249853,0.666654007063143,True,65
1.4,24,-393.9826285714197,0.049805803571428574,0.22556144310242204,0.2910831589882975,0.3077793239674046,True,66
1.3,24,-408.7845714285646,0.05391741071428571,0.25894584356424205,0.388672678326138,0.2744731496543371,True,66
1.2,24,-425.827771428576,0.0636374007936508,0.34776935233998707,0.5524552568735828,0.30437801157685307,True,66
1.1,24,-447.69725714286056,0.07948735119047617,0.5116290886415197,0.9790333162943226,0.241014395635062,True,66
1.0,24,-507.2466285714294,0.17720907738095235,2.785553685623452,7.431462866744622,0.2197269272873964,True,66
0.9,24,-648.2636571428601,0.4693511904761905,0.7573691316312651,0.23062241055681554,0.6646548291229899,True,66
0.8,24,-675.0732571428722,0.4905580357142857,0.28131381515679416,0.03870274854734346,0.6663747154647832,True,66
0.7,24,-685.8465142857281,0.49722098214285715,0.10840503267190758,0.00913584057138753,0.6666075184834289,True,66
0.6,24,-689.7773714285852,0.49931572420634923,0.03653258352299833,0.0021426752054765075,0.6666548332802302,True,66
1.4,24,-393.83371428571763,0.04955183531746032,0.223050823441592,0.28808881375020245,0.2954495233383554,True,67
1.3,24,-407.51668571430304,0.05395089285714286,0.25523096457757843,0.37362329659427873,0.29349744149550583,True,67
1.2,24,-425.3630857142695,0.06233978174603175,0.327352413564508,0.5371288821570291,0.300168724204542,True,67
1.1,24,-448.24731428572414,0.08099677579365079,0.5304311970165334,1.1250626081928983,0.16044903783083175,True,67
1.0,24,-506.72834285713213,0.17273710317460317,2.4224545775736157,6.898712777210884,0.23832662809897842,True,67
0.9,24,-648.876800000006,0.46980654761904755,0.7874300388010038,0.2282047745024407,0.6646473334134755,True,67
0.8,24,-675.3403428571552,0.49069568452380957,0.2801464716553267,0.038423672007825704,0.6663773051081054,True,67
0.7,24,-685.7748571428705,0.49714831349206356,0.11015470868610332,0.010043124190090173,0.6666017415235436,True,67
0.6,24,-689.7910857143007,0.49933209325396827,0.035437667925797556,0.002023381460194429,0.6666554903186714,True,67
1.4,24,-393.4446857142642,0.049963541666666667,0.2315013896871396,0.29252464445153065,0.30450077221090044,True,68
1.3,24,-408.1167999999776,0.05417261904761905,0.2730298476565955,0.3676935129949415,0.3157858199204062,True,68
1.2,24,-425.2949714285585,0.06140252976190476,0.3428546459908592,0.5471271014916388,0.2538029800435945,True,68
1.1,24,-449.3722285714098,0.08253249007936508,0.5198963091209817,1.154451999555503,0.2745412768398059,True,68
1.0,24,-504.32468571426506,0.17630753968253968,2.3416171364853855,6.389504025510206,0.2786278705133792,True,68
0.9,24,-648.3003428571454,0.4692316468253968,0.8187284682957775,0.25973138054295575,0.6644042066824489,True,68
0.8,24,-675.2971428571559,0.4906850198412699,0.2770780718536671,0.03729452930129051,0.66638474395041,True,68
0.7,24,-686.0725714285849,0.4973494543650794,0.10000531144385796,0.008461240231204061,0.6666118313390603,True,68
0.6,24,-689.6852571428722,0.499280753968254,0.04058752103733072,0.0023869756235317396,0.6666535025009643,True,68
1.4,24,-393.91371428575275,0.050023809523809526,0.22663982570919156,0.2950653846776804,0.302362685593049,True,69
1.3,24,-408.4675428571422,0.05451835317460318,0.2637858648177454,0.39049365722571044,0.29287509634563214,True,69
1.2,24,-425.7758857142926,0.06504637896825397,0.33892026453449836,0.6002699744602704,0.27656603454002116,True,69
1.1,24,-448.85588571428525,0.08018799603174603,0.5374071677630139,1.1170485749072354,0.22256515845849578,True,69
1.0,24,-513.810742857131,0.19691517857142857,2.9215533710656825,7.873883593962589,0.3188988503823488,True,69
0.9,24,-648.0378285714303,0.46874156746031737,0.8387833330256078,0.26819935925303184,0.6643096652993042,True,69
0.8,24,-675.2793142857272,0.4905632440476191,0.28458214158130574,0.04326914146645544,0.6663433261161149,True,69
0.7,24,-685.7782857143001,0.49718750000000006,0.11029943079332141,0.009307397959157677,0.6666063940228606,True,69
0.6,24,-689.8250285714429,0.4993375496031746,0.03600491553203747,0.0021700656060907875,0.6666546961743662,True,69
1.4,24,-394.0918857142687,0.048410714285714286,0.2234774582812653,0.277243256397797,0.3102541258191287,True,70
1.3,24,-408.020799999997,0.05467708333333333,0.2588944555273578,0.4039495093101347,0.2740176260887348,True,70
1.2,24,-424.81908571428386,0.06180977182539683,0.33196263402304443,0.5267891366390303,0.2921328186381166,True,70
1.1,24,-448.05462857141407,0.08020014880952382,0.5568187536964889,1.0540697250244786,0.22515885232884614,True,70
1.0,24,-506.86582857142224,0.17671230158730156,2.627966444988589,7.1469648520408215,0.21960597359045175,True,70
0.9,24,-649.5190857142857,0.47062797619047614,0.7427760907030485,0.209771621315209,0.6648024914292352,True,70
0.8,24,-675.3676571428692,0.4906812996031746,0.27887737071239366,0.039592397914898214,0.6663690139053104,True,70
0.7,24,-685.7445714285858,0.4971076388888889,0.11137946110470273,0.010188884637162436,0.6666007588701077,True,70
0.6,24,-689.7233142857289,0.4993000992063492,0.03714756607431259,0.0021545679799750417,0.666654772290319,True,70
1.4,24,-394.5869714285884,0.05009226190476191,0.2242000035170857,0.30213418205377374,0.2963247522039665,True,71
1.3,24,-407.58811428571545,0.05400818452380952,0.25539743165749174,0.3618506311867697,0.3240655953723498,True,71
1.2,24,-425.1786285714374,0.06302108134920635,0.3366425269432245,0.5374980158434896,0.30772974698892763,True,71
1.1,24,-449.0490285714444,0.0786016865079365,0.5054352234590279,1.0268570241960422,0.2072301891507503,True,71
1.0,24,-508.6914285714221,0.19097743055555555,2.8155065192741455,7.654325133184527,0.30025393794195276,True,71
0.9,24,-649.6572571428559,0.4707423115079365,0.7086296575967393,0.18573813897550195,0.6649900758401056,True,71
0.8,24,-675.39405714287,0.4906783234126984,0.27483286550465075,0.03781014274201411,0.6663811302181226,True,71
0.7,24,-685.8155428571573,0.4972095734126984,0.10558466398262575,0.009381883655282967,0.666606015244517,True,71
0.6,24,-689.7241142857281,0.49929191468253975,0.03888514764488112,0.0023233167398473142,0.666653853817575,True,71
1.4,24,-393.9224000000059,0.049377728174603175,0.22302819379658,0.28335673588334137,0.3099732183360463,True,72
1.3,24,-408.14845714285076,0.05345659722222222,0.2539628010439458,0.3710205343788157,0.2954451094202589,True,72
1.2,24,-425.4537142857212,0.062259672619047614,0.3263946145124672,0.5413196227501421,0.2977838822468376,True,72
1.1,24,-447.8568000000042,0.07817708333333333,0.5143558589794158,1.0159712527056277,0.2431755485971745,True,72
1.0,24,-506.1506285714278,0.17512301587301587,2.352056799909153,6.633970053287979,0.24731322826460156,True,72
0.9,24,-648.0165714285719,0.4676054067460318,0.895541837434205,0.5139253737953098,0.6630732094729088,True,72
0.8,24,-675.2429714285838,0.49052033730158734,0.2837058044215091,0.04219275775932951,0.6663507660581376,True,72
0.7,24,-685.9048000000138,0.49724007936507936,0.10591541075472155,0.009110565273715565,0.66660766216904,True,72
0.6,24,-689.7617142857289,0.49931473214285715,0.035917534329021214,0.0020925944231553473,0.6666551086506469,True,72
1.4,24,-394.219657142875,0.04940228174603175,0.22280225734647857,0.2883656234815353,0.30737792721644985,True,73
1.3,24,-407.86468571429964,0.05461904761904762,0.2668172945296831,0.3853508695272978,0.2933224293843857,True,73
1.2,24,-424.79531428569527,0.0626374007936508,0.3205124294375402,0.5435168970852228,0.30194902077668173,True,73
1.1,24,-447.7389714285709,0.07810887896825397,0.5519620573826425,0.9965017127589677,0.2657636694602742,True,73
1.0,24,-507.9054857142774,0.18413591269841273,2.951817031088366,7.456859336167797,0.2566998608251896,True,73
0.9,24,-648.3082285714278,0.46955580357142856,0.739729156266324,0.20601328258850415,0.6648125294272592,True,73
0.8,24,-675.6248000000132,0.49088467261904756,0.2602096411209231,0.038000371625239726,0.6663818839397886,True,73
0.7,24,-685.560000000015,0.4970505952380953,0.11697975380617487,0.009991209912481988,0.6666019410247089,True,73
0.6,24,-689.7147428571573,0.4992819940476191,0.03862521945095832,0.002375872484376984,0.6666535659791553,True,73
1.4,24,-393.91965714283674,0.04957638888888889,0.22925408152852986,0.2858893225623581,0.30694908811510835,True,74
1.3,24,-407.8571428571371,0.05460267857142857,0.26418303613358096,0.36917912295046185,0.31073724878875997,True,74
1.2,24,-425.44034285712274,0.06467435515873016,0.34012700603111795,0.5846934851840044,0.2881063293344993,True,74
1.1,24,-448.9278857142897,0.08235367063492065,0.5166202439796431,1.1064310676922264,0.24789078503092454,True,74
1.0,24,-515.0278857142733,0.20409945436507937,3.168924443627879,8.684509352288831,0.33051102139821986,True,74
0.9,24,-648.3629714285722,0.4694312996031746,0.7558340198763934,0.21399167733529012,0.6647445022089646,True,74
0.8,24,-675.2744000000137,0.4906845238095239,0.2738532879466977,0.0370088577097083,0.6663876847570522,True,74
0.7,24,-685.7509714285851,0.4971470734126984,0.11031477435377414,0.009589103043034746,0.6666045562781405,True,74
0.6,24,-689.6513142857292,0.49925272817460326,0.0401394179264425,0.0023710808176602427,0.6666535722104268,True,74
1.4,24,-394.66491428573954,0.050222718253968256,0.22747104072378227,0.29430307529559435,0.30876623746595133,True,75
1.3,24,-408.4467428571701,0.054066468253968256,0.2661596790377254,0.38401142464678184,0.29777729491448435,True,75
1.2,24,-425.39405714285175,0.06097445436507936,0.32436663510957064,0.5430311732036569,0.2748806539466332,True,75
1.1,24,-448.6723428571648,0.08113368055555556,0.524457662169088,1.1217248324765507,0.1994479124068289,True,75
1.0,24,-510.3715428571387,0.19405133928571427,2.8050955782084404,7.3925565750779505,0.30897879393174643,True,75
0.9,24,-649.5750857142873,0.4708506944444445,0.7119214600932559,0.19285254078480918,0.6649509795651071,True,75
0.8,24,-675.3468571428705,0.4907636408730159,0.27815652547486824,0.038006435967608,0.6663803949342706,True,75
0.7,24,-685.6540571428703,0.49708953373015874,0.11299677314999995,0.009844852152148016,0.6666029151184136,True,75
0.6,24,-689.7872000000142,0.4993256448412698,0.037431529098745316,0.0021572679871262324,0.6666547600950623,True,75
1.4,24,-394.5516571428865,0.049589037698412705,0.22029457715543296,0.2932139251042676,0.30466990308471165,True,76
1.3,24,-408.1338285714214,0.054313740079365076,0.2749197997960654,0.377742972456611,0.29710503572428393,True,76
1.2,24,-424.62525714285243,0.061494047619047615,0.32829464536090947,0.5355869373582773,0.29621544706027214,True,76
1.1,24,-448.2226285714345,0.07814756944444444,0.514632808530602,0.9573705395472585,0.28060873495392313,True,76
1.0,24,-510.26365714284725,0.19235540674603174,2.7635920124942763,7.864991499114231,0.3145846695269555,True,76
0.9,24,-648.8972571428596,0.47005877976190474,0.6872160577532681,0.1986014373504119,0.6648953115007368,True,76
0.8,24,-675.7104000000139,0.4909675099206349,0.2693235843257942,0.03682519482530733,0.6663895646962474,True,76
0.7,24,-685.8497142857276,0.497203125,0.11165434656785139,0.009995660785135285,0.6666021342942475,True,76
0.6,24,-689.7644571428715,0.49930853174603174,0.037743025888720486,0.002213781179145613,0.6666544457852438,True,76
1.4,24,-394.0051428571724,0.0495342261904762,0.22493113951362165,0.28710015579446024,0.3230526746497916,True,77
1.3,24,-408.49862857142756,0.055419642857142855,0.2612211519140382,0.418530047967905,0.253776500807678,True,77
1.2,24,-425.3286857142609,0.06337723214285715,0.33817646327798984,0.5615223636798465,0.28783269888729146,True,77
1.1,24,-448.12342857143403,0.08091021825396824,0.5030493731376596,1.083581320217482,0.2528955835040144,True,77
1.0,24,-508.87531428570753,0.18150372023809525,2.913683961882119,7.835296898774091,0.24976220098291846,True,77
0.9,24,-649.7679999999996,0.47066393849206356,0.7222060160691695,0.20894222848161448,0.6648066745772938,True,77
0.8,24,-675.341942857155,0.4906386408730159,0.26867203217130325,0.03783933775328263,0.6663814504076251,True,77
0.7,24,-685.8524571428711,0.4972192460317461,0.10670421208772429,0.00905172173626718,0.6666080046589729,True,77
0.6,24,-689.7201142857293,0.4993033234126984,0.03853403873698106,0.002133675772411081,0.6666548828756513,True,77
1.4,24,-394.12845714286885,0.0496344246031746,0.22381272414269524,0.29639172649416934,0.3101485658727101,True,78
1.3,24,-407.769714285721,0.05497743055555556,0.2568346922003597,0.39312514823717926,0.30094245237092443,True,78
1.2,24,-425.59051428570933,0.06285838293650793,0.334293652541555,0.5282805701707773,0.3122970461773117,True,78
1.1,24,-448.6315428571196,0.0806515376984127,0.508260214838596,1.109194174880179,0.21718597085627867,True,78
1.0,24,-503.29668571427663,0.17115277777777776,2.5003551991836606,6.622819099206355,0.21849857198605938,True,78
0.9,24,-649.1226285714304,0.470078373015873,0.7562191895803575,0.22917214915594286,0.6646715625935382,True,78
0.8,24,-674.9982857142993,0.49037971230158733,0.28219493250421435,0.04159662339671577,0.6663537920385922,True,78
0.7,24,-685.9800000000132,0.4973368055555556,0.1056130952374196,0.008569978741491522,0.6666111483924198,True,78
0.6,24,-689.8572571428716,0.49936879960317465,0.03459838744029297,0.0019013354473518262,0.6666561641754326,True,78
1.4,24,-393.95817142854935,0.05013963293650794,0.23795601420706408,0.3096922687631602,0.28346877347437793,True,79
1.3,24,-407.4173714285657,0.05473115079365079,0.2632098430945739,0.3926185849467994,0.2781201759681785,True,79
1.2,24,-424.6709714285617,0.06304092261904762,0.33395843346874876,0.5278462844564904,0.31757644644977456,True,79
1.1,24,-448.1995428571359,0.07877703373015872,0.5116382654747968,0.9925305787144405,0.23457494856406436,True,79
1.0,24,-511.2213714285649,0.18740550595238092,3.0819650800679788,8.370797188173192,0.2558170063431653,True,79
0.9,24,-647.1562285714339,0.46777157738095243,0.8019984410009967,0.2704314678996411,0.6642742147545196,True,79
0.8,24,-675.3808000000136,0.49068849206349213,0.28232154464262743,0.03962966198972406,0.6663684435388169,True,79
0.7,24,-685.8046857142982,0.49720138888888893,0.10929017164115835,0.00932333900224894,0.6666063185501329,True,79
0.6,24,-689.8097142857289,0.49935243055555567,0.03422661722152604,0.0018374243550400848,0.6666565112672298,True,79
1.4,24,-394.3437714285663,0.04994866071428571,0.2288073711879468,0.3084045632642936,0.27576718114467813,True,80
1.3,24,-408.3793142856941,0.05377058531746032,0.26901881467622085,0.39601943220717795,0.24712095972013892,True,80
1.2,24,-425.4169142857195,0.06328422619047619,0.3549364385865369,0.5945650792469763,0.26243232863092947,True,80
1.1,24,-448.9044571428581,0.0817393353174603,0.5467147655403783,1.183643600256392,0.12716460567806032,True,80
1.0,24,-512.4893714285498,0.19471230158730157,2.9242651808614633,7.773760756802725,0.30355239849410953,True,80
0.9,24,-649.4218285714308,0.4706140873015873,0.7381755415304156,0.19838402872256466,0.6648870971760733,True,80
0.8,24,-675.6626285714419,0.49087103174603175,0.26704689965950157,0.03624225552719462,0.6663932892786864,True,80
0.7,24,-685.7676571428714,0.4971887400793651,0.11050584992387616,0.009310656330992881,0.666606353939063,True,80
0.6,24,-689.7906285714432,0.4993447420634921,0.036267433610371456,0.0019257745181189279,0.6666560266272867,True,80
1.4,24,-393.44811428572257,0.049449404761904764,0.21767692580635328,0.292278901441529,0.30960807665617984,True,81
1.3,24,-408.2759999999864,0.054982142857142854,0.26002196158542795,0.39196741060526785,0.30026966936972077,True,81
1.2,24,-425.606742857155,0.06366443452380952,0.33221169562539443,0.5683734284946623,0.3042252737390616,True,81
1.1,24,-449.2666285714371,0.08440550595238094,0.5819857594684699,1.2880292295080917,0.15458072008077195,True,81
1.0,24,-520.5927999999996,0.21975669642857143,3.691189116349051,9.366364424567742,0.35556169805482674,True,81
0.9,24,-649.2877714285803,0.4701145833333333,0.749186701827698,0.21077695877426805,0.6647835165776419,True,81
0.8,24,-675.1728000000119,0.49063640873015874,0.2787137668654003,0.038078651325081925,0.6663795906689738,True,81
0.7,24,-685.7709714285847,0.4971443452380953,0.1125708725069624,0.010076216998652196,0.6666015114500458,True,81
0.6,24,-689.7832000000144,0.49931473214285715,0.035911778219020495,0.002142197597763129,0.6666548359851274,True,81
1.4,24,-393.81759999999684,0.04947916666666667,0.21678539941691097,0.29218714569160986,0.3032611326031679,True,82
1.3,24,-408.3397714285912,0.05439260912698413,0.26598143368357935,0.37362294716444233,0.3066056628376109,True,82
1.2,24,-424.9131428571387,0.0620203373015873,0.33136044816078286,0.5275106777919502,0.30709732568939874,True,82
1.1,24,-448.58365714285975,0.08103149801587302,0.49387761756716525,1.1341927579042976,0.2383920513770107,True,82
1.0,24,-503.03634285714156,0.16678893849206347,2.2684376275736517,6.060807608808111,0.21573178400214787,True,82
0.9,24,-647.4002285714297,0.46516765873015875,0.9006034684362406,0.8769118820861621,0.6613611377350428,True,82
0.8,24,-675.1713142857275,0.49057217261904756,0.28643204361552904,0.03990207053396588,0.6663660375504988,True,82
0.7,24,-685.7737142857281,0.4971101190476191,0.11122123189409583,0.010136909620962952,0.6666010350991847,True,82
0.6,24,-689.7570285714432,0.4993000992063492,0.038179146132941606,0.0023141248582980722,0.6666538956956349,True,82
1.4,24,-394.0289142857082,0.04923462301587301,0.22644143633440522,0.28764510963313916,0.3026630867645319,True,83
1.3,24,-408.2105142857142,0.053765128968253965,0.26332199594785627,0.37316127679116506,0.3047772134021526,True,83
1.2,24,-425.54274285715917,0.06382192460317461,0.3192926744614195,0.5609341074971653,0.280046732420012,True,83
1.1,24,-447.1082285714189,0.08101612103174602,0.47385188041839177,1.0173161896709442,0.2812342833276328,True,83
1.0,24,-506.05359999999143,0.17333506944444443,2.5086397741269035,6.674565484375,0.2467985584198218,True,83
0.9,24,-649.2057142857167,0.4702410714285714,0.7019478038131293,0.20077892164273692,0.6648729068820869,True,83
0.8,24,-675.5451428571547,0.4907755456349206,0.27428747165537787,0.03899428460709675,0.6663733748718879,True,83
0.7,24,-685.7708571428713,0.49715104166666674,0.11224869151724338,0.009704801941565122,0.6666038059558212,True,83
0.6,24,-689.7577142857289,0.49932762896825406,0.03738269085463091,0.002047399317310905,0.6666553647014851,True,83
1.4,24,-394.2409142857204,0.04981175595238096,0.2243650138367929,0.29843486088334115,0.29479118159272155,True,84
1.3,24,-407.80777142855965,0.05442633928571428,0.2678914097331227,0.3759183452980552,0.31600490078507426,True,84
1.2,24,-424.99211428571095,0.06250248015873015,0.3290828174445402,0.5418597027352612,0.307496704771133,True,84
1.1,24,-448.0219428571456,0.07760565476190479,0.5144490008808619,1.0005410341939784,0.2369250041699278,True,84
1.0,24,-520.1710857142745,0.2188730158730159,3.4018318818820665,8.742903981859396,0.37145361313457315,True,84
0.9,24,-648.7821714285785,0.4696907242063493,0.7229826618511049,0.22009196865544922,0.6647163638772666,True,84
0.8,24,-675.1960000000128,0.49064087301587306,0.2852804625492113,0.038830175736943584,0.6663741358942947,True,84
0.7,24,-685.8674285714427,0.49720783730158735,0.10796947568129563,0.009644954446011513,0.6666042703153974,True,84
0.6,24,-689.7106285714424,0.49927728174603175,0.039600590576967847,0.002441692885479796,0.6666532026154567,True,84
1.4,24,-394.21702857143885,0.04956795634920635,0.225374216749985,0.3081547071388082,0.27696638869342094,True,85
1.3,24,-408.16342857141774,0.055276041666666664,0.2741923425780766,0.3957813555021365,0.30183630658150173,True,85
1.2,24,-425.43462857142356,0.06260416666666666,0.33339615128185146,0.5616068948412705,0.2832462863331112,True,85
1.1,24,-449.2062857142836,0.08221602182539682,0.5159931218493125,1.1348470668096786,0.2461696698740582,True,85
1.0,24,-506.8277714285756,0.18413665674603175,2.6129358038774626,7.086665542765022,0.2773379645477019,True,85
0.9,24,-647.5987428571405,0.46829414682539683,0.8114752072732098,0.24876526502266572,0.6644381168498933,True,85
0.8,24,-674.9822857142993,0.4904129464285714,0.27996889083775983,0.039643033189851185,0.6663672532144654,True,85
0.7,24,-685.9274285714425,0.49725024801587303,0.10525636424644706,0.00898057534620784,0.6666084715617222,True,85
0.6,24,-689.7492571428713,0.4993092757936508,0.036832600404455594,0.002151524411830863,0.6666547886932667,True,85
1.4,24,-393.95737142857894,0.05026041666666666,0.22658666378593292,0.29303792871315215,0.3179258575792441,True,86
1.3,24,-408.32068571430557,0.05462351190476191,0.2671179858041941,0.3898623494461886,0.29719078076127303,True,86
1.2,24,-425.09142857143706,0.062125,0.3273861410305494,0.5632960085978838,0.2831402058975633,True,86
1.1,24,-448.31474285713784,0.07922271825396825,0.5322201886021812,1.0496625864512477,0.24078730299475737,True,86
1.0,24,-506.5721142857116,0.171140625,2.356764761088572,6.583625123263892,0.22193133357457817,True,86
0.9,24,-649.3189714285701,0.47054017857142855,0.712311814310885,0.19200319964099322,0.6649404102381641,True,86
0.8,24,-675.3145142857225,0.49069196428571427,0.26613456618507464,0.03706894398386451,0.6663873279462715,True,86
0.7,24,-685.7046857143002,0.49710788690476193,0.11185686260354336,0.009785090652330655,0.6666032689362195,True,86
0.6,24,-689.8194285714428,0.49935218253968255,0.035250163769034525,0.0019078004535089121,0.6666561261103732,True,86
1.4,24,-394.3259428571438,0.049909970238095236,0.2204413681336358,0.2935786876164154,0.3150765997402225,True,87
1.3,24,-408.03668571429046,0.05411011904761905,0.2675948417260921,0.4045863426652711,0.25679924322571446,True,87
1.2,24,-425.7030857142891,0.061089781746031746,0.3315568530485667,0.543322863638511,0.26710319343509714,True,87
1.1,24,-448.4340571428716,0.07931919642857142,0.4767872640317968,1.0247111669952074,0.25383278237426943,True,87
1.0,24,-507.53714285712374,0.1845,2.7861734580498907,7.467663222222223,0.2653530555074307,True,87
0.9,24,-649.2793142857184,0.4703554067460317,0.7117580236837556,0.19594999019748371,0.6649110171524766,True,87
0.8,24,-675.1474285714413,0.49061036706349204,0.2713694869617218,0.03657840485934427,0.6663900548973453,True,87
0.7,24,-685.9088000000129,0.4972504960317461,0.10547619954638804,0.008852375080969921,0.6666093048623483,True,87
0.6,24,-689.7390857143002,0.4993075396825397,0.0369565325644106,0.002092588813269458,0.6666551060724633,True,87
1.4,24,-394.06708571429317,0.05012996031746031,0.2196477790619543,0.294958966634273,0.30507371123040017,True,88
1.3,24,-408.9948571428534,0.05589087301587301,0.26315034382594155,0.4030614451421594,0.29840013577246194,True,88
1.2,24,-424.94960000001174,0.062000744047619044,0.345722687059067,0.548399495435327,0.2831877310417218,True,88
1.1,24,-448.00125714287816,0.08012772817460316,0.4859927827252062,1.0649436126249752,0.25625257100853394,True,88
1.0,24,-508.09977142855683,0.17973263888888888,2.961034622925177,8.333048429563494,0.2176249642571294,True,88
0.9,24,-649.3550857142873,0.4699652777777778,0.7320291859407969,0.2496208112874676,0.6645351148698899,True,88
0.8,24,-675.6646857142956,0.49091592261904765,0.27102684396314514,0.03759636616885054,0.6663838282095493,True,88
0.7,24,-685.7478857142992,0.49714930555555553,0.10972231773832265,0.009445454931982868,0.66660544738561,True,88
0.6,24,-689.7846857142993,0.4993325892857143,0.03617854270622182,0.00200500277540705,0.6666555880420284,True,88
1.4,24,-394.444228571426,0.04937797619047619,0.2238535474917985,0.2933978563330096,0.2950108278494321,True,89
1.3,24,-408.2810285714312,0.05373462301587301,0.26323952178350474,0.3736311986525378,0.2943442089666257,True,89
1.2,24,-424.8755428571209,0.06252256944444444,0.34205517887063186,0.554511370907738,0.2710327455145908,True,89
1.1,24,-448.54399999999976,0.08135391865079367,0.5060051423323432,1.0795782647585543,0.2552872109845552,True,89
1.0,24,-503.8428571428449,0.16835540674603175,2.6207991921768956,7.18473506657455,0.1744112528242635,True,89
0.9,24,-648.1435428571494,0.46906597222222224,0.7534616182077406,0.22035938381833375,0.6646920925602895,True,89
0.8,24,-676.027542857155,0.4912356150793651,0.25816039253830536,0.03412006430695946,0.6664096513697668,True,89
0.7,24,-685.8553142857271,0.4972118055555556,0.10837221731710746,0.009359179421772572,0.6666061362695416,True,89
0.6,24,-689.7837714285861,0.49932415674603176,0.035773641722957064,0.002063573259176721,0.6666552704023114,True,89
1.4,24,-394.2784000000237,0.04982465277777778,0.22751962034333936,0.290600338895975,0.3058810283939757,True,90
1.3,24,-407.8077714285773,0.05426934523809524,0.2623910810019793,0.3760733201421592,0.3117392019771559,True,90
1.2,24,-424.55954285713176,0.061443204365079364,0.33050105794908785,0.5296737079258789,0.2833778601574911,True,90
1.1,24,-448.48582857143316,0.08144568452380953,0.5178711043458798,1.0782439728599778,0.26871793423311907,True,90
1.0,24,-506.0975999999858,0.17936929563492063,2.4372082241269606,6.258463007050741,0.2919650283143116,True,90
0.9,24,-649.4865142857145,0.4704288194444445,0.7532510554300055,0.2147027604166496,0.6647567360571056,True,90
0.8,24,-675.3798857142951,0.49067361111111113,0.26358831221655354,0.036138179563487416,0.6663934317559785,True,90
0.7,24,-685.7365714285856,0.497140625,0.10978004419466374,0.009422029832751073,0.6666055662555463,True,90
0.6,24,-689.6978285714431,0.49927480158730164,0.03999970168832887,0.0023985629251299656,0.6666534305531184,True,90
1.4,24,-394.445600000003,0.04997643849206349,0.2197552848234665,0.2921920547608924,0.30682622372328405,True,91
1.3,24,-408.11645714284964,0.05398189484126985,0.25380094512205265,0.3771527225874321,0.28963648893580995,True,91
1.2,24,-424.5971428571377,0.06114583333333333,0.342909051004669,0.5430115740740743,0.28113491123597745,True,91
1.1,24,-448.4872000000131,0.08123090277777778,0.5255559271939335,1.092041250225469,0.2524451660065218,True,91
1.0,24,-515.7468571428478,0.20415327380952378,3.1722425572563426,8.556321027636063,0.32739581753029035,True,91
0.9,24,-648.6253714285735,0.46988467261904765,0.7418072622824959,0.21579775978677773,0.6647623170152276,True,91
0.8,24,-675.3541714285843,0.4907165178571429,0.27449678284436146,0.038012384805490296,0.6663806669561423,True,91
0.7,24,-685.7131428571563,0.49710887896825395,0.11218075338947447,0.009946415968179627,0.6666022330314456,True,91
0.6,24,-689.8045714285861,0.4993288690476191,0.03619676870747764,0.0021643261054027363,0.6666547261912144,True,91
1.4,24,-394.2635428571409,0.04973065476190476,0.22712425799430935,0.30125515781908035,0.2734892300773565,True,92
1.3,24,-407.8802285714284,0.05390476190476191,0.26450653699899324,0.36544701901273324,0.31439976928173485,True,92
1.2,24,-425.5127999999723,0.063000248015873,0.33719530787031105,0.6034589566503687,0.241458320996619,True,92
1.1,24,-448.0958857143067,0.07636135912698414,0.49241433029737924,0.9331379058119452,0.25896451418292343,True,92
1.0,24,-506.61931428569824,0.18046602182539684,2.5387077650564405,6.565012991744611,0.2656152803834183,True,92
0.9,24,-648.4521142857185,0.46912673611111105,0.7875983333051483,0.26104810874121753,0.6644098342584857,True,92
0.8,24,-675.7138285714391,0.4909099702380953,0.26436564569110027,0.03767348705886464,0.6663835950811174,True,92
0.7,24,-685.8078857142997,0.4971835317460318,0.1098465564809844,0.009573172983409048,0.6666047869462484,True,92
0.6,24,-689.6953142857292,0.4992884424603175,0.03995442454012206,0.0022871692530834764,0.6666540435170668,True,92
1.4,24,-394.32388571427384,0.049828125,0.22747915734181148,0.292007014066043,0.30451765274799647,True,95
1.3,24,-407.42754285711715,0.05379340277777778,0.2655466049323389,0.37600950568528696,0.2865550760484714,True,95
1.2,24,-424.9613714285813,0.061258184523809524,0.34637557092473603,0.5564520429126514,0.24879559178888988,True,95
1.1,24,-447.8120000000021,0.07706696428571429,0.4898329299489565,0.9745991562306736,0.2556512135962973,True,95
1.0,24,-514.072457142838,0.2003110119047619,2.7615886631292597,7.527832776502268,0.3416584211203898,True,95
0.9,24,-648.1770285714287,0.46914285714285714,0.7556433918142391,0.22004452254975604,0.6646968504764301,True,95
0.8,24,-675.0317714285848,0.4904186507936508,0.2813076536281439,0.039579461451217934,0.66636759862094,True,95
0.7,24,-685.8344000000139,0.4971768353174604,0.10982314771640808,0.009406397341632353,0.6666056835352954,True,95
0.6,24,-689.6779428571577,0.4992641369047619,0.0395465404383764,0.002323667268999685,0.6666538311948577,True,95
1.4,24,-394.16514285713976,0.04929389880952381,0.21989744984730067,0.29621391093193217,0.27886575519647594,True,94
1.3,24,-408.3263999999864,0.05448809523809524,0.2615223773833418,0.3753700501482647,0.3118974354448708,True,94
1.2,24,-425.22125714286534,0.06205580357142857,0.32769720653824225,0.5396674024175645,0.2804195024764783,True,94
1.1,24,-448.598971428573,0.0800456349206349,0.5113510413785427,1.06100760358689,0.25994765081145466,True,94
1.0,24,-512.6019428571462,0.1950533234126984,2.737403485510084,7.540411209431693,0.31938635919656566,True,94
0.9,24,-649.6196571428592,0.4706128472222222,0.7144201006688781,0.19696530450842076,0.6648986975994104,True,94
0.8,24,-675.1558857142983,0.49054761904761907,0.28630474078789164,0.040068357426281676,0.6663647944222308,True,94
0.7,24,-685.5902857142991,0.4970587797619048,0.11418722638701101,0.009940532829152257,0.6666022617462285,True,94
0.6,24,-689.7712000000149,0.4993149801587302,0.03717170546723885,0.0021743525604289715,0.6666546607537687,True,94
1.4,24,-394.16205714286025,0.049104910714285716,0.20747706136336672,0.28774530589467917,0.30095759411071543,True,93
1.3,24,-407.91028571427915,0.05341666666666667,0.2599459911577734,0.3609167490842488,0.3128996415444445,True,93
1.2,24,-424.63668571430384,0.06291443452380953,0.3299628835821065,0.5607362161930745,0.2946175539115624,True,93
1.1,24,-449.77771428570327,0.08305828373015872,0.5437428266899414,1.196566852163214,0.2245414396661406,True,93
1.0,24,-508.1869714285628,0.1812909226190476,2.8674408957822886,7.601721505633506,0.2362283570815239,True,93
0.9,24,-648.1857142857153,0.4685954861111111,0.8323099682258446,0.3125263318452376,0.6640831708936603,True,93
0.8,24,-675.0403428571541,0.4904451884920635,0.2822321921414072,0.03971785426412744,0.6663669458642556,True,93
0.7,24,-685.8610285714426,0.49723759920634925,0.10836305909545028,0.009339516318444145,0.666606204440999,True,93
0.6,24,-689.8331428571573,0.4993494543650794,0.03572023179621294,0.0020470091056878914,0.6666553660383999,True,93
1.4,24,-394.089599999985,0.04983159722222223,0.22845936119204635,0.28499283180980683,0.3131401486687032,True,96
1.3,24,-407.99439999998856,0.05404836309523809,0.2698097733633627,0.3830130677383133,0.2913336970656635,True,96
1.2,24,-425.2366857142956,0.06148239087301588,0.3297289770565725,0.5272011524175637,0.28668372029382116,True,96
1.1,24,-449.04868571426937,0.080734375,0.54817835168002,1.1217198631403322,0.2283731752094228,True,96
1.0,24,-511.1451428571325,0.1957981150793651,2.8909547755100298,7.7188254760487505,0.32089914838670586,True,96
0.9,24,-648.8442285714303,0.46971726190476193,0.7411024112144832,0.21192271352983738,0.6647725877084034,True,96
0.8,24,-675.311085714295,0.49066617063492063,0.26739608900183176,0.03812898791807573,0.6663793896772698,True,96
0.7,24,-685.8496000000138,0.49724206349206346,0.10881587042455737,0.009027453838701405,0.6666081958114043,True,96
0.6,24,-689.7644571428722,0.4993129960317461,0.03842292006723896,0.0022610248959775703,0.6666541898368887,True,96
1.4,24,-394.62080000000356,0.049100942460317466,0.22115620084221732,0.2927798625030368,0.28698105216820236,True,98
1.3,24,-408.6966857142886,0.05427703373015873,0.26098311776623845,0.37814039810635797,0.29500211118172615,True,98
1.2,24,-424.61131428571514,0.06080431547619048,0.33257380950799503,0.5145467932433389,0.29557038733268204,True,98
1.1,24,-447.95702857140833,0.07800396825396826,0.4832118330616659,0.9681894794887649,0.2825583788283694,True,98
1.0,24,-503.96159999997974,0.17401463293650793,2.150702836825278,6.0354560611890555,0.2877078436571451,True,98
0.9,24,-648.7108571428593,0.46970064484126983,0.7539253548332144,0.21847006137408087,0.6647158806451736,True,98
0.8,24,-675.1318857142974,0.4905186011904762,0.28695170011366766,0.04250666803959913,0.6663482655704047,True,98
0.7,24,-685.5592000000139,0.4970523313492064,0.11699021477133786,0.010125413781551122,0.6666011468647917,True,98
0.6,24,-689.7546285714427,0.4993125,0.03744068978258041,0.0021752182539724885,0.6666546590798978,True,98
1.4,24,-393.6566857142973,0.04902604166666666,0.22140126780505773,0.2822178204719392,0.30725129376983007,True,99
1.3,24,-408.1738285714241,0.054269841269841274,0.2764521938976889,0.3759666662305945,0.29847447802739213,True,99
1.2,24,-425.1285714285696,0.060925595238095244,0.33490941318660467,0.531131215041572,0.2760427607529209,True,99
1.1,24,-449.5334857142855,0.08113888888888889,0.5639102204981211,1.1627029509379516,0.17869051389535162,True,99
1.0,24,-514.3842285714318,0.19740376984126984,3.185213218956859,8.300681808956911,0.29239053862057607,True,99
0.9,24,-647.4770285714295,0.4682574404761905,0.7678656875226548,0.24929854040690813,0.6644618991946335,True,99
0.8,24,-674.8966857142988,0.4903201884920635,0.2902990463435154,0.0422519911688668,0.6663488268232326,True,99
0.7,24,-685.5640000000149,0.4970379464285714,0.11239158568220657,0.009849254484543784,0.6666028611698074,True,99
0.6,24,-689.7963428571574,0.4993425099206349,0.035350244141867465,0.001940735957619566,0.6666559428832065,True,99
1.4,24,-394.4578285714128,0.049237351190476196,0.22759324776713677,0.28402426949202275,0.31338379510123815,True,97
1.3,24,-408.0011428571458,0.05450669642857143,0.2553707134135495,0.36247826615101175,0.32542864587323517,True,97
1.2,24,-425.1526857142673,0.06273511904761904,0.32253588126731764,0.5570158758503405,0.26607047252476534,True,97
1.1,24,-449.8730285714304,0.08309300595238096,0.5582203421786718,1.124156489609101,0.2417000577654338,True,97
1.0,24,-508.7113142857005,0.1861483134920635,2.5332863452153003,7.2628151750283365,0.29154079916862063,True,97
0.9,24,-647.591771428572,0.46859871031746025,0.7659018732959155,0.23134337600785315,0.6646000885260359,True,97
0.8,24,-675.1840000000137,0.4906145833333333,0.28068085317443087,0.03796817584329926,0.6663798006172372,True,97
0.7,24,-685.912914285728,0.4972311507936508,0.1110233400899658,0.009874934402324597,0.6666028462273557,True,97
0.6,24,-689.7179428571573,0.4993062996031747,0.03758811892230033,0.002079777907626479,0.666655178839681,True,97
