T,L,E,Ms,Cv,chi_s,U,periodica,intento
3.5,16,-105.88862857143086,0.04455078125,0.06805431736672246,0.04242360092474492,0.3117312082029261,False,0
3.0,16,-115.14800000000085,0.04633482142857143,0.08304842956349272,0.05239846343537413,0.3126658444667695,False,0
2.5,16,-126.96840000000519,0.049566964285714284,0.10291283304286025,0.0728418693877551,0.2991583573450062,False,0
2.0,16,-141.6012000000043,0.05333091517857143,0.13164711912946458,0.1045437356106505,0.30312273934595035,False,0
1.5,16,-161.93611428571435,0.0622890625,0.202610771405893,0.18845892410714282,0.31203642650883345,False,0
1.0,16,-199.0664571428569,0.10522935267857143,0.5145093549872115,0.8943843238998723,0.23292700693647506,False,0
0.5,16,-263.59285714285636,0.4407723214285714,0.1064109885205653,0.2656045127551039,0.6632661388462782,False,0
0.1,16,-269.7994285714267,0.4980083705357143,0.031089158164832036,0.021268525988560327,0.6666224637572773,False,0
3.5,16,-106.17948571428776,0.04573604910714286,0.06457553635880695,0.04307173193786443,0.31572110196729364,False,5
3.0,16,-115.71817142857239,0.046661272321428575,0.0824863001360517,0.052626124335671744,0.31415966774025794,False,5
2.5,16,-126.95617142857205,0.04902622767857143,0.1034977422673478,0.07153660634566328,0.3040914304367427,False,5
2.0,16,-142.18354285714403,0.05284877232142857,0.13209937836734653,0.10426004364636476,0.298384409754443,False,5
1.5,16,-162.36902857142806,0.06203125,0.1919065886394454,0.1892251488095237,0.3024516749569357,False,5
1.0,16,-199.39811428571284,0.10250223214285714,0.501155700395401,0.7948051772959186,0.29716931088842335,False,5
0.5,16,-263.50874285714013,0.4401646205357143,0.11061094852038877,0.2820242944834064,0.6630619643184685,False,5
0.1,16,-269.80228571428387,0.4980407366071429,0.029980102027593596,0.020078028539458614,0.6666248648398644,False,5
3.5,16,-106.10331428572127,0.04514118303571429,0.06928949722615478,0.04194418620171282,0.3166191909230869,False,7
3.0,16,-115.45005714285836,0.04685212053571428,0.08336847594104234,0.0526031919377126,0.32294508723545245,False,7
2.5,16,-127.12382857143442,0.049040178571428575,0.09730355941020548,0.07121950255102037,0.31117652292122455,False,7
2.0,16,-142.01188571428622,0.05331640625,0.13164267454081724,0.10610172795758938,0.29648357302569583,False,7
1.5,16,-162.05822857142857,0.061728236607142856,0.19182812153629433,0.1814537792835884,0.3133501290554197,False,7
1.0,16,-199.6485142857139,0.10315290178571429,0.4978198239668359,0.8104194435586733,0.2896098912928915,False,7
0.5,16,-263.6122857142824,0.4404921875,0.10619371301004321,0.27191373660713225,0.6631995619971216,False,7
0.1,16,-269.80091428571245,0.4980228794642857,0.03062467349081998,0.02098066884570926,0.6666230658990796,False,7
3.5,16,-105.79262857143094,0.04531138392857143,0.06955043456788788,0.04357595654154516,0.312966563700091,False,9
3.0,16,-115.88879999999835,0.04659709821428572,0.08186252988095315,0.05294653475765302,0.3067043147972055,False,9
2.5,16,-127.40737142857466,0.04909765625,0.10052399461020287,0.0683336323660714,0.3249330490656066,False,9
2.0,16,-142.05377142857756,0.05333816964285714,0.1289942522927312,0.10806996476403063,0.28337970714913874,False,9
1.5,16,-162.55999999999884,0.06269698660714286,0.18843015873015803,0.1901968745216836,0.3182612117019201,False,9
1.0,16,-199.4771428571415,0.10143080357142857,0.49931228954085327,0.7802131938775512,0.2999963473583209,False,9
0.5,16,-263.5603999999973,0.4409453125,0.10806656892873434,0.2570519330357115,0.6633688919314895,False,9
0.1,16,-269.80211428571243,0.49804185267857143,0.030105396672297495,0.020089221141574853,0.6666248643556988,False,9
3.5,16,-106.79742857142934,0.045196428571428575,0.06922044249791744,0.0422840273323615,0.3282512484301153,False,2
3.0,16,-115.5471999999945,0.04682589285714286,0.08539513920635027,0.054917576955782324,0.28668542454370993,False,2
2.5,16,-127.59622857143285,0.048924107142857144,0.10300687682448824,0.06951512806122447,0.3112993365929808,False,2
2.0,16,-141.84531428571657,0.05320926339285714,0.13298366438456455,0.10418765142697706,0.3117496426546814,False,2
1.5,16,-162.2868000000013,0.06169698660714286,0.19001057051587444,0.1903791602359693,0.299357676882269,False,2
1.0,16,-199.55611428571538,0.10326116071428572,0.5148162267346663,0.8598528431122445,0.2548175975199205,False,2
0.5,16,-263.52319999999884,0.43997544642857145,0.10684998285728398,0.28291165561223863,0.6630670437421905,False,2
0.1,16,-269.79874285714106,0.49799609375,0.03149938266346907,0.021634023437542282,0.6666216709644457,False,2
3.5,16,-106.0845714285714,0.045346540178571426,0.06902790878800437,0.04165804662445335,0.33163166279774126,False,8
3.0,16,-115.19377142857488,0.04684933035714286,0.08460745339994229,0.054895777104591814,0.3040664027587364,False,8
2.5,16,-127.20262857143454,0.04964732142857143,0.10029639568163247,0.07228038826530613,0.30475325071048986,False,8
2.0,16,-142.14411428570935,0.052862723214285715,0.12956802141581392,0.10220548070790814,0.31813220831994105,False,8
1.5,16,-161.9098857142873,0.06092857142857143,0.19163022715986877,0.18069760544217686,0.3051691794778012,False,8
1.0,16,-199.28857142856984,0.10305412946428572,0.5080968558673078,0.8453171293845663,0.22692702255634356,False,8
0.5,16,-263.6330857142832,0.4419419642857143,0.10375896729556189,0.2537258290816169,0.6634531111784248,False,8
0.1,16,-269.80057142856964,0.49803348214285714,0.030732015324019805,0.020166951530598,0.6666246753667093,False,8
3.5,16,-106.03188571428129,0.04512779017857143,0.07161055043315236,0.04345990886935131,0.3038426412801746,False,10
3.0,16,-115.05714285714248,0.046148995535714284,0.08379296768707434,0.052208556521045904,0.30582885163099216,False,10
2.5,16,-127.2334285714277,0.04914955357142857,0.10095074443877593,0.0698532596938776,0.3179365016161262,False,10
2.0,16,-141.66782857142968,0.05327064732142857,0.1259196812212977,0.10514510837850771,0.3208858608525582,False,10
1.5,16,-162.47337142856944,0.061836495535714284,0.19496239990931802,0.18761273804209183,0.3117078989783614,False,10
1.0,16,-199.76308571428487,0.10588392857142857,0.49761217709186667,0.8422404706632656,0.2802952764975043,False,10
0.5,16,-263.5500571428519,0.440484375,0.10875102673480797,0.268803714285724,0.6632414986370102,False,10
0.1,16,-269.7967428571411,0.4979799107142857,0.030692284440192445,0.02092602040818292,0.6666231174378634,False,10
3.5,16,-106.1360571428591,0.04512388392857143,0.06682067871616125,0.04204963001093295,0.3137719325955818,False,6
3.0,16,-115.71697142857077,0.04696707589285714,0.08256284125708409,0.0527461143441752,0.3183518617632093,False,6
2.5,16,-127.07594285714569,0.049093191964285715,0.10143830971224474,0.07054369818239792,0.30433417528760354,False,6
2.0,16,-141.79377142857484,0.053573660714285716,0.12904464961415485,0.10154432334183672,0.3242128473339211,False,6
1.5,16,-162.06108571428666,0.061265066964285714,0.19688443446144926,0.1883524463754252,0.30414346122782465,False,6
1.0,16,-199.67131428571398,0.10420479910714285,0.5105338838775708,0.8160357760682402,0.28164104429165604,False,6
0.5,16,-263.51251428571305,0.44053683035714286,0.10897005301012541,0.24896343048469305,0.6634506204145723,False,6
0.1,16,-269.7991428571418,0.4980122767857143,0.031392570150501335,0.020912114158093686,0.6666231535573526,False,6
3.5,16,-105.74685714286306,0.04532645089285714,0.0689058195543528,0.043084328876639946,0.3137533322819561,False,4
3.0,16,-115.4171428571422,0.04707868303571429,0.0813486026077099,0.05308555949723637,0.32085160321655404,False,4
2.5,16,-127.66474285714308,0.04915625,0.10277908022653037,0.06948049285714286,0.31911619330451235,False,4
2.0,16,-142.18600000000146,0.05270424107142857,0.13056869252232772,0.10231238376913271,0.2990581942265227,False,4
1.5,16,-162.29097142857154,0.06312109375,0.19778071165532335,0.19039584561011905,0.3202951292403685,False,4
1.0,16,-199.83474285714314,0.10680970982142857,0.5182352848980258,0.8877109846141584,0.28197878527406695,False,4
0.5,16,-263.56954285714005,0.4400753348214286,0.10486229137745795,0.26403392458546193,0.6632707730671386,False,4
0.1,16,-269.7966857142839,0.49798995535714285,0.031352852045074535,0.020728313137823307,0.6666235023912825,False,4
3.5,16,-105.29108571429288,0.04523604910714286,0.07152873923781808,0.04331261459092566,0.3035806886230913,False,3
3.0,16,-115.5914857142881,0.04652622767857143,0.08227073242488497,0.05407871957376701,0.306383954743806,False,3
2.5,16,-127.56468571428498,0.04923772321428571,0.10042107770612006,0.06901228456632653,0.3254587104222808,False,3
2.0,16,-142.03594285714635,0.05395200892857143,0.1343085374968105,0.10498823644770405,0.3155318563506032,False,3
1.5,16,-162.38988571428334,0.062181919642857145,0.19585851287412956,0.18617320897108836,0.3082252447705379,False,3
1.0,16,-200.0475428571429,0.10585212053571429,0.5131586706122278,0.8296615936702803,0.30646460792064223,False,3
0.5,16,-263.60617142856967,0.4413543526785714,0.10169297632660346,0.24469616565689023,0.6635285605259083,False,3
0.1,16,-269.801142857141,0.49802734375,0.030535204081161275,0.020690987723170906,0.6666236285281362,False,3
3.5,16,-105.76748571428097,0.04534263392857143,0.06818268038213196,0.0422278034803207,0.31402515742600157,False,11
3.0,16,-115.31091428571902,0.04671484375,0.08236036496456951,0.05295447042410717,0.3181831773206313,False,11
2.5,16,-127.4279428571437,0.048926339285714285,0.1008034262836702,0.07010838724489799,0.30731994281475594,False,11
2.0,16,-141.4888571428577,0.05318136160714286,0.13494635196110139,0.10345043044483415,0.3120089249263138,False,11
1.5,16,-162.30417142857087,0.06282366071428572,0.1918275888378768,0.18871203231292513,0.32902278281634656,False,11
1.0,16,-199.84514285714255,0.10811216517857143,0.5290281109694206,0.8907329265784436,0.2831531407489014,False,11
0.5,16,-263.6271999999983,0.44046037946428573,0.10668058285750703,0.278904651626263,0.6631064288301879,False,11
0.1,16,-269.79879999999827,0.49800725446428573,0.030088723218568696,0.020107588488471606,0.6666247925282724,False,11
3.5,16,-106.27971428571585,0.04553292410714286,0.0687298542013743,0.04172364647868073,0.32668986885886986,False,1
3.0,16,-115.75617142857165,0.04685658482142857,0.07893204324121525,0.05242314814519559,0.31798258519361233,False,1
2.5,16,-127.03405714285594,0.04925613839285714,0.10600624649796032,0.07162008007015311,0.3085113075519389,False,1
2.0,16,-141.52777142857587,0.05253348214285714,0.13100017316326884,0.10094572704081634,0.3092671987337591,False,1
1.5,16,-161.90171428571256,0.06161439732142857,0.20022616553287284,0.1827638409332483,0.3130525060166963,False,1
1.0,16,-199.80405714285823,0.10805580357142858,0.5096561857014876,0.8542810510204077,0.30959677942528907,False,1
0.5,16,-263.45674285713784,0.43467131696428574,0.11793897709208068,0.8620740176976938,0.658300096568674,False,1
0.1,16,-269.7970285714267,0.49798939732142855,0.03015726531998552,0.0203486854273649,0.6666243060001418,False,1
3.5,16,-105.94754285714112,0.045390625,0.06903416625989185,0.042899744897959204,0.3151053692275514,False,16
3.0,16,-115.20828571428446,0.046398995535714284,0.0842782737740922,0.05317318747342688,0.2989938988516787,False,16
2.5,16,-126.77017142856995,0.048852678571428575,0.09965192962449124,0.07043208112244895,0.31746235546780255,False,16
2.0,16,-141.64702857143405,0.052258928571428574,0.13349446961415268,0.10213457015306121,0.30732196780229115,False,16
1.5,16,-162.26199999999898,0.06149832589285714,0.19092721527776904,0.18367660368835037,0.31425365768873226,False,16
1.0,16,-199.4240571428576,0.1073359375,0.49811595355862437,0.8925427522321425,0.27920281981312245,False,16
0.5,16,-263.56114285713954,0.44050167410714286,0.106956408163569,0.2729236860650417,0.663183116661535,False,16
0.1,16,-269.7878857142848,0.49789676339285716,0.03344267348097673,0.022353028539541242,0.6666201373283775,False,16
3.5,16,-106.09005714285817,0.04476227678571429,0.06940384238234114,0.04164003744533524,0.3128870048156881,False,12
3.0,16,-115.24771428571529,0.04706529017857143,0.08351588686933159,0.05377425379995748,0.30078353406931113,False,12
2.5,16,-126.99000000000342,0.04890457589285714,0.10300322321428666,0.07014449078443881,0.3086962782478152,False,12
2.0,16,-141.70497142857113,0.05284988839285714,0.13681760979272894,0.10189449740911993,0.31720202659290175,False,12
1.5,16,-161.93228571428511,0.06141015625,0.19704850779478042,0.1942887325148809,0.2830304440552257,False,12
1.0,16,-199.49297142857068,0.10342354910714285,0.4955101641708666,0.7985882314253829,0.2815560879861988,False,12
0.5,16,-263.5122285714267,0.43996316964285714,0.10570819918393681,0.2709493947704118,0.6632006793225278,False,12
0.1,16,-269.80291428571246,0.49804799107142855,0.029853825265035987,0.02002231823986733,0.6666250027633384,False,12
3.5,16,-105.81045714285652,0.04461662946428571,0.06721976104852019,0.041845225742529184,0.3149962880169016,False,19
3.0,16,-115.66457142857236,0.04668359375,0.079836166524944,0.05390665792410713,0.30901970457454286,False,19
2.5,16,-127.45982857143242,0.049786830357142854,0.1024275628387727,0.0730536503826531,0.31169996720725335,False,19
2.0,16,-142.08451428571664,0.053672991071428575,0.12741603813455882,0.10425330341198974,0.315310569419335,False,19
1.5,16,-162.07960000000037,0.06234988839285714,0.19290967432542377,0.1876646810693027,0.3221716291860953,False,19
1.0,16,-199.55651428571272,0.10120033482142857,0.4602662739668517,0.83428171229273,0.25363053936033997,False,19
0.5,16,-263.62342857142573,0.4409620535714286,0.1002042806121608,0.2506779948979556,0.6634525020579674,False,19
0.1,16,-269.79919999999817,0.49800502232142857,0.031464035726003196,0.02146873007013994,0.6666220323512109,False,19
3.5,16,-106.40074285714809,0.04547767857142857,0.06743712081528515,0.04388971355685129,0.30150604742303755,False,15
3.0,16,-115.52017142857946,0.04635435267857143,0.08297555752692728,0.05202950975233844,0.32143556878758694,False,15
2.5,16,-127.5351428571465,0.04898939732142857,0.10123198525510248,0.07114510455994903,0.3034204105538252,False,15
2.0,16,-141.8778857142851,0.052904575892857145,0.12908407599171667,0.10426247508769132,0.3016731869245959,False,15
1.5,16,-162.1522285714278,0.06157421875,0.18979691102039295,0.18565246168154764,0.30471479499095666,False,15
1.0,16,-199.7704571428562,0.10247935267857143,0.47631087641579484,0.7631759846141581,0.3129005536185687,False,15
0.5,16,-263.5330857142837,0.4407622767857143,0.10565253872437097,0.25313142283164325,0.6634376101706865,False,15
0.1,16,-269.80028571428386,0.49802120535714284,0.03083925384430585,0.020600991709258665,0.6666237852661081,False,15
3.5,16,-105.48639999999793,0.045034040178571426,0.07017626390670476,0.04143976856322887,0.32058353222258984,False,13
3.0,16,-115.10702857143279,0.04687779017857143,0.0803276868920043,0.05209877165710031,0.32081154255378885,False,13
2.5,16,-127.24988571428833,0.04937890625,0.09982211606326587,0.06862384665178571,0.33677518371669357,False,13
2.0,16,-141.7872000000017,0.053040736607142855,0.13163372392856942,0.10322738356983424,0.31171909466597847,False,13
1.5,16,-162.26845714285903,0.061473772321428574,0.20122337185942898,0.18929831414753395,0.3042984096138688,False,13
1.0,16,-199.59371428571356,0.10526897321428572,0.48857180994903615,0.865744247130102,0.2909318746296541,False,13
0.5,16,-263.55462857142516,0.44059542410714286,0.10589069204047519,0.26925602535075654,0.663238923256136,False,13
0.1,16,-269.80439999999817,0.4980613839285714,0.029724580366519142,0.02007758609700261,0.6666249045712158,False,13
3.5,16,-106.29622857143072,0.04511328125,0.06709929211162004,0.043397511639030606,0.30961025245680374,False,17
3.0,16,-115.78657142857183,0.046556919642857145,0.08218873125708608,0.05429568186649658,0.30557455320644544,False,17
2.5,16,-127.17160000000577,0.04934821428571429,0.09762945304285722,0.07073480153061222,0.3223961411501104,False,17
2.0,16,-141.61582857143057,0.052892299107142854,0.13108665264987351,0.10156767821269136,0.31123951696442953,False,17
1.5,16,-162.35411428571314,0.061300223214285715,0.19336693985827147,0.18510700999149649,0.3072493882810763,False,17
1.0,16,-199.4177714285703,0.10460602678571429,0.48471894488520206,0.9239512024872445,0.2294711109724329,False,17
0.5,16,-263.5485142857111,0.4389737723214286,0.10855822443909346,0.30420824601402785,0.6627919490875271,False,17
0.1,16,-269.8039428571411,0.4980558035714286,0.03069035586804602,0.020624795918351424,0.6666237656456413,False,17
3.5,16,-105.8800000000029,0.04502566964285714,0.07223973760933021,0.04280087017128282,0.3060920734412875,False,14
3.0,16,-115.47817142857403,0.04633314732142857,0.08176830013605417,0.05158153058567179,0.31913663532365477,False,14
2.5,16,-127.10954285714186,0.049429129464285716,0.10611524308367506,0.07120988746811223,0.30982951225813293,False,14
2.0,16,-141.88085714286055,0.05354185267857143,0.1337647760682401,0.10431330480707907,0.31516458371712897,False,14
1.5,16,-162.23948571428298,0.061219308035714286,0.19845205509635536,0.18544366363732984,0.3040634471902409,False,14
1.0,16,-199.95108571428653,0.10721540178571429,0.514157975306091,0.8935850685586737,0.2539316931690083,False,14
0.5,16,-262.1825714285593,0.36801283482142855,0.20768668239747967,8.281777353156897,0.5870172829708681,False,14
0.1,16,-269.80165714285613,0.49803404017857145,0.03074892728136546,0.020870113998725515,0.6666232773968912,False,14
3.5,16,-105.70600000000155,0.045186941964285715,0.06789320280612181,0.042754108395590365,0.31205691424329285,False,21
3.0,16,-115.83600000000412,0.04670703125,0.0817913422619046,0.05220983203124999,0.3205232077362936,False,21
2.5,16,-127.08154285714909,0.049424107142857145,0.10381395851224397,0.07194443163265306,0.3127379501654204,False,21
2.0,16,-141.83479999999935,0.053390625,0.13387578162946667,0.1034817053571429,0.31170450857316556,False,21
1.5,16,-162.38114285714448,0.061756138392857145,0.19649549376417655,0.18944388345025512,0.30927401049211434,False,21
1.0,16,-200.17108571428653,0.10926450892857142,0.5118554842347294,0.9363350443239797,0.27400152242672127,False,21
0.5,16,-263.5848571428546,0.4410825892857143,0.10817605994884616,0.24922091836732818,0.6634659908290881,False,21
0.1,16,-269.79594285714154,0.4979737723214286,0.03092214158755268,0.021091230070098277,0.666622794767913,False,21
3.5,16,-105.58045714285903,0.04528683035714286,0.06927234177009656,0.043059773232507315,0.30725629155535694,False,22
3.0,16,-115.59502857143306,0.04720814732142857,0.08332186427295972,0.05392114665710035,0.3154912529671513,False,22
2.5,16,-127.30828571428701,0.049701450892857144,0.1039152570918361,0.0717129711415816,0.3103604282765724,False,22
2.0,16,-142.01622857143042,0.053008928571428575,0.12890652852041384,0.10575820854591833,0.2975445399254072,False,22
1.5,16,-162.23039999999963,0.06123828125,0.19435276063492463,0.1881304676339286,0.29407518757913653,False,22
1.0,16,-199.79874285714368,0.09995200892857142,0.5099748152550774,0.7586172675382654,0.279665297381672,False,22
0.5,16,-263.44817142856476,0.4400697544642857,0.1139630281124937,0.2697673748405691,0.6632121923103225,False,22
0.1,16,-269.8007999999981,0.4980290178571429,0.03141046428254412,0.021104094387709438,0.6666228027140747,False,22
3.5,16,-106.05177142857275,0.04545424107142857,0.0678842327821746,0.043121808582361504,0.31834713223957034,False,18
3.0,16,-115.46474285714245,0.0471015625,0.08279341880810638,0.053413030505952364,0.3179132661688928,False,18
2.5,16,-127.00257142857565,0.04837890625,0.10061513872449154,0.07106638950892856,0.29462718701534485,False,18
2.0,16,-142.31451428571646,0.052754464285714286,0.1282676848979598,0.10271702423469387,0.30472188315339466,False,18
1.5,16,-161.93708571428547,0.061800223214285716,0.1998216598582682,0.19073562308673458,0.30245324631729775,False,18
1.0,16,-199.61325714285698,0.10131026785714285,0.4990628848979384,0.8153352755102041,0.2584268607930782,False,18
0.5,16,-263.6178857142812,0.44086997767857145,0.10053107300996089,0.2696507460140225,0.6632716768843654,False,18
0.1,16,-269.7995428571411,0.49801339285714286,0.030714204092419088,0.020700255101999687,0.6666236028325321,False,18
3.5,16,-105.9310285714251,0.04510491071428571,0.06776303847459299,0.04255717966472302,0.3129225975497585,False,23
3.0,16,-115.65731428571816,0.04702790178571428,0.07869757226615724,0.05277776690051024,0.31430847893396396,False,23
2.5,16,-126.94411428571745,0.04930970982142857,0.0985500765632662,0.07072669741709184,0.3145034261334577,False,23
2.0,16,-141.9182285714303,0.05251841517857143,0.12863148354272624,0.10137795882493622,0.3118190728901621,False,23
1.5,16,-162.39605714285798,0.06256138392857143,0.19459509205781464,0.1938527795493199,0.30562863455304645,False,23
1.0,16,-199.81017142857033,0.10191294642857143,0.48947656015303664,0.7885667742346936,0.29287930781917826,False,23
0.5,16,-263.53114285713957,0.44030636160714287,0.10933770280621502,0.27243752535075316,0.6631874338445833,False,23
0.1,16,-269.79399999999816,0.497953125,0.03171808036768197,0.021740892857167182,0.6666214572364855,False,23
3.5,16,-106.10548571428592,0.04545033482142857,0.06780244302790414,0.04289921626731049,0.3079415230856709,False,20
3.0,16,-115.57920000000587,0.04679575892857143,0.08057882015873158,0.05156828858418368,0.3212900427799138,False,20
2.5,16,-126.88102857143399,0.049655691964285716,0.09935761076734821,0.07221022675382653,0.31592796429686754,False,20
2.0,16,-141.9391428571464,0.05235044642857143,0.13312948588967188,0.10168760586734688,0.3100926945407311,False,20
1.5,16,-162.22319999999948,0.062046875,0.19981422428572967,0.18571644642857144,0.31577222546099093,False,20
1.0,16,-199.6574857142855,0.10230524553571428,0.49762334137750486,0.8103861159917094,0.29053132455027875,False,20
0.5,16,-263.61611428571075,0.4410965401785714,0.0990523712241611,0.24829575494260325,0.6634910458649292,False,20
0.1,16,-269.79971428571247,0.4980145089285714,0.02998211097633429,0.02029865752561477,0.6666244372463119,False,20
3.5,16,-105.93594285714167,0.04488448660714286,0.06779923819137751,0.041651045713374614,0.3143182237420149,False,26
3.0,16,-115.47902857142722,0.04681026785714286,0.08182667419359449,0.054646219812925126,0.30182415081007974,False,26
2.5,16,-127.41594285714513,0.04948772321428571,0.10391221256938821,0.07304027028061229,0.3110829520083096,False,26
2.0,16,-141.76840000000263,0.053036272321428574,0.13156143555803368,0.1021222623963648,0.3146123432751986,False,26
1.5,16,-162.0904571428573,0.062195870535714286,0.19712313554988567,0.19059693744685374,0.30988409605461276,False,26
1.0,16,-199.65565714285836,0.10524776785714286,0.4961591495407731,0.793418302295918,0.32067279584639186,False,26
0.5,16,-262.7045714285671,0.37115345982142856,0.15434770918409413,10.052552862085463,0.590334729169527,False,26
0.1,16,-269.78925714285623,0.49790401785714283,0.03220491838078487,0.021990165816418994,0.6666209077969879,False,26
3.5,16,-105.94485714285612,0.04539620535714286,0.0672853204654314,0.04215733190597667,0.31824844904338967,False,29
3.0,16,-115.37257142858051,0.04685602678571429,0.08167022902494302,0.05235748416241496,0.3177412165948743,False,29
2.5,16,-127.00405714286036,0.04885658482142857,0.10066567542652934,0.07146286348852038,0.30136663998939106,False,29
2.0,16,-141.98108571428588,0.05278738839285714,0.12773449438456908,0.10370890365911994,0.3098262704189799,False,29
1.5,16,-162.1603428571447,0.06277399553571429,0.19412266646257118,0.19398755947066304,0.3008100871353959,False,29
1.0,16,-199.61394285714255,0.10504631696428571,0.4981726334693235,0.8237550981345669,0.2980714437737926,False,29
0.5,16,-263.55639999999704,0.4400407366071429,0.10718422607146749,0.27482544499360984,0.6631446897588196,False,29
0.1,16,-269.7970857142843,0.49799051339285716,0.03063953955120268,0.020538742825166878,0.6666239080783425,False,29
3.5,16,-105.27765714285717,0.04504910714285714,0.07173546034881402,0.043533573615160366,0.3026008654590373,False,27
3.0,16,-115.523828571427,0.045913504464285715,0.0828126702253387,0.052468172592474493,0.29418293268711404,False,27
2.5,16,-127.18805714286235,0.04935993303571429,0.09826069656938557,0.06930452139668364,0.3273090603081348,False,27
2.0,16,-141.9383428571471,0.052525111607142856,0.13135541696109954,0.10215343490911993,0.3030322097301822,False,27
1.5,16,-161.90142857142868,0.06150502232142857,0.19362142502833044,0.18255090938562923,0.31311360719057735,False,27
1.0,16,-199.2937142857124,0.09988169642857143,0.46431605102048934,0.7791283367346935,0.278509266442199,False,27
0.5,16,-263.53811428571544,0.43987834821428573,0.10838551586743961,0.2801351014030473,0.6630993545573126,False,27
0.1,16,-269.8015999999986,0.49803069196428573,0.029159714279103348,0.019787275988463193,0.6666254741678925,False,27
3.5,16,-105.84205714285949,0.04546316964285714,0.06951329894210705,0.04285675792638486,0.31514181017154175,False,24
3.0,16,-115.636457142857,0.04605133928571428,0.08555261756802837,0.05299679591836737,0.3056286460396942,False,24
2.5,16,-126.92405714285913,0.048840401785714284,0.10037742399795661,0.0688196274234694,0.3236484783639386,False,24
2.0,16,-142.32108571428702,0.053115513392857146,0.13395844974170856,0.10307069160554844,0.31364355329765836,False,24
1.5,16,-162.04102857142925,0.06174162946428571,0.1931843791156464,0.18913584816113943,0.3048035317333866,False,24
1.0,16,-199.98079999999882,0.10499162946428571,0.5100771314285453,0.832786031170281,0.294365717922523,False,24
0.5,16,-262.6323428571343,0.37927845982142855,0.16280722673423043,7.736173487085466,0.6017272282318908,False,24
0.1,16,-269.80205714285535,0.49803404017857145,0.030248346951111664,0.020524131855808037,0.6666239644489003,False,24
3.5,16,-105.73091428571337,0.045286272321428574,0.07022457134423246,0.04262676728771865,0.318086723830003,False,25
3.0,16,-115.37422857143166,0.04624330357142857,0.08104994982851584,0.052938790816326534,0.30521324828342544,False,25
2.5,16,-127.28348571428968,0.04891629464285714,0.09843322954897872,0.06962197181122454,0.3051621211134461,False,25
2.0,16,-142.0922857142866,0.0528359375,0.1258208124202831,0.10364655915178572,0.30195117715698916,False,25
1.5,16,-161.95948571428318,0.06250111607142857,0.19087861858844235,0.18885565454931985,0.31592693876325506,False,25
1.0,16,-199.44194285714397,0.10272823660714285,0.4826393781122249,0.7546984278539544,0.317905653477059,False,25
0.5,16,-263.4953714285685,0.44027734375,0.11273216525523821,0.2767682511160672,0.6631485161082147,False,25
0.1,16,-269.80102857142674,0.49803292410714284,0.02982101531188163,0.01984325175385493,0.6666253528586394,False,25
3.5,16,-106.55634285714797,0.04514564732142857,0.06843942139108683,0.042089130808126846,0.31892310937710133,False,30
3.0,16,-116.32719999999935,0.04680524553571429,0.08028591400793614,0.0545075833067602,0.3078052410431149,False,30
2.5,16,-127.56765714286028,0.04920535714285714,0.10140400335510436,0.07170149948979594,0.3088324006458032,False,30
2.0,16,-141.66228571428624,0.0535703125,0.13467817570153784,0.1027051975446428,0.31351544814946997,False,30
1.5,16,-162.01685714285688,0.061943638392857145,0.19094430824830827,0.1870740322597788,0.3004689259302995,False,30
1.0,16,-199.149657142857,0.10065345982142856,0.4969635821300926,0.7419396810427301,0.30628496864771804,False,30
0.5,16,-263.4995999999999,0.4396439732142857,0.10872428321408734,0.2934233156887842,0.6629514292981873,False,30
0.1,16,-269.80188571428425,0.4980435267857143,0.02923075381886519,0.019419614158167064,0.6666262384415602,False,30
3.5,16,-105.8659999999966,0.04590122767857143,0.06605295499271133,0.04257334126731047,0.32215699116388874,False,31
3.0,16,-115.66571428571535,0.046544642857142854,0.08343264951814039,0.05109336564625851,0.33046682213605705,False,31
2.5,16,-127.24748571428303,0.04917131696428571,0.1026437478346918,0.07061651068239794,0.2938454459803276,False,31
2.0,16,-141.99400000000577,0.05293080357142857,0.13455458537946896,0.10136280676020415,0.31495035120977144,False,31
1.5,16,-162.255657142856,0.06115345982142857,0.18689382836733634,0.18026904926658163,0.3172074839386373,False,31
1.0,16,-199.50714285714437,0.10521819196428571,0.5054531935587079,0.8685146204559948,0.26660110615276,False,31
0.5,16,-263.5294857142828,0.43973493303571426,0.11059159408205232,0.35152853555486274,0.6624385239105148,False,31
0.1,16,-269.80028571428414,0.49802455357142855,0.030589253827884015,0.02038934948984661,0.6666242327853216,False,31
3.5,16,-105.5461714285692,0.04506696428571429,0.06547923639733391,0.04258391946064138,0.309040686600373,False,32
3.0,16,-115.41874285714202,0.04652511160714286,0.08262036340136013,0.052231554820365636,0.3129766123194445,False,32
2.5,16,-127.34634285714547,0.04923046875,0.10258022914081494,0.07197940558035713,0.30548642127699965,False,32
2.0,16,-141.85268571428796,0.053147879464285716,0.12460898570153489,0.10394853790656888,0.310258267828147,False,32
1.5,16,-162.26348571428653,0.06113727678571428,0.18895387573129735,0.1820789028486395,0.3111654566321047,False,32
1.0,16,-199.40537142857121,0.10285881696428571,0.48798953015307234,0.8259810802774239,0.27825576032066446,False,32
0.5,16,-263.6479999999961,0.44091629464285714,0.10632971428549354,0.2703123590561205,0.6632397063308931,False,32
0.1,16,-269.797599999999,0.4979944196428571,0.031694178562702284,0.021220634566390117,0.6666225050183291,False,32
3.5,16,-106.22748571428117,0.044809709821428574,0.06552903023635986,0.041153097644861525,0.3113778180561658,False,28
3.0,16,-115.61571428571675,0.04667410714285714,0.08182393052012553,0.0542093537414966,0.3122846839178872,False,28
2.5,16,-126.83297142857188,0.0494296875,0.10079316341020672,0.07126339017857145,0.3170244651837355,False,28
2.0,16,-141.92999999999932,0.05319196428571429,0.12920537109375374,0.10268860012755099,0.31886732222762326,False,28
1.5,16,-161.90508571428688,0.061765625,0.19783551065193528,0.18572194642857137,0.3112309909601526,False,28
1.0,16,-199.5568571428552,0.10585491071428571,0.5020717471301168,0.8565790127551023,0.28788886526595503,False,28
0.5,16,-262.9931428571344,0.4071590401785714,0.13885212244940703,4.337046772799752,0.6333184219041819,False,28
0.1,16,-269.79651428571265,0.49798158482142857,0.03170953953599564,0.021272569355872406,0.666622388870791,False,28
3.5,16,-105.22771428571168,0.04469810267857143,0.07063030172324147,0.04233530427751456,0.31210391973766627,False,34
3.0,16,-115.46914285714506,0.04645368303571429,0.08180282582199618,0.0527395029496173,0.30712044415032036,False,34
2.5,16,-126.96840000000196,0.048584263392857145,0.10316771875714266,0.06987783899872446,0.30413584227772816,False,34
2.0,16,-141.7687428571441,0.05308872767857143,0.12852016196110227,0.10359553471779337,0.30747999350539257,False,34
1.5,16,-161.6448000000008,0.06136328125,0.19557119809525148,0.18359606882440477,0.30271409676480676,False,34
1.0,16,-199.55679999999901,0.10465848214285714,0.5058478885714521,0.8197225522959184,0.29434688691026123,False,34
0.5,16,-262.3523999999898,0.35553738839285715,0.1734628117851571,10.154800043207914,0.5713206013785279,False,34
0.1,16,-269.7961142857124,0.49797265625,0.03181553060471742,0.021838577008992388,0.6666212748095658,False,34
3.5,16,-105.84937142857194,0.04512109375,0.06681744429820924,0.04225188026147959,0.31733569725140987,False,33
3.0,16,-115.88542857143348,0.046809151785714286,0.08355935228883106,0.05462649011479592,0.29643401636674516,False,33
2.5,16,-127.11017142856976,0.04935602678571428,0.10316361391020451,0.07081655242346944,0.30859621230569845,False,33
2.0,16,-141.79045714285994,0.05290625,0.13223937535395436,0.09944711160714281,0.32909985754310944,False,33
1.5,16,-161.96085714285798,0.06241796875,0.1926069828514743,0.1907313664434525,0.30071844273406834,False,33
1.0,16,-199.5293714285709,0.10468080357142857,0.46180158551030104,0.7989761045918367,0.3227858088435509,False,33
0.5,16,-263.47045714285366,0.4401138392857143,0.11338671994917604,0.2806671147959179,0.6630970968860397,False,33
0.1,16,-269.8074857142839,0.49808928571428573,0.029942396690785238,0.020386020408125205,0.6666242957564885,False,33
3.5,16,-105.96834285713932,0.045466517857142855,0.06653876206164173,0.0420140174927114,0.3294015207573192,False,35
3.0,16,-115.44057142857629,0.04721930803571429,0.0857457141439934,0.05521700443771256,0.3078744439122333,False,35
2.5,16,-126.66845714286106,0.04887723214285714,0.10406275672653123,0.0700238602040816,0.30767621660243394,False,35
2.0,16,-141.68857142857178,0.05332254464285714,0.1281029639668354,0.10470181297831638,0.3115524403282899,False,35
1.5,16,-162.1083999999999,0.062145089285714286,0.1954295600397005,0.18850975255102043,0.305144759978066,False,35
1.0,16,-200.12394285714157,0.10250502232142857,0.5164775821301077,0.8572307301498725,0.26974747210860717,False,35
0.5,16,-263.4794857142855,0.4394827008928571,0.11081056729608463,0.2853187485650466,0.6630246521336443,False,35
0.1,16,-269.8054285714276,0.49807142857142855,0.029917059958961538,0.020132385204121306,0.6666247866025481,False,35
3.5,16,-106.17885714285052,0.04514564732142857,0.06814083413161316,0.042390788971392146,0.31886970775204704,False,36
3.0,16,-115.28948571429044,0.04668470982142857,0.08317378634353882,0.05210758713329085,0.3264118886248165,False,36
2.5,16,-126.94925714285682,0.04913895089285714,0.10311267644081568,0.0711579639987245,0.29738420390520415,False,36
2.0,16,-141.98600000000323,0.05351841517857143,0.1289872862723236,0.10629408382493627,0.30366039925633137,False,36
1.5,16,-162.0639999999994,0.06171372767857143,0.19342106349205324,0.1913658439094387,0.29124531837783607,False,36
1.0,16,-199.49474285714282,0.10282589285714286,0.47602422239793896,0.7616806683673465,0.30880283860303526,False,36
0.5,16,-263.6989714285655,0.4414536830357143,0.1015640906121007,0.26041291055483384,0.6633441908776434,False,36
0.1,16,-269.8048571428553,0.49806026785714286,0.02990149873767222,0.020390165816266403,0.6666242655867829,False,36
3.5,16,-106.6834857142842,0.0451328125,0.0696383605570593,0.04286473022959182,0.3152290823320252,False,37
3.0,16,-116.17285714285178,0.04681473214285714,0.08072942230017174,0.054996713860544236,0.2970792011651959,False,37
2.5,16,-127.30897142857233,0.04920535714285714,0.10007367826734707,0.06929748163265308,0.3184262136435474,False,37
2.0,16,-142.11800000000207,0.05299832589285714,0.13518240680803828,0.10268974294483424,0.31032071489750856,False,37
1.5,16,-162.16371428571577,0.06129408482142857,0.19251779350908135,0.18068745105229592,0.31481879506877597,False,37
1.0,16,-199.11051428571344,0.10347544642857143,0.47924657709188523,0.8024750331632657,0.30230297678455986,False,37
0.5,16,-263.47131428571134,0.43998046875,0.11068339265329996,0.26718574218749325,0.6632339855270446,False,37
0.1,16,-269.799142857141,0.4980055803571429,0.030481855856123723,0.020776884566302556,0.6666234587272508,False,37
3.5,16,-105.637657142861,0.045091517857142854,0.06800717900770444,0.04162704045189505,0.3213011185459673,False,38
3.0,16,-115.51005714285822,0.046876116071428574,0.08270414756802641,0.05345758917942174,0.3191647326911148,False,38
2.5,16,-127.23668571428769,0.04913895089285714,0.10194773027754991,0.06928028542729595,0.3218101657375537,False,38
2.0,16,-141.91480000000283,0.0530703125,0.12878637091518286,0.10370709486607144,0.30278707397866234,False,38
1.5,16,-162.40765714285843,0.06208370535714286,0.194989342653053,0.1886713161139455,0.3001035803255956,False,38
1.0,16,-199.82274285714206,0.10540848214285714,0.48671476525510116,0.8811363469387761,0.2650915418431019,False,38
0.5,16,-263.50885714285266,0.43949553571428573,0.10790270280608638,0.2872981862244899,0.6629983736842582,False,38
0.1,16,-269.8014285714267,0.49803348214285714,0.0300527742297163,0.020189272959143523,0.6666246590518751,False,38
3.5,16,-105.8410285714267,0.045046875,0.06874020665972463,0.04257347448979593,0.3068182787661582,False,39
3.0,16,-115.60480000000187,0.047012834821428574,0.08435772809524009,0.05318532076424316,0.3154494412155363,False,39
2.5,16,-127.10491428571662,0.04918191964285714,0.10271160633469094,0.07132512895408168,0.30592720624647884,False,39
2.0,16,-141.98794285714277,0.0529140625,0.12944331785395136,0.10059017522321428,0.3157497661813492,False,39
1.5,16,-162.31411428571434,0.061978236607142856,0.18567628112810375,0.18130658880739806,0.3277650538719994,False,39
1.0,16,-199.5778857142856,0.10123660714285715,0.4664192503954041,0.7828701326530609,0.2954284963261432,False,39
0.5,16,-263.49005714285283,0.43762332589285713,0.11074327673463813,0.4777053824936246,0.6612587856305625,False,39
0.1,16,-269.7982857142843,0.49800725446428573,0.030320280603746134,0.020074106345617793,0.6666248669145662,False,39
3.5,16,-105.66102857143017,0.0444453125,0.06762325840899468,0.042451819515306105,0.30367673465870104,False,42
3.0,16,-115.86782857142896,0.04708091517857143,0.07845695157454616,0.053995451716624156,0.31786326079958116,False,42
2.5,16,-127.3213142857139,0.04896372767857143,0.09669207320612144,0.071488742059949,0.30463176097390154,False,42
2.0,16,-142.1088571428614,0.05326227678571428,0.1340530483896707,0.10540294499362246,0.3079576455338623,False,42
1.5,16,-162.48468571428643,0.06092075892857143,0.19047207299320235,0.18479533907312923,0.3066476055278351,False,42
1.0,16,-199.363657142856,0.10422600446428572,0.4983148406122666,0.8413618838488519,0.27104412318758975,False,42
0.5,16,-263.4567428571404,0.43934933035714285,0.11077326280610578,0.28067082334183624,0.6630572527905112,False,42
0.1,16,-269.79731428571245,0.49798381696428573,0.03196146810182653,0.02209919563135543,0.6666207584556785,False,42
3.5,16,-106.0078857142898,0.04539341517857143,0.07075887229904176,0.04253826473669827,0.3237779964547377,False,43
3.0,16,-115.11657142857584,0.0461328125,0.0816994195011339,0.05119481026785714,0.31684652524220525,False,43
2.5,16,-127.38982857143134,0.04962165178571429,0.10390936391020432,0.07235203813775506,0.2974911953803703,False,43
2.0,16,-142.06571428571277,0.05309486607142857,0.13370890784439382,0.10367365609056123,0.3122068647175309,False,43
1.5,16,-161.9999999999998,0.06180803571428571,0.19940380952381373,0.18606783588435377,0.31289941172995717,False,43
1.0,16,-200.10422857142723,0.10298158482142857,0.5006889926530675,0.8452528819355867,0.26250701776547947,False,43
0.5,16,-263.08445714285074,0.41177511160714286,0.14345926102032536,4.147007525350759,0.6370986084105215,False,43
0.1,16,-269.80114285714166,0.4980267857142857,0.030785204086214428,0.020869502550979746,0.6666232650133599,False,43
3.5,16,-106.08617142857199,0.04543638392857143,0.06875601409412796,0.04333459174562683,0.3089812872554597,False,41
3.0,16,-115.50474285713908,0.04657700892857143,0.08233343269699371,0.05208431239370748,0.3189136858045829,False,41
2.5,16,-126.62560000000265,0.048586495535714286,0.10447581897142869,0.06812661068239799,0.3266536490534184,False,41
2.0,16,-142.00182857142966,0.05368247767857143,0.1310843270918305,0.10597869096779339,0.31185105736049057,False,41
1.5,16,-162.1645714285732,0.06245368303571429,0.19463726530612271,0.18900967851828226,0.31776387771557824,False,41
1.0,16,-199.55194285714305,0.10392578125,0.4783005321300493,0.8553330496651781,0.2609576622842481,False,41
0.5,16,-263.5024571428545,0.44022879464285714,0.1111216913775479,0.26591962691327353,0.6632497620435063,False,41
0.1,16,-269.7957714285696,0.49797433035714284,0.031618015327694586,0.0212811702806448,0.6666223844895889,False,41
3.5,16,-106.15211428571224,0.045765066964285714,0.06942279649729302,0.04314059946701896,0.3277691391904308,False,40
3.0,16,-115.61965714286178,0.047104910714285714,0.08499374102040808,0.05360784056122451,0.3152615755202446,False,40
2.5,16,-127.21851428572471,0.04924720982142857,0.10367152862041167,0.06963781884566327,0.3192574103258601,False,40
2.0,16,-141.78851428571795,0.05351171875,0.13218098724170702,0.10670669447544645,0.29921873830542467,False,40
1.5,16,-162.11731428571238,0.06112555803571429,0.18795376525510063,0.17679701482780596,0.32662031588350693,False,40
1.0,16,-200.4665714285703,0.10572712053571429,0.4939613491709167,0.8271765490274232,0.3033103693302769,False,40
0.5,16,-263.52354285713477,0.4401925223214286,0.11387008959172817,0.27604374601402526,0.6631337648831384,False,40
0.1,16,-269.79531428571244,0.4979715401785714,0.03197356633677372,0.02145868542726248,0.6666220180762081,False,40
3.5,16,-106.13937142857547,0.04523158482142857,0.06705295322678075,0.04223086677751458,0.32824614168756405,False,45
3.0,16,-115.70514285714279,0.04630189732142857,0.08066603514739275,0.052420819276147945,0.3077717078789294,False,45
2.5,16,-127.12994285714188,0.048590401785714284,0.09971653249795963,0.0689089452806123,0.30927930929717506,False,45
2.0,16,-141.9195428571424,0.0536875,0.1310842140816284,0.10237869642857145,0.32037002581085305,False,45
1.5,16,-162.54445714285598,0.06146875,0.19020392979592138,0.18794349999999987,0.30534655576953285,False,45
1.0,16,-199.60428571428628,0.10215569196428571,0.47987394610967726,0.7522832454559949,0.3146692147961504,False,45
0.5,16,-263.5016571428538,0.439125,0.10490209994918587,0.2879292500000048,0.6629682904886518,False,45
0.1,16,-269.79759999999817,0.4979888392857143,0.03144417855764913,0.021520395408103354,0.6666219202066495,False,45
3.5,16,-106.06897142856916,0.044928013392857145,0.06920598308100784,0.04198915540725217,0.3213740538546621,False,44
3.0,16,-115.9845142857098,0.04641462053571429,0.08546129472647282,0.05234705503295063,0.3203304148181013,False,44
2.5,16,-127.34908571428477,0.04893359375,0.09970886554898016,0.06921002165178573,0.31770539986115687,False,44
2.0,16,-141.99188571428547,0.05329241071428571,0.13455944463010283,0.10658346619897957,0.3000514065809231,False,44
1.5,16,-162.0785714285719,0.06148158482142857,0.1884539250283347,0.18341190343324826,0.3122757287338612,False,44
1.0,16,-199.8530285714278,0.10356696428571428,0.4883233012245114,0.7950540127551022,0.2865528818838925,False,44
0.5,16,-263.60548571428023,0.44068861607142856,0.10655738693890271,0.27738364221939094,0.6631333412510272,False,44
0.1,16,-269.80188571428386,0.49803627232142855,0.030070039537122277,0.02018944435590697,0.6666246483191689,False,44
3.5,16,-105.82617142857465,0.04490625,0.06773530636818013,0.042971602040816306,0.30672255399500303,False,46
3.0,16,-115.92948571428579,0.0467734375,0.07926508396258451,0.05445224479166666,0.30872213789765257,False,46
2.5,16,-127.04365714286155,0.0488203125,0.09737349449795943,0.06870535089285719,0.3126715299722569,False,46
2.0,16,-141.5715428571448,0.05318247767857143,0.13388586095662802,0.10315454364636484,0.3208242861682149,False,46
1.5,16,-162.31874285714213,0.06167689732142857,0.1860121877324256,0.18607894212372456,0.31498696947927907,False,46
1.0,16,-199.23314285714255,0.10080357142857142,0.4780099948979739,0.7549596938775514,0.30843604494668087,False,46
0.5,16,-263.58502857142474,0.44126395089285714,0.10362364061211338,0.2628389628507648,0.663315296800896,False,46
0.1,16,-269.79565714285525,0.4979732142857143,0.031010489789196065,0.020867806122453203,0.6666232193928578,False,46
3.5,16,-106.16074285714953,0.04540011160714286,0.06705980011557883,0.04170489137663992,0.32937948635806646,False,47
3.0,16,-115.98851428571501,0.04669196428571429,0.07956144075822083,0.05352467091836732,0.30814200739029773,False,47
2.5,16,-127.4886857142904,0.049317522321428574,0.10285948427754989,0.0729910992028061,0.3024671543867943,False,47
2.0,16,-141.79354285714356,0.052814174107142856,0.13055848606823517,0.10351760008769134,0.3105572657016651,False,47
1.5,16,-162.07039999999944,0.062118861607142854,0.19302552253969274,0.18960578821216,0.3210492217398847,False,47
1.0,16,-199.97377142857098,0.10504575892857143,0.5083850805995382,0.839368258609694,0.30045727860099747,False,47
0.5,16,-263.4065142857104,0.43593694196428573,0.1156836226532505,0.743640848054838,0.659878300941136,False,47
0.1,16,-269.795657142856,0.4979760044642857,0.03208191836279183,0.02148267777428714,0.666621969965014,False,47
3.5,16,-106.13074285713739,0.04470647321428572,0.06893476786339009,0.04205177213921279,0.309061069261391,False,48
3.0,16,-115.42971428571472,0.046704799107142855,0.08069687868480695,0.053595184284651376,0.31176938044926195,False,48
2.5,16,-127.19365714286131,0.04916796875,0.10045081771224659,0.06951049486607142,0.3217107630129543,False,48
2.0,16,-142.163314285714,0.05296986607142857,0.13152998034438923,0.10204089269770411,0.30944661780095617,False,48
1.5,16,-162.3264571428561,0.06120368303571429,0.1939398561848217,0.1833177439944727,0.31400515263773854,False,48
1.0,16,-200.02245714285624,0.10514787946428572,0.5216327621301105,0.8600958525988518,0.2705761153266375,False,48
0.5,16,-263.544971428567,0.44056082589285717,0.10766732811225666,0.26036284677932997,0.6633422404360374,False,48
0.1,16,-269.80348571428425,0.49804854910714286,0.030263110966188826,0.020636153539541624,0.6666237516882176,False,48
3.5,16,-105.80680000000245,0.04519140625,0.06817180741253644,0.043427722098214244,0.29501423983788067,False,49
3.0,16,-115.18800000000167,0.0467890625,0.0803200763888883,0.05416157217261908,0.304971342165654,False,49
2.5,16,-126.86508571428573,0.04917745535714286,0.10140770954897675,0.06852946823979589,0.32864340694677896,False,49
2.0,16,-142.02057142857606,0.05321149553571428,0.13171463137754813,0.10484028121014038,0.3076070509088975,False,49
1.5,16,-162.43725714285765,0.06134988839285714,0.1943848917006916,0.1827820620216838,0.3097722820776181,False,49
1.0,16,-199.545028571428,0.10165959821428572,0.5021906958673696,0.7643223632015306,0.31755552016588395,False,49
0.5,16,-263.5656571428527,0.4406205357142857,0.10278978566316255,0.2604941862244914,0.663331960015572,False,49
0.1,16,-269.7979999999982,0.4980083705357143,0.029605580363067922,0.01938236527422532,0.6666262861964041,False,49
3.5,16,-106.12840000000517,0.044842075892857144,0.06951867137755188,0.04093894749908891,0.3240135833641379,False,51
3.0,16,-116.13325714285632,0.046642299107142855,0.08187130070294775,0.051925996784651374,0.31980772361101817,False,51
2.5,16,-127.29022857142978,0.04968136160714286,0.09821701175306088,0.07185536221301021,0.31462153162397477,False,51
2.0,16,-142.09685714286198,0.05361216517857143,0.13257961088966397,0.10689523561065045,0.30677392250353996,False,51
1.5,16,-162.09451428571396,0.061339285714285714,0.19336266600906052,0.1857336096938776,0.306767164007964,False,51
1.0,16,-199.32714285714184,0.10243191964285714,0.49551122927294955,0.7663935455994904,0.3117482678505894,False,51
0.5,16,-263.5781714285712,0.44067131696428574,0.1051482691837009,0.26913751769768623,0.6632346621473089,False,51
0.1,16,-269.7978857142839,0.498,0.03103396811638958,0.02079794642860122,0.6666233959606955,False,51
3.5,16,-105.45514285714503,0.04529910714285714,0.06914945311849253,0.04234386443148688,0.3206672102186756,False,52
3.0,16,-115.40971428571794,0.04632142857142857,0.08216142729591841,0.05325993664965989,0.3105059179791757,False,52
2.5,16,-126.81354285714536,0.048931361607142856,0.10350827108367185,0.07049399792729592,0.31195250617523196,False,52
2.0,16,-141.81142857142984,0.05322488839285714,0.13381822066326876,0.10614219383769136,0.30680856843930826,False,52
1.5,16,-162.1737142857125,0.06199553571428571,0.1865711814059018,0.18424153826530612,0.31283410285118096,False,52
1.0,16,-199.5650857142861,0.1071484375,0.4946058632525876,0.9019295200892858,0.2523040228153328,False,52
0.5,16,-262.59365714285457,0.3640072544642857,0.1649579428060406,10.247356249840564,0.5806269882617177,False,52
0.1,16,-265.04554285714124,0.24852232142857142,0.023618355868393334,0.032401224489806424,0.6664043463575584,False,52
3.5,16,-105.64508571428853,0.04469810267857143,0.06808476726259916,0.04313281703261659,0.2911371377357339,False,50
3.0,16,-115.5804571428601,0.047160714285714285,0.08182646121882126,0.0529595518707483,0.3212663317890835,False,50
2.5,16,-126.99445714286529,0.048584263392857145,0.10033606651224432,0.06844658899872447,0.3195672718069147,False,50
2.0,16,-142.0884000000034,0.05335881696428572,0.1317163194866069,0.10282843746014025,0.31441283284475063,False,50
1.5,16,-162.0010285714294,0.061286272321428574,0.19457206165530908,0.18405624867134357,0.30878092368065424,False,50
1.0,16,-199.62342857142798,0.10431752232142857,0.4619839272959325,0.8073454265784439,0.29159117213917596,False,50
0.5,16,-263.3126857142821,0.42718526785714284,0.12279873551005949,2.155312140306137,0.6519890963501814,False,50
0.1,16,-269.7996571428554,0.49802232142857145,0.02987495408888207,0.0197194387754962,0.6666256042237513,False,50
3.5,16,-105.91360000000292,0.045297433035714284,0.0680659577842579,0.04269663518130467,0.3266400740865044,False,53
3.0,16,-115.78657142857102,0.046200334821428574,0.08025573522534064,0.05359006481186224,0.29436135266593677,False,53
2.5,16,-127.76582857143107,0.049257254464285714,0.09893629876734622,0.07089766068239799,0.31035466321120575,False,53
2.0,16,-141.80468571428855,0.05341964285714286,0.12598654105867624,0.10090975829081628,0.31940926895293487,False,53
1.5,16,-162.00702857142645,0.06250055803571429,0.19040185867913173,0.19667522316113942,0.2947967005853851,False,53
1.0,16,-200.68725714285736,0.10543470982142857,0.5074831157015183,0.7915716899713012,0.3399714399533452,False,53
0.5,16,-263.59102857142614,0.44133370535714284,0.10957052811204449,0.24888346619898982,0.6634772297761296,False,53
0.1,16,-269.7981714285695,0.4979949776785714,0.03007012245461737,0.020339087213017137,0.666624318313532,False,53
3.5,16,-106.44502857142913,0.04486997767857143,0.06586961584339719,0.04338309381833092,0.3038990416539116,False,54
3.0,16,-115.15222857142953,0.04658872767857143,0.08564791823129288,0.05394073743090984,0.3019091867955468,False,54
2.5,16,-127.49554285715116,0.049391183035714284,0.10358480901224425,0.06948137496811224,0.32193572576032536,False,54
2.0,16,-141.52988571428924,0.053091517857142854,0.1298431233131403,0.10451324936224493,0.30128836923614755,False,54
1.5,16,-161.97239999999886,0.06204352678571429,0.1955045108333277,0.19323006356292516,0.29802440614013503,False,54
1.0,16,-199.1902857142864,0.10136439732142857,0.48779927423470326,0.7735050203284439,0.28590000136612725,False,54
0.5,16,-263.5526857142833,0.4400982142857143,0.1061843069387578,0.2723851505102175,0.6631860081536898,False,54
0.1,16,-269.79285714285527,0.49794587053571426,0.03137292729320506,0.0212015617028527,0.6666225478630019,False,54
3.5,16,-106.31851428571355,0.044883928571428575,0.06855732874219238,0.043049639577259456,0.29789100807977076,False,55
3.0,16,-115.55177142857119,0.04678180803571429,0.08128724442176921,0.052236052056760185,0.3273656791443176,False,55
2.5,16,-127.33639999999964,0.048986607142857144,0.09877201475714514,0.06935010663265305,0.32452862107068114,False,55
2.0,16,-142.0897714285702,0.05333314732142857,0.13246750943558538,0.1007654923070791,0.3261271480570612,False,55
1.5,16,-162.49542857142785,0.06280301339285714,0.1901768089569234,0.1940256245216836,0.30949245105253964,False,55
1.0,16,-199.81857142857103,0.10382198660714285,0.4962356170281055,0.879182445711097,0.2711857022202192,False,55
0.5,16,-263.449599999998,0.4374375,0.12087013142809155,0.4862636250000065,0.6611617537507513,False,55
0.1,16,-269.7966285714272,0.49797879464285716,0.030959845679490165,0.021215813137729356,0.6666225387651719,False,55
3.5,16,-105.93040000000211,0.045746651785714285,0.06997876142857164,0.04286701703717201,0.3208614284035308,False,56
3.0,16,-115.41834285713774,0.046047991071428575,0.0831034650779464,0.051789107036564586,0.3057337553688114,False,56
2.5,16,-126.99651428571332,0.04858091517857143,0.1036215066918362,0.07108481348852039,0.2916700058799546,False,56
2.0,16,-141.95765714286114,0.05331640625,0.13208447678252355,0.10376690652901793,0.31997880004984824,False,56
1.5,16,-162.33285714285785,0.06190625,0.19020316539115356,0.1830149821428571,0.3146370770755774,False,56
1.0,16,-199.2734857142856,0.10414787946428572,0.47239122709186177,0.7717626204559944,0.32305893643277184,False,56
0.5,16,-263.4844571428543,0.4395323660714286,0.12708354673463873,0.34257491007652163,0.6625391410430437,False,56
0.1,16,-269.7955999999986,0.49796261160714284,0.0309924374903403,0.021365751753847917,0.6666222107206206,False,56
3.5,16,-105.65948571428898,0.04512388392857143,0.06904600720429012,0.04149350756195336,0.3279225633773596,False,58
3.0,16,-115.85737142857201,0.04655357142857143,0.08252873013605387,0.05235725510204081,0.3192759700189294,False,58
2.5,16,-127.247028571432,0.049086495535714286,0.09871488912448853,0.07025655711096937,0.31360760932604725,False,58
2.0,16,-141.79000000000124,0.05376897321428571,0.12799450055803163,0.10412582445790824,0.31312859988806485,False,58
1.5,16,-162.38537142857083,0.06278683035714286,0.19699669197279313,0.1886682506377551,0.31878043574973935,False,58
1.0,16,-199.49211428571493,0.10365066964285714,0.5064132838775208,0.8489439920280613,0.2721108401012565,False,58
0.5,16,-262.050514285709,0.31803069196428574,0.17527727265314752,13.551196919483402,0.5122991394347001,False,58
0.1,16,-269.8012571428562,0.4980290178571429,0.030767239803708428,0.02074695153062578,0.666623508790839,False,58
3.5,16,-106.22519999999936,0.04562276785714286,0.06758613860787178,0.04257886443148687,0.3204558546707643,False,57
3.0,16,-115.54165714285561,0.046624441964285716,0.08411950476048544,0.052472879437712575,0.3127942956535984,False,57
2.5,16,-126.55708571429015,0.04941015625,0.10167144897754951,0.06981843593750003,0.32384826529604227,False,57
2.0,16,-141.93965714286045,0.05335825892857143,0.1293127833673431,0.10400988823341839,0.3131734255744143,False,57
1.5,16,-162.128114285712,0.062170200892857144,0.18636761585034062,0.18999222571215985,0.3034923577593044,False,57
1.0,16,-199.91148571428624,0.10771651785714285,0.5039980561096513,0.8450123737244901,0.30977760835629575,False,57
0.5,16,-263.56228571428153,0.440078125,0.1051113469388838,0.27173080357142965,0.663194747379896,False,57
0.1,16,-269.80165714285573,0.4980357142857143,0.031070355856854796,0.020892538265258054,0.6666232256806555,False,57
3.5,16,-106.25651428571474,0.04496149553571428,0.06925214481362053,0.04153528058946795,0.3143547997979804,False,59
3.0,16,-115.2225714285695,0.04665011160714286,0.08087266578089707,0.05350145065369897,0.30881469110053195,False,59
2.5,16,-127.44994285714417,0.04889508928571429,0.10085361249795938,0.0704089158163265,0.3112748878017325,False,59
2.0,16,-142.0942857142844,0.0538359375,0.13669381855867613,0.10385584040178575,0.32470640027922537,False,59
1.5,16,-162.05954285714117,0.06090569196428571,0.1970893210657765,0.18197281839923476,0.31327856365819906,False,59
1.0,16,-199.90228571428426,0.10106863839285714,0.5012330599489303,0.7710385662468116,0.29144998806550404,False,59
0.5,16,-263.56908571428266,0.4400619419642857,0.1065804244390165,0.27593299091198276,0.6631453446597806,False,59
0.1,16,-269.7995999999985,0.498015625,0.030392794639055858,0.02041044642851375,0.6666241915625748,False,59
3.5,16,-105.67120000000615,0.04442020089285714,0.06856004527696942,0.04183618346847668,0.306656070463581,False,60
3.0,16,-115.63668571428026,0.04703125,0.07979042777210862,0.05336287202380955,0.3222756242404048,False,60
2.5,16,-126.7734857142887,0.04893359375,0.10072164633469356,0.07005734308035715,0.31031926175515523,False,60
2.0,16,-141.86942857142702,0.05259933035714286,0.13331047122130002,0.10382467458545919,0.303493549195086,False,60
1.5,16,-161.9581714285713,0.06233203125,0.19813418467120097,0.1862894557291666,0.32362606080757805,False,60
1.0,16,-200.26942857142927,0.10945535714285715,0.5147143848851954,0.8761177665816327,0.3081555530273036,False,60
0.5,16,-263.52451428571266,0.4401489955357143,0.10962203872395548,0.28076323198341413,0.6630834159705697,False,60
0.1,16,-269.79525714285575,0.4979681919642857,0.03143764157016448,0.021211829559959483,0.66662251781755,False,60
3.5,16,-106.48222857142495,0.04537779017857143,0.06777815730841302,0.04370769203261661,0.30392092602963794,False,61
3.0,16,-115.87428571427682,0.0466796875,0.07799764455782171,0.053855003720238104,0.31090326855333594,False,61
2.5,16,-126.71177142857232,0.04886495535714286,0.10198822053877393,0.06855164681122448,0.3232789547709014,False,61
2.0,16,-141.79645714285698,0.053297991071428574,0.13355570202806533,0.10422942841198979,0.3133101955036204,False,61
1.5,16,-162.21257142857084,0.06236049107142857,0.19199972562356984,0.18707033907312925,0.32144384598554343,False,61
1.0,16,-199.14137142857118,0.10187779017857143,0.49569443015306547,0.8623534578284437,0.2380865082413387,False,61
0.5,16,-263.53771428571406,0.4395345982142857,0.10638438265323202,0.2738157978316309,0.6631381912022604,False,61
0.1,16,-269.79297142856956,0.49794363839285716,0.03153427422262211,0.02142360889664019,0.6666220803807801,False,61
3.5,16,-106.32879999999962,0.044733258928571426,0.06822950591836671,0.04257775501093297,0.30533194203922476,False,62
3.0,16,-115.70291428571836,0.04662220982142857,0.08525586932964933,0.05330239665710038,0.31271430139479117,False,62
2.5,16,-127.16622857142663,0.049474888392857144,0.10159224432448469,0.07214823721301018,0.3096619994451102,False,62
2.0,16,-142.2753142857168,0.05330580357142857,0.13098316605867666,0.10648443176020406,0.2864468376504249,False,62
1.5,16,-162.15748571428747,0.06200669642857143,0.1897909096598735,0.18858718877551023,0.306090774197165,False,62
1.0,16,-199.38108571428666,0.10214006696428571,0.5030203882525086,0.7913091338488525,0.2872605299741805,False,62
0.5,16,-263.4906285714243,0.4394174107142857,0.11064023489780084,0.29266229336735705,0.6629319948440651,False,62
0.1,16,-269.80045714285535,0.49802790178571427,0.03096420409747224,0.02050131058680904,0.6666240109818549,False,62
3.5,16,-106.25800000000346,0.04517689732142857,0.06946627423469369,0.04295984764486154,0.3138525055502882,False,63
3.0,16,-115.27708571429275,0.0466796875,0.08119251020266442,0.05262732514880956,0.30444268412562403,False,63
2.5,16,-127.69148571429518,0.04909486607142857,0.10011272612040784,0.06918914272959183,0.3261996312565577,False,63
2.0,16,-142.42131428571827,0.05335770089285714,0.13148315009885536,0.10135428535554847,0.3181941322643682,False,63
1.5,16,-162.05462857142803,0.06178962053571429,0.19506759673470875,0.18949088387542515,0.30076561063434903,False,63
1.0,16,-200.05040000000088,0.1021875,0.49413293464289154,0.8273642857142858,0.2543339350470484,False,63
0.5,16,-262.83262857142097,0.3926450892857143,0.15263586525475148,6.782488775510203,0.6160244288818271,False,63
0.1,16,-269.8049714285698,0.4980753348214286,0.029151059948162576,0.019183194355889555,0.6666267149247451,False,63
3.5,16,-106.2711428571362,0.044582589285714284,0.06822227819138012,0.04221543221574347,0.306080176299913,False,64
3.0,16,-115.4565142857117,0.04662276785714286,0.083363613774092,0.05291012159863946,0.32107732342365347,False,64
2.5,16,-127.09942857143095,0.04912946428571428,0.10304764979591824,0.06913534438775511,0.32604249976220356,False,64
2.0,16,-141.76725714285857,0.052351004464285714,0.13169167624681322,0.10220161156728319,0.30843015620444114,False,64
1.5,16,-162.26920000000206,0.06238002232142857,0.19401128956349745,0.19391904629039117,0.29675281660443464,False,64
1.0,16,-199.54308571428672,0.10294084821428572,0.4786337753060934,0.7890047114158163,0.3068191111984102,False,64
0.5,16,-263.52211428571024,0.4406462053571429,0.10664414443863279,0.26044084119897093,0.6633441373273435,False,64
0.1,16,-269.80239999999816,0.49803515625,0.029801321437616927,0.020479559151809212,0.6666240779733343,False,64
3.5,16,-106.06822857143261,0.044496651785714283,0.06868667884631338,0.04075112418002916,0.3161117131780876,False,65
3.0,16,-115.0085714285777,0.046806919642857145,0.08327463081065803,0.05230950031887752,0.32540741815486884,False,65
2.5,16,-127.26794285714385,0.049,0.10157418628367396,0.06992465357142855,0.3174187819970635,False,65
2.0,16,-141.46731428571445,0.05277566964285714,0.13586852141581574,0.10347299601403065,0.3146853830007924,False,65
1.5,16,-162.48788571428727,0.06226116071428572,0.18924405077098705,0.1926546989795917,0.2966979347000429,False,65
1.0,16,-199.72822857142825,0.10358482142857142,0.47368684265302363,0.8069106045918373,0.2885169486573025,False,65
0.5,16,-263.55657142856796,0.44015345982142856,0.10767838775473138,0.2866796835140377,0.6630320447704856,False,65
0.1,16,-269.7977142857133,0.4979972098214286,0.03030153060308293,0.020384310427274954,0.6666242502228612,False,65
3.5,16,-105.53440000000636,0.04508984375,0.06980144116618171,0.042509734853316355,0.3118162418562618,False,66
3.0,16,-115.86794285714471,0.04630524553571429,0.0830410321414416,0.05181697914009353,0.3148108210902959,False,66
2.5,16,-127.30771428571964,0.048995535714285714,0.09898387709183566,0.07223239795918368,0.2944834285796172,False,66
2.0,16,-142.1005142857134,0.052481026785714285,0.13141426313456606,0.09994156106505103,0.3144683616530596,False,66
1.5,16,-162.1398285714272,0.06209263392857143,0.19587871423469652,0.1920185533588435,0.2839406145029012,False,66
1.0,16,-200.00817142857105,0.10622823660714285,0.49310589988522224,0.8412747671396685,0.2804237654836268,False,66
0.5,16,-263.51079999999615,0.439953125,0.10990889178606267,0.26946128571428574,0.6632237361682558,False,66
0.1,16,-269.800342857141,0.49801674107142857,0.03001781120701707,0.02047758609691641,0.6666240696088184,False,66
3.5,16,-105.77457142857159,0.0451328125,0.07041842354747956,0.04208985778061223,0.31981118364490213,False,68
3.0,16,-115.32417142856893,0.04661774553571429,0.08389887339994415,0.0538873958067602,0.303688364881493,False,68
2.5,16,-127.39794285714339,0.04937388392857143,0.09947111164081548,0.07111726772959184,0.3155418759033325,False,68
2.0,16,-141.8356000000038,0.05312834821428571,0.1363535837723191,0.10285848070790815,0.3174535424338105,False,68
1.5,16,-161.45662857142656,0.06174497767857143,0.19364959137755022,0.18940308200467695,0.3078819226155749,False,68
1.0,16,-199.4030285714291,0.10138169642857142,0.47727514274234295,0.8310128367346943,0.2604821270031292,False,68
0.5,16,-263.390057142854,0.4363046875,0.1292298838775423,0.637558647321427,0.6600923394454524,False,68
0.1,16,-269.79771428571235,0.4979972098214286,0.03087295918362542,0.020641006855797173,0.6666237000503283,False,68
3.5,16,-105.27251428571635,0.04502845982142857,0.07054962790399996,0.04242391397139213,0.3207579495278581,False,67
3.0,16,-115.35628571429137,0.04649274553571429,0.08357932932964947,0.05157328271152206,0.3188411936956137,False,67
2.5,16,-127.13268571428385,0.04949386160714286,0.10451839656326342,0.07281666935586735,0.3033920614429825,False,67
2.0,16,-142.29274285714743,0.053323660714285716,0.1331461985682445,0.10299126530612246,0.32284653703754895,False,67
1.5,16,-162.3984571428579,0.06198381696428571,0.1907825752324344,0.18582171423256813,0.30408033276574664,False,67
1.0,16,-200.0643999999995,0.10553180803571428,0.5083083529464716,0.7914359240274234,0.3255267643967159,False,67
0.5,16,-263.5527428571428,0.4404698660714286,0.10726903423483236,0.2738390172193874,0.6631706729472305,False,67
0.1,16,-269.7984571428555,0.49800223214285716,0.031159784435885733,0.0209100765305692,0.6666231554695786,False,67
3.5,16,-105.88657142856917,0.04492633928571429,0.07017377631715954,0.04163073833819242,0.3191116728244173,False,69
3.0,16,-115.45457142857492,0.04654017857142857,0.07814846935232349,0.051992665816326514,0.3257151989927459,False,69
2.5,16,-127.59599999999911,0.04947209821428571,0.09625250428571235,0.07066244528061226,0.30418952693660906,False,69
2.0,16,-141.5798285714317,0.05361439732142857,0.1312877499713032,0.10622285837850765,0.3148585596302983,False,69
1.5,16,-162.08760000000194,0.061434151785714285,0.1956552092460255,0.18705834927721093,0.30014022933003015,False,69
1.0,16,-198.88577142857002,0.10280915178571429,0.47603974488518475,0.8042170953443879,0.2718802220219022,False,69
0.5,16,-263.0546857142822,0.41458482142857145,0.13397970158166572,3.5164138877550926,0.6404997092498478,False,69
0.1,16,-269.79954285714143,0.4980150669642857,0.03017848978856818,0.020109017059937173,0.6666247903121827,False,69
3.5,16,-106.07462857143119,0.044983258928571426,0.0680938654352344,0.04280106368440235,0.3072462458919286,False,70
3.0,16,-115.68365714285241,0.04681640625,0.08305849022675697,0.05202407459077381,0.32569073211976807,False,70
2.5,16,-127.21274285714824,0.049199776785714286,0.10172676994081713,0.0705032667091837,0.3131718512022934,False,70
2.0,16,-141.22274285714693,0.05307421875,0.13600538774234394,0.10323968108258935,0.31191870798147625,False,70
1.5,16,-162.43062857142795,0.06248158482142857,0.18972591102040168,0.19174212962372456,0.3073019928455546,False,70
1.0,16,-199.28291428571404,0.10729743303571429,0.5104451989668348,0.8845261695631375,0.2968812515785162,False,70
0.5,16,-263.6002285714241,0.44070703125,0.10308499918414782,0.2583601707589338,0.6633686030617988,False,70
0.1,16,-269.80017142856957,0.49801674107142857,0.030053559964926528,0.02038830038266326,0.6666242467102677,False,70
3.5,16,-105.2813714285742,0.04537834821428571,0.0676946378842143,0.043843177751457754,0.30686476138908947,False,71
3.0,16,-115.69680000000285,0.04652734375,0.080628790198413,0.05396457459077382,0.30382638397276396,False,71
2.5,16,-127.20714285715009,0.04881696428571428,0.099050525255102,0.07190400510204085,0.2946740651156121,False,71
2.0,16,-141.82320000000084,0.05251450892857143,0.1355981797321384,0.09852283019770408,0.3215579852399343,False,71
1.5,16,-162.17485714285567,0.06189564732142857,0.20086533106576276,0.18800425759991493,0.3097926167547047,False,71
1.0,16,-199.13028571428416,0.10379408482142857,0.49599297959181854,0.790100685507015,0.30239014735693026,False,71
0.5,16,-263.6046857142839,0.44087109375,0.1073567997959799,0.258713858258929,0.663368041460145,False,71
0.1,16,-269.79657142856956,0.4979854910714286,0.03126326529923062,0.020872050382578777,0.6666232148119557,False,71
3.5,16,-105.60308571429039,0.04505803571428572,0.06735673165764187,0.04247153935860056,0.3175235090744227,False,72
3.0,16,-115.70171428571263,0.04672265625,0.08115548979591757,0.05335683649553569,0.31104961326570335,False,72
2.5,16,-126.96120000000575,0.04946484375,0.1005804876714285,0.07143661093749998,0.3149283016509984,False,72
2.0,16,-142.16097142857237,0.05267020089285714,0.13123114639986966,0.10145706214126277,0.30864399963808586,False,72
1.5,16,-162.4486857142865,0.06117075892857143,0.19096874204082168,0.18125872002551016,0.3148108367919623,False,72
1.0,16,-200.34411428571482,0.11111607142857143,0.5301452999489698,0.9962474170918374,0.26553626220930027,False,72
0.5,16,-263.6002285714217,0.44084095982142857,0.10866071346958961,0.2722504513711783,0.6632047748289291,False,72
0.1,16,-269.7987999999983,0.49801060267857145,0.031213723218570515,0.020755560427261344,0.6666234767002712,False,72
3.5,16,-105.88068571428701,0.044698660714285715,0.0698275450395686,0.040870399052478135,0.3232896734353876,False,73
3.0,16,-115.00234285714171,0.04700446428571429,0.083790949998583,0.05330065306122448,0.325076428721778,False,73
2.5,16,-127.03788571428815,0.04906138392857143,0.10123781720612214,0.06891451772959183,0.32227490164499184,False,73
2.0,16,-141.83908571428924,0.05332924107142857,0.13068216882653516,0.10161597751913265,0.32889738669110746,False,73
1.5,16,-162.1949142857156,0.06156640625,0.18986812969953665,0.18611203608630955,0.29552446791237397,False,73
1.0,16,-199.2170857142852,0.09978180803571429,0.4845669846811518,0.7981542186702804,0.27133232062787915,False,73
0.5,16,-263.58308571428165,0.43926450892857144,0.10094910122461442,0.2865688386479519,0.6629966805538521,False,73
0.1,16,-269.79965714285527,0.49801283482142855,0.031071382670688756,0.02094569435591609,0.6666230982428308,False,73
3.5,16,-106.63514285714045,0.045075892857142856,0.06602298810391498,0.04228047157434402,0.3136316938132556,False,75
3.0,16,-115.07777142857344,0.04650725446428571,0.08136370419359433,0.05162592259247452,0.317559315871654,False,75
2.5,16,-127.08377142857582,0.048806361607142856,0.102098242538774,0.06969191578443881,0.3176615876170251,False,75
2.0,16,-142.27154285714496,0.05305357142857143,0.13244602836734387,0.10243561926020406,0.31417544491397753,False,75
1.5,16,-162.54382857142977,0.06287555803571429,0.2016847602664345,0.18854624101828216,0.3155378775643738,False,75
1.0,16,-199.76822857142878,0.10155245535714286,0.5018435569388089,0.7584977420280614,0.31491195186133836,False,75
0.5,16,-263.53434285714076,0.4403939732142857,0.10849585709206622,0.264803476403074,0.6632802017383115,False,75
0.1,16,-269.804628571427,0.49805747767857145,0.030170202813906137,0.020680515784405884,0.6666236718968197,False,75
3.5,16,-106.14394285715136,0.04486160714285714,0.06632082011557769,0.04230745116618076,0.30672096600145526,False,76
3.0,16,-115.20994285714777,0.04659263392857143,0.08141045312358289,0.05291767548894558,0.30779515565314197,False,76
2.5,16,-127.26291428571639,0.04890011160714286,0.10400285469184041,0.07071196935586732,0.316331713180769,False,76
2.0,16,-141.927085714286,0.05276171875,0.1337335581122403,0.10246642215401791,0.3021118427577717,False,76
1.5,16,-162.23262857143098,0.062334263392857144,0.19485442153629468,0.19116458285501695,0.2942207203381054,False,76
1.0,16,-199.4890285714295,0.10378236607142857,0.48234761015308436,0.7929304461096938,0.3007059380637468,False,76
0.5,16,-263.51617142856526,0.43983203125,0.11038269954065072,0.29792872433036166,0.6629353294463931,False,76
0.1,16,-269.79971428571247,0.49801171875,0.031249968117208475,0.021302639508959942,0.6666223878969774,False,76
3.5,16,-105.29999999999625,0.045166294642857145,0.06929090743440203,0.043133066599854226,0.3097813240532107,False,74
3.0,16,-115.6643999999996,0.04655357142857143,0.08450253524801671,0.05307340093537416,0.30510665469583564,False,74
2.5,16,-127.6250285714247,0.04945033482142857,0.10191269419591777,0.07150990991709186,0.31229219616204595,False,74
2.0,16,-142.35320000000414,0.05346595982142857,0.12630770484375375,0.10640693873565055,0.2949129282117645,False,74
1.5,16,-162.58565714285655,0.06238392857142857,0.1870897222165695,0.1908682363945578,0.3135160747770801,False,74
1.0,16,-199.6410857142859,0.10850948660714285,0.5091356382525589,0.8834940528539543,0.2989179155675059,False,74
0.5,16,-263.56039999999837,0.4401328125,0.10757442607177836,0.27608936160713426,0.6631349352440457,False,74
0.1,16,-269.8013142857133,0.49803013392857143,0.030124325240876708,0.020267139668348477,0.6666244891153957,False,74
3.5,16,-106.17325714286116,0.04547544642857143,0.07045421800916306,0.042390213556851304,0.3232257333738968,False,77
3.0,16,-115.33348571428637,0.04637946428571429,0.08361432979591793,0.052692959608843494,0.3156467139334783,False,77
2.5,16,-126.98182857142777,0.048703125,0.09945790791020499,0.06807652500000004,0.32752727046363694,False,77
2.0,16,-142.06228571428542,0.05321372767857143,0.13418647927296234,0.10036400346779334,0.32810739107843934,False,77
1.5,16,-162.25954285714303,0.06232421875,0.19056328931972327,0.19042887834821426,0.31611816632429746,False,77
1.0,16,-199.78577142857168,0.10381138392857144,0.5119783163138436,0.8519474728954077,0.27230224197009656,False,77
0.5,16,-263.3980571428527,0.4304854910714286,0.11568136959158437,1.6821940529336672,0.6550452481686369,False,77
0.1,16,-269.8015428571416,0.49803348214285714,0.029891927306380232,0.02009998724489037,0.6666248355505384,False,77
3.5,16,-105.36171428571855,0.04528013392857143,0.06998059673052831,0.042115293276239064,0.3186639053044229,False,78
3.0,16,-115.64468571429107,0.04741183035714286,0.08324728808957044,0.0539698276998299,0.31230490885558926,False,78
2.5,16,-127.68662857143205,0.04997321428571429,0.10004450968162928,0.07233090867346936,0.3220172618321191,False,78
2.0,16,-142.0572000000036,0.05299441964285714,0.1334788807366074,0.10222683529974486,0.3151553642621392,False,78
1.5,16,-161.94388571428775,0.06184654017857143,0.19003683489796686,0.18557853736181978,0.31685296554388764,False,78
1.0,16,-199.56211428571385,0.10357477678571429,0.4711764468240176,0.8021609346301015,0.3061310590334979,False,78
0.5,16,-263.59885714285144,0.44098381696428574,0.10778640816306506,0.2732892141262653,0.6631868404777079,False,78
0.1,16,-269.79468571428436,0.4979681919642857,0.03189968239780682,0.02130111527428369,0.6666223362810781,False,78
3.5,16,-105.30440000000105,0.04508147321428571,0.06877631306851331,0.041231874180029174,0.3226538517574683,False,79
3.0,16,-115.20337142857026,0.04674274553571429,0.08253337800311852,0.05413336604485545,0.30753309669327356,False,79
2.5,16,-127.07988571428814,0.04926785714285714,0.10140826856326157,0.07166769948979593,0.31314722131957284,False,79
2.0,16,-141.7502285714321,0.05314453125,0.13424101836416114,0.10154543108258923,0.31965381615418964,False,79
1.5,16,-161.7315999999976,0.06255301339285714,0.20333656003968295,0.18824691618835043,0.30995295614377094,False,79
1.0,16,-199.60691428571408,0.10373716517857143,0.490522402538204,0.835250828364158,0.2816050222249744,False,79
0.5,16,-263.60131428570935,0.44114285714285717,0.10470818729572784,0.25083055102038543,0.6634536869272567,False,79
0.1,16,-269.8012571428553,0.4980440848214286,0.02983866834824766,0.01938614078440537,0.6666262939911912,False,79
3.5,16,-106.19228571428826,0.04544084821428571,0.0694120947261566,0.04161263438411081,0.3298499320498264,False,80
3.0,16,-115.13828571428536,0.046684151785714285,0.08231031122449098,0.05286407940051019,0.30762924835348704,False,80
2.5,16,-127.25159999999926,0.049324776785714286,0.10477566447142862,0.0728975095663265,0.3005161659971113,False,80
2.0,16,-141.9451428571416,0.0531171875,0.13473987372448804,0.10238470200892857,0.30751156208088015,False,80
1.5,16,-162.18022857142918,0.06120145089285714,0.19137749594103248,0.18402657690263613,0.30597490845651787,False,80
1.0,16,-199.7386857142861,0.10427455357142858,0.47616888610974684,0.7668670599489791,0.31792796103175247,False,80
0.5,16,-263.4818285714264,0.4398309151785714,0.1103596620407643,0.27753183529975445,0.6631302507386116,False,80
0.1,16,-269.79742857142674,0.4979888392857143,0.030943845666797636,0.02105164540807891,0.6666228688293827,False,80
3.5,16,-106.18148571428644,0.045535714285714284,0.07047764579758341,0.044033026603498567,0.3141454947622132,False,81
3.0,16,-115.53354285714698,0.04675,0.08142733904620296,0.05221964880952382,0.3231134610324423,False,81
2.5,16,-127.33194285714653,0.04957589285714286,0.09795713371224452,0.07108470663265302,0.31733167220068237,False,81
2.0,16,-141.7165714285739,0.052666294642857145,0.12465525637755448,0.097858223692602,0.3212148535914249,False,81
1.5,16,-162.37331428571582,0.061966517857142855,0.19097166049318226,0.18787255867346944,0.2959756865918992,False,81
1.0,16,-199.42314285714278,0.10801897321428572,0.49733219355869096,0.8664410953443875,0.2971876031101006,False,81
0.5,16,-263.3957142857108,0.43945703125,0.1137489987245317,0.3030022243303563,0.6628882901320736,False,81
0.1,16,-269.7985714285697,0.4980033482142857,0.030302774240453793,0.020374614158171767,0.6666242645838212,False,81
3.5,16,-105.75788571428215,0.04487890625,0.06756985717513497,0.041961918526785685,0.3214330338521493,False,82
3.0,16,-115.50371428571495,0.04701618303571429,0.08274211702805997,0.05220905056866494,0.3195408869645906,False,82
2.5,16,-127.13988571428531,0.04909486607142857,0.0998832557061212,0.070010124872449,0.3136619962191398,False,82
2.0,16,-141.89165714286028,0.05313058035714286,0.12908094765306544,0.1025820272640306,0.31438666064624654,False,82
1.5,16,-162.3178857142858,0.06193526785714286,0.19875206366780654,0.1931323265306121,0.2893314332393283,False,82
1.0,16,-200.12548571428744,0.10486328125,0.49759259673470524,0.8399781389508929,0.29426498157026715,False,82
0.5,16,-263.54497142856945,0.44052957589285713,0.10288232811217313,0.2545406503507621,0.663399155138205,False,82
0.1,16,-269.8014857142839,0.49803627232142855,0.03032056633287538,0.02024524792730631,0.6666245390394404,False,82
3.5,16,-106.06582857142737,0.04507868303571429,0.06978045491045487,0.041902857120080156,0.3185681041789423,False,83
3.0,16,-115.8848571428632,0.0466953125,0.08265441436366198,0.054354759672619005,0.3061147219372117,False,83
2.5,16,-127.01417142857326,0.049692522321428574,0.10102404591020331,0.07226857777423468,0.3173404810168472,False,83
2.0,16,-141.94371428571495,0.05288783482142857,0.133815008848849,0.10266383828922193,0.3044683505835314,False,83
1.5,16,-162.143885714287,0.061887834821428574,0.1935050888662065,0.18524073081420062,0.30452312938755555,False,83
1.0,16,-199.6841142857156,0.10515736607142857,0.4972521838775208,0.8570800889668369,0.27222588683377835,False,83
0.5,16,-263.1028571428498,0.4089196428571429,0.13423755102007817,4.6640340153061,0.6337152977986502,False,83
0.1,16,-269.79359999999815,0.4979447544642857,0.03218042856474312,0.021982231345702985,0.6666209293321155,False,83
3.5,16,-105.71891428571595,0.045385602678571425,0.06834691216055877,0.04358120988975947,0.3036913052606237,False,84
3.0,16,-115.89297142856927,0.046429129464285714,0.07952829205073739,0.05352116812818878,0.30153737290519234,False,84
2.5,16,-126.78325714285462,0.04899944196428571,0.10004903908367055,0.07243628032525513,0.29981512557745194,False,84
2.0,16,-142.04262857142868,0.053591517857142855,0.13355791289540875,0.10594613775510203,0.31226590903612916,False,84
1.5,16,-161.83474285714453,0.06220145089285714,0.1836208409070347,0.18907295785501704,0.30363693008045334,False,84
1.0,16,-199.35160000000016,0.10818191964285714,0.4946269208035403,0.9255619384566329,0.27268846093079546,False,84
0.5,16,-263.5639428571414,0.4403325892857143,0.10753575709168217,0.2751240790816354,0.6631574726805345,False,84
0.1,16,-269.8017142857124,0.49803292410714284,0.03040956631821245,0.020535216039547777,0.6666239328234689,False,84
3.5,16,-106.03085714286144,0.04544140625,0.06747364681382872,0.04399779607780615,0.30550144345217345,False,85
3.0,16,-115.58845714285518,0.047181361607142855,0.07896119217120262,0.053835554820365686,0.3198875279622251,False,85
2.5,16,-127.0129142857186,0.04920814732142857,0.10221355290612337,0.06851199741709184,0.3258000170364398,False,85
2.0,16,-141.81062857143027,0.053234375,0.13343368432397895,0.10400985267857144,0.3152578281147015,False,85
1.5,16,-161.96691428571194,0.06298381696428572,0.1940269487471874,0.19021414280399657,0.3266451726668135,False,85
1.0,16,-199.53822857142865,0.10080133928571429,0.49665911274232144,0.7881608341836732,0.29113475002350486,False,85
0.5,16,-263.42411428571086,0.4272745535714286,0.12292805693914488,2.3194051377550977,0.6507793645655343,False,85
0.1,16,-269.8007428571415,0.49803013392857143,0.0296426415843598,0.01957517538265563,0.666625885780037,False,85
3.5,16,-106.48097142857102,0.045138392857142856,0.0698093889119114,0.041954479227405264,0.32064637314705,False,86
3.0,16,-115.73691428571146,0.046975446428571425,0.08267926471655329,0.0546200467687075,0.3053938193760454,False,86
2.5,16,-127.32354285714825,0.049331473214285715,0.10258651786938572,0.06969459170918367,0.3214714011351839,False,86
2.0,16,-141.80057142857436,0.053448660714285716,0.1379426782525499,0.10339563137755098,0.3226410766761406,False,86
1.5,16,-162.3714285714283,0.062133370535714286,0.19201866213150728,0.1896716279230442,0.30694748393558835,False,86
1.0,16,-199.99634285714166,0.10399832589285714,0.49779566204080083,0.8129325394610971,0.2871302802695289,False,86
0.5,16,-263.6507999999959,0.4405731026785714,0.09846503464314083,0.27701179065689985,0.6631475938300697,False,86
0.1,16,-269.79771428571235,0.49798381696428573,0.031480102040859485,0.021965267059940174,0.6666210265981152,False,86
3.5,16,-106.155599999999,0.04528515625,0.06824135388483958,0.043507566485969394,0.30960103351199475,False,87
3.0,16,-115.15640000000433,0.04687276785714286,0.08037604993055601,0.053106398384353715,0.31915684685460166,False,87
2.5,16,-127.62325714285944,0.04895982142857143,0.09872453336938633,0.07278215255102038,0.2944784894909611,False,87
2.0,16,-141.75308571428974,0.053161272321428574,0.13038981492028157,0.10307321328922192,0.3126015448931484,False,87
1.5,16,-162.06268571428564,0.061541294642857146,0.19318639223923306,0.1854815303996598,0.3095311946578626,False,87
1.0,16,-199.28331428571525,0.09959877232142857,0.47678859994897493,0.7633984087213013,0.28849157213248156,False,87
0.5,16,-263.5701714285698,0.4403364955357143,0.10707252632641939,0.2704888569834196,0.6631944265843646,False,87
0.1,16,-269.80045714285535,0.4980267857142857,0.031071346950284344,0.020668609693856865,0.6666236781363051,False,87
3.5,16,-105.8669142857211,0.045267299107142854,0.06812497163577648,0.04150307122357872,0.32674878256185025,False,88
3.0,16,-116.2603999999995,0.046931361607142855,0.07983434913690562,0.053346641129889474,0.3086774859411273,False,88
2.5,16,-127.45480000000357,0.04934765625,0.1002473230999999,0.07228173593750005,0.30063994797306925,False,88
2.0,16,-142.02880000000368,0.05341517857142857,0.13621539535714788,0.10312091836734694,0.3134693843148989,False,88
1.5,16,-162.22502857142817,0.06249944196428572,0.19694938863945152,0.18912686006590135,0.31674071788783764,False,88
1.0,16,-199.96377142857065,0.10475111607142858,0.5177109444387327,0.9012576693239791,0.24016497859707064,False,88
0.5,16,-263.55714285713924,0.4401294642857143,0.10486130102071911,0.260328293367337,0.6633304232672856,False,88
0.1,16,-269.80177142856996,0.49803292410714284,0.03010591709085019,0.02035664461097042,0.6666243061034447,False,88
3.5,16,-105.73422857142985,0.0450078125,0.06920821241045437,0.04124882206632652,0.3250512637614277,False,89
3.0,16,-115.55702857143729,0.04725167410714286,0.08348890092970625,0.05396464112988945,0.319891651222864,False,89
2.5,16,-127.55685714286065,0.049655133928571425,0.10487402239795983,0.07050273201530613,0.3244445251808745,False,89
2.0,16,-142.07862857143206,0.05266796875,0.1275033374489709,0.10296818554687498,0.303771920972977,False,89
1.5,16,-162.07697142857214,0.061943638392857145,0.19770697613945584,0.18562165130739788,0.31751436969622016,False,89
1.0,16,-199.35982857142895,0.10036830357142858,0.48140798202803126,0.7559027742346935,0.3014884828343387,False,89
0.5,16,-263.43845714285317,0.4400625,0.11433403423484378,0.2645576428571417,0.6632564463780133,False,89
0.1,16,-269.79639999999824,0.4979799107142857,0.03153065179617442,0.02120503826532172,0.6666225294868684,False,89
3.5,16,-105.55754285714411,0.04483649553571428,0.07121632752082335,0.043524020385386324,0.298494837967609,False,90
3.0,16,-115.66228571428495,0.04663448660714286,0.08343121301020379,0.05272925273703229,0.3185743205695588,False,90
2.5,16,-127.33662857143084,0.04891015625,0.10104577575306052,0.0688158287946428,0.3193030927897448,False,90
2.0,16,-142.01640000000108,0.05330859375,0.12656400073660024,0.10408558510044641,0.3187620771673024,False,90
1.5,16,-162.08788571428389,0.06129296875,0.19355246346935928,0.1826192831101189,0.31222189429967206,False,90
1.0,16,-199.8828571428543,0.10412220982142857,0.47739282525512294,0.783818752471301,0.328508835948795,False,90
0.5,16,-263.4782285714262,0.4395385044642857,0.11028795096899557,0.27209224984055425,0.6631597175007972,False,90
0.1,16,-269.80359999999837,0.49806026785714286,0.029780651800592743,0.019608915816320405,0.6666258394128208,False,90
3.5,16,-106.0954857142807,0.04506696428571429,0.0706349133267403,0.04239865160349852,0.306130237224845,False,91
3.0,16,-115.58622857143028,0.046797433035714285,0.08263326093962714,0.05276455354485543,0.3242258843050845,False,91
2.5,16,-126.77125714286322,0.049328125,0.10376321222652905,0.06906457857142856,0.3293101956573846,False,91
2.0,16,-142.45382857143287,0.05330580357142857,0.1329296257525563,0.10508264604591838,0.3055965859082018,False,91
1.5,16,-162.40708571428684,0.061853236607142856,0.19480713505667938,0.1873798745216837,0.30634560366083463,False,91
1.0,16,-199.31702857142753,0.10711941964285714,0.4982679297959294,0.8736975634566329,0.2918806545490754,False,91
0.5,16,-263.58285714285245,0.44061272321428574,0.10121755102045427,0.2642088514030547,0.6632970800038795,False,91
0.1,16,-269.7952571428553,0.4979765625,0.03181264157205987,0.021002968749996853,0.6666229313608076,False,91
3.5,16,-105.86297142857214,0.045006138392857144,0.06724115534777066,0.041635960254190946,0.31418242468146407,False,92
3.0,16,-114.92211428571659,0.04653125,0.08231988694869585,0.054330318452380934,0.2961597144890925,False,92
2.5,16,-127.45891428571647,0.049745535714285714,0.10439217354898006,0.07310399438775508,0.3102764240179128,False,92
2.0,16,-141.8433142857193,0.05277566964285714,0.13542883748725032,0.1046817013711735,0.30615059942944056,False,92
1.5,16,-162.03640000000067,0.06135212053571429,0.19433742194444725,0.18367356244685365,0.307373521058806,False,92
1.0,16,-199.80068571428615,0.11153683035714286,0.5119717838776126,0.9542053670280608,0.27458837098342537,False,92
0.5,16,-263.5570857142799,0.43942745535714284,0.10375086729618488,0.2823411804847069,0.663053328199026,False,92
0.1,16,-269.79742857142674,0.49799330357142857,0.0314438456712196,0.021131045918352243,0.6666227074005862,False,92
3.5,16,-105.7404571428623,0.044712611607142856,0.06872502107038557,0.041803238315415464,0.31265065515268187,False,93
3.0,16,-115.96034285714397,0.046950334821428574,0.08192267058390001,0.05372217195471936,0.3114128025148254,False,93
2.5,16,-127.78400000000315,0.049536830357142854,0.09917969714285618,0.07022446109693883,0.32385658121015726,False,93
2.0,16,-141.55468571428784,0.05320926339285714,0.13348283849170883,0.10504702642697705,0.3023671597807437,False,93
1.5,16,-162.11039999999932,0.061732700892857144,0.1968732050793657,0.18641179714073122,0.30109947237016155,False,93
1.0,16,-199.7577714285708,0.10673939732142858,0.5273180341709178,0.834494600685586,0.3064995835577048,False,93
0.5,16,-263.49954285713983,0.44036160714285716,0.11532088959211251,0.27340778316326464,0.6631662864983028,False,93
0.1,16,-269.7944571428553,0.4979598214285714,0.03179157015438249,0.02165470663264557,0.6666216275430399,False,93
3.5,16,-105.77348571428418,0.04482421875,0.07077499448563086,0.04189534837372449,0.3150919127452364,False,94
3.0,16,-115.2030285714336,0.04629854910714286,0.08428141466978506,0.05277726166560374,0.3081554980153657,False,94
2.5,16,-127.39331428571984,0.04936941964285714,0.09979951492040755,0.06807535395408167,0.3261410921868386,False,94
2.0,16,-141.93034285714523,0.05248883928571429,0.13134430178252288,0.09915076530612243,0.32298613772673546,False,94
1.5,16,-162.21811428571456,0.06206752232142857,0.19116038271542696,0.18947291533801014,0.3070188261245316,False,94
1.0,16,-199.5838285714276,0.10563839285714285,0.5057140677423888,0.8520272308673471,0.2748601881769023,False,94
0.5,16,-263.5727999999973,0.4401785714285714,0.1035048685714628,0.2692908163265315,0.6632308874558558,False,94
0.1,16,-269.79617142856955,0.4979832589285714,0.030726417082860273,0.020480711096979576,0.6666240394310724,False,94
3.5,16,-106.14645714285976,0.04506919642857143,0.06858246775406157,0.04211831049562683,0.3009749596390161,False,95
3.0,16,-115.04548571428754,0.04675948660714286,0.08028172106575779,0.05212144321322276,0.3394874517776576,False,95
2.5,16,-127.34417142858098,0.04940401785714286,0.1027305948387766,0.07097184234693876,0.3179969700002184,False,95
2.0,16,-141.90759999999975,0.05275,0.13047025609374785,0.10239561607142861,0.30764278900597486,False,95
1.5,16,-162.24251428571628,0.062116629464285714,0.19421590965985538,0.1850333243516157,0.30867026736984915,False,95
1.0,16,-199.99731428571397,0.10268080357142857,0.5044132753954216,0.8375793992346936,0.28044517217507636,False,95
0.5,16,-263.54577142856454,0.44020870535714285,0.10830226525536091,0.2863416269132699,0.6630401091964166,False,95
0.1,16,-269.79748571428416,0.49798995535714285,0.03044395918436748,0.020505098852083847,0.6666239679445675,False,95
3.5,16,-106.13857142857535,0.04565513392857143,0.06623901538421541,0.04348458919460642,0.31066611971081326,False,96
3.0,16,-115.53531428571738,0.04636607142857143,0.08422165614512601,0.05343697534013603,0.29911695372918645,False,96
2.5,16,-127.24457142857482,0.04946149553571429,0.09770072979592101,0.07000936782525509,0.30804638973179765,False,96
2.0,16,-141.82428571428554,0.052742745535714286,0.12383741509885127,0.10386104013871172,0.31625168842633755,False,96
1.5,16,-161.56725714285483,0.06205524553571429,0.19587841650225832,0.18716973804209172,0.30734783472058524,False,96
1.0,16,-199.33885714285634,0.10463169642857142,0.5142521823979394,0.7999902742346943,0.30963428202375287,False,96
0.5,16,-263.64097142856826,0.4408627232142857,0.10533127096960015,0.26231972640306367,0.6633155738768312,False,96
0.1,16,-269.79828571428385,0.4980033482142857,0.03092742348940191,0.020631310586693985,0.6666237192143115,False,96
3.5,16,-106.07108571429012,0.044825892857142856,0.06709032743023786,0.041614122084548094,0.31899838004997505,False,97
3.0,16,-115.5451428571393,0.047044642857142854,0.08033954705215428,0.05369992517006805,0.3184274020788638,False,97
2.5,16,-126.82782857143305,0.04868470982142857,0.10144550169592208,0.0705916438456633,0.31073404012234007,False,97
2.0,16,-142.11011428571405,0.05297042410714286,0.13575121706313809,0.1039805911591199,0.30511415208904846,False,97
1.5,16,-161.92800000000045,0.0611796875,0.18938576190475942,0.18247778720238084,0.3111445788823065,False,97
1.0,16,-199.74028571428562,0.10071707589285714,0.49426499968109283,0.7453990573182399,0.3086656528896152,False,97
0.5,16,-263.7051999999982,0.4420396205357143,0.1025124346431312,0.2487734016262806,0.6634883845806248,False,97
0.1,16,-269.7981714285696,0.4980027901785714,0.03099869388165643,0.020642346141599432,0.6666237070503118,False,97
3.5,16,-106.04679999999966,0.04485714285714286,0.06704178700437359,0.04325383892128281,0.29888078195651757,False,98
3.0,16,-115.23600000000042,0.04700725446428571,0.08394983432539663,0.05312220533056977,0.32246851196861726,False,98
2.5,16,-127.56182857143382,0.04928125,0.09787660362449174,0.07065397500000002,0.31156153109586726,False,98
2.0,16,-141.97754285714467,0.05361774553571429,0.13449743160395045,0.10704129906728316,0.3106689777098586,False,98
1.5,16,-162.55217142857248,0.06114341517857143,0.19127079042517103,0.18364239152848644,0.2932142071610717,False,98
1.0,16,-199.6300000000002,0.10178738839285714,0.46351371651789464,0.7949563608896684,0.29374765029126393,False,98
0.5,16,-263.52982857142604,0.4401529017857143,0.10848663346928333,0.28264436926018277,0.6630762421822889,False,98
0.1,16,-269.80519999999814,0.49807198660714286,0.030400151780440858,0.02031088568237749,0.6666244246944188,False,98
3.5,16,-105.58211428571023,0.044587611607142856,0.0673957944929187,0.03996663627459914,0.3324539464542693,False,99
3.0,16,-115.60811428571193,0.04669140625,0.08315243174036387,0.05323614899553575,0.3086365938234592,False,99
2.5,16,-126.90428571428428,0.04886941964285714,0.10105230280612204,0.06955384323979592,0.31543849264592694,False,99
2.0,16,-141.84188571428624,0.05308984375,0.13315475992027714,0.10451842438616077,0.30885927103174726,False,99
1.5,16,-162.14588571428766,0.06189564732142857,0.19984848747732384,0.1842974123618198,0.32633312214488963,False,99
1.0,16,-199.6320571428564,0.10238392857142857,0.4866344678443397,0.761495792091837,0.32136281942583333,False,99
0.5,16,-263.4389714285705,0.4376344866071429,0.10800912632657855,0.34160346285074183,0.6623533142897422,False,99
0.1,16,-269.7982285714267,0.49799553571428573,0.030713059965137283,0.021042359693836943,0.6666229080990176,False,99
3.5,16,-112.57405714286075,0.04669698660714286,0.07232176789254564,0.04400964010112971,0.321530948496244,True,0
3.0,16,-122.19862857144172,0.04897154017857143,0.08593001902494438,0.057692813323767,0.31921034577914964,True,0
2.5,16,-134.19817142857997,0.05236049107142857,0.10404059791020473,0.0820705070153061,0.3001469776683606,True,0
2.0,16,-149.62000000000003,0.057805803571428574,0.13334862723214158,0.1171169585459183,0.3254245379346743,True,0
1.5,16,-169.79577142857093,0.07025055803571428,0.20671965149660487,0.2468657886373299,0.2798162940711659,True,0
1.0,16,-235.13599999999334,0.2530993303571429,2.537129714285669,4.771610099170914,0.4139466560774473,True,0
0.5,16,-307.1039999999992,0.4999068080357143,0.00797599999987142,0.00030916948341541683,0.6666635043035751,True,0
0.1,16,-307.2000000000002,0.5,-1.1368683772161601e-11,0.0,0.6666666666666667,True,0
3.5,16,-111.98102857143411,0.04710212053571428,0.07454332546438991,0.045565901762937316,0.32418556404440957,True,1
3.0,16,-122.10514285715445,0.048402901785714283,0.08461853514739204,0.057737546662415,0.30063411321609224,True,1
2.5,16,-133.90697142857522,0.05198828125,0.10827699105306465,0.07751933772321436,0.3203386650448178,True,1
2.0,16,-148.84251428571622,0.057262276785714286,0.13057394918367748,0.11555321285076536,0.32524591212590437,True,1
1.5,16,-170.07188571428554,0.06985379464285714,0.20801610791384442,0.2375704887329933,0.3100949515037976,True,1
1.0,16,-234.41519999998994,0.24860658482142858,2.730615168928665,4.874463328364156,0.39606378873346826,True,1
0.5,16,-307.1114285714283,0.49990848214285716,0.007090280611237176,0.0003037474489815395,0.6666635546959625,True,1
0.1,16,-307.2000000000002,0.5,-1.1368683772161601e-11,0.0,0.6666666666666667,True,1
3.5,16,-112.21725714285581,0.04716852678571429,0.06965366596834628,0.047540573159620944,0.3112314898735862,True,2
3.0,16,-122.57965714287023,0.04915513392857143,0.08547186403627983,0.05894623203656461,0.3154394482026336,True,2
2.5,16,-134.3563428571498,0.05248214285714286,0.10368943735510129,0.08037562806122445,0.32357038471004607,True,2
2.0,16,-149.33622857143024,0.05807142857142857,0.1357888410204069,0.12414141836734693,0.30330285672173696,True,2
1.5,16,-170.0042285714284,0.06918973214285715,0.19510727054422558,0.23879527295918349,0.2920706356822186,True,2
1.0,16,-235.24685714284664,0.25175948660714287,2.7535842806123014,5.167177901068239,0.4017336714944105,True,2
0.5,16,-307.10342857142797,0.4999056919642857,0.007669994897923971,0.0002822766262937648,0.6666637670460311,True,2
0.1,16,-307.2000000000002,0.5,-1.1368683772161601e-11,0.0,0.6666666666666667,True,2
3.5,16,-111.98320000000075,0.04612723214285714,0.06998845227405108,0.04503084912536443,0.30548392632682575,True,3
3.0,16,-122.43108571429939,0.04896986607142857,0.08605751709750899,0.05997819632227889,0.3042319991842859,True,3
2.5,16,-134.10068571429542,0.051779575892857144,0.1051732068489855,0.07906468364158165,0.31233342169829703,True,3
2.0,16,-148.92331428571737,0.05726953125,0.13248809641582326,0.11983051143973217,0.30788139539560566,True,3
1.5,16,-170.12137142857156,0.06901171875,0.20309728244898728,0.23928823549107126,0.2826133571492877,True,3
1.0,16,-238.2118857142753,0.2668900669642857,2.885858198163504,5.003112062420286,0.4349190278936572,True,3
0.5,16,-307.1065142857129,0.4999123883928571,0.007417729796088679,0.0002605789222087651,0.6666639987513049,True,3
0.1,16,-307.2000000000002,0.5,-1.1368683772161601e-11,0.0,0.6666666666666667,True,3
3.5,16,-112.13440000000756,0.046612165178571426,0.07076735953352725,0.044931649940779916,0.3147010947049621,True,4
3.0,16,-122.60674285714857,0.049380022321428574,0.08067434534580384,0.060051761240433654,0.3133320589790305,True,4
2.5,16,-133.9898285714372,0.05228794642857143,0.1032790210530652,0.07981218112244899,0.30783214876853104,True,4
2.0,16,-149.19897142857306,0.05664453125,0.1355805346811252,0.11441350251116078,0.3204099531295792,True,4
1.5,16,-169.9299428571428,0.06941294642857143,0.20143116170068728,0.239371569727891,0.2836936754363856,True,4
1.0,16,-232.3195428571342,0.24030580357142858,2.4981211420408727,4.487042220663266,0.3856350112732443,True,4
0.5,16,-307.10834285714265,0.49991015625,0.007700162449054915,0.0002715368303398691,0.6666638757250448,True,4
0.1,16,-307.2000000000002,0.5,-1.1368683772161601e-11,0.0,0.6666666666666667,True,4
3.5,16,-112.17634285714634,0.046536272321428575,0.07109401978758871,0.04658424177751454,0.3054693936601447,True,5
3.0,16,-122.32240000000586,0.049002790178571426,0.08398623559523896,0.05948251570471941,0.3076451072945965,True,5
2.5,16,-133.89120000001338,0.05189620535714286,0.10343900159999976,0.08071511466836734,0.31037590625884914,True,5
2.0,16,-149.43577142857353,0.057691964285714284,0.12743267896684074,0.1195476938775511,0.3205981767513236,True,5
1.5,16,-169.89302857142866,0.06961160714285715,0.2000302926077211,0.2394221122448979,0.30259581108490186,True,5
1.0,16,-237.14411428569943,0.26336160714285717,2.414420657091796,4.670931829081631,0.4497840820961235,True,5
0.5,16,-307.09554285714177,0.4999012276785714,0.008109511019711135,0.000272906728326916,0.6666638593790426,True,5
0.1,16,-307.2000000000003,0.5,0.0,0.0,0.6666666666666667,True,5
3.5,16,-112.32171428571739,0.04682924107142857,0.06882836640982982,0.04583626266399416,0.3068567197247579,True,6
3.0,16,-122.2605714285825,0.048889508928571426,0.08126505442176876,0.05861537786989797,0.3102077295258966,True,6
2.5,16,-134.3244571428674,0.05189955357142857,0.1048219761551013,0.08049202755102042,0.3024500980014819,True,6
2.0,16,-149.28834285714285,0.057359375,0.13144237845663298,0.1170337633928572,0.3273012781387312,True,6
1.5,16,-169.70594285714262,0.06923325892857143,0.20624352995464001,0.23973573788265293,0.3051608075057729,True,6
1.0,16,-238.7734857142781,0.27532533482142857,2.7387186824490186,4.8910268105070145,0.45930368223510876,True,6
0.5,16,-307.08628571428466,0.49988727678571426,0.009156525511116342,0.0003617978316441395,0.6666629586076349,True,6
0.1,16,-307.2000000000003,0.5,0.0,0.0,0.6666666666666667,True,6
3.5,16,-112.66148571428806,0.0474296875,0.06922105396085083,0.04640287818877553,0.31709976537541695,True,7
3.0,16,-122.07805714287221,0.04883928571428572,0.08505513328231097,0.05675556972789112,0.3232597667293342,True,7
2.5,16,-133.58148571428916,0.052217075892857144,0.1046255000489782,0.07784179435586731,0.3295745393759699,True,7
2.0,16,-149.4221714285714,0.05738560267857143,0.1351926895918396,0.11865161730707907,0.3213334170481309,True,7
1.5,16,-169.6330285714283,0.06934319196428572,0.20161858229023563,0.23309150887542512,0.3108011344474494,True,7
1.0,16,-234.88891428570838,0.2546143973214286,2.572726975306068,4.586289591757012,0.42276708736519353,True,7
0.5,16,-307.05554285714226,0.49985323660714287,0.011719653876980374,0.00047446285074670413,0.6666618016457537,True,7
0.1,16,-307.2000000000003,0.5,0.0,0.0,0.6666666666666667,True,7
3.5,16,-112.27817142858044,0.0471875,0.07042348872969702,0.04566026785714285,0.303803403208991,True,8
3.0,16,-122.38091428572424,0.04856417410714286,0.08321369110544118,0.057932670891794213,0.3189695402124867,True,8
2.5,16,-133.96297142858137,0.052316964285714286,0.10171411448163326,0.07921251581632656,0.3121838992714745,True,8
2.0,16,-149.37508571428725,0.057782924107142856,0.13304434918367036,0.12023309115911995,0.31876348992190184,True,8
1.5,16,-170.26708571428546,0.07036216517857143,0.19930885331065915,0.24211304629039115,0.3103140363780015,True,8
1.0,16,-231.75897142856218,0.23265457589285715,2.3238041387245403,4.379041941246811,0.36760250602149347,True,8
0.5,16,-307.08079999999967,0.4998856026785714,0.00947941857089063,0.000329237085466616,0.6666632816276088,True,8
0.1,16,-307.2000000000003,0.5,0.0,0.0,0.6666666666666667,True,8
3.5,16,-112.9826285714315,0.04710546875,0.06899548686380642,0.046507435108418385,0.30303393530732825,True,9
3.0,16,-122.54834285714665,0.04957979910714286,0.08126219498866208,0.059991964046556115,0.3121905491480418,True,9
2.5,16,-134.06868571428993,0.05213002232142857,0.10548356570612441,0.07856036705994902,0.31907426666570415,True,9
2.0,16,-149.45622857143013,0.05787109375,0.13120070709183196,0.11949760742187499,0.32039821569634186,True,9
1.5,16,-170.03199999999987,0.07011383928571428,0.20130742857144746,0.24615249064625866,0.29403801150261377,True,9
1.0,16,-237.03782857142284,0.26391852678571426,2.74797941015305,4.841929738201532,0.43799354305064553,True,9
0.5,16,-307.09085714285663,0.4998950892857143,0.008392443877937694,0.00029347193877526934,0.6666636479301786,True,9
0.1,16,-307.2000000000002,0.5,-1.1368683772161601e-11,0.0,0.6666666666666667,True,9
3.5,16,-112.40022857143794,0.046410714285714284,0.06734244896293089,0.04560062354227405,0.30466790219853856,True,10
3.0,16,-121.91680000001271,0.049135044642857145,0.08217278920635035,0.057663836628401355,0.31921944662121726,True,10
2.5,16,-134.0786285714367,0.05156584821428571,0.10646482168163401,0.07753517742346944,0.31751466438004383,True,10
2.0,16,-148.81702857142992,0.05712834821428572,0.1312492703954149,0.11773964142219384,0.3190274714816306,True,10
1.5,16,-169.44114285714255,0.06865234375,0.2028422199546627,0.23316541108630964,0.30098773028392345,True,10
1.0,16,-237.48057142855998,0.2652862723214286,2.5534553558674133,4.602991274792728,0.444682211236501,True,10
0.5,16,-307.092799999999,0.49989453125,0.008729011429977618,0.0003369386160727572,0.6666632131370382,True,10
0.1,16,-307.2000000000003,0.5,0.0,0.0,0.6666666666666667,True,10
3.5,16,-112.24845714286279,0.04670647321428571,0.06994515503540395,0.04593701703717204,0.3092377560362928,True,11
3.0,16,-122.20205714286173,0.04928013392857143,0.08525958149659847,0.06021880048894557,0.30414898414230207,True,11
2.5,16,-133.90057142857734,0.05173158482142857,0.10349782122449142,0.0791782777742347,0.29986580192052925,True,11
2.0,16,-148.73908571428765,0.05759765625,0.1362396799872485,0.11895865652901788,0.32187847273230885,True,11
1.5,16,-170.35737142857124,0.07019029017857142,0.1981341467346864,0.2450625552189627,0.30944205209962905,True,11
1.0,16,-237.01954285713308,0.2610965401785714,2.4818256509694834,4.750671538185589,0.4356329976639217,True,11
0.5,16,-307.08057142857115,0.49988392857142855,0.009187137755134245,0.0003279234693991384,0.6666632933774083,True,11
0.1,16,-307.2000000000003,0.5,0.0,0.0,0.6666666666666667,True,11
3.5,16,-112.84571428571735,0.04703013392857143,0.07115857559350047,0.046200089194606386,0.30672678519024754,True,12
3.0,16,-122.30445714287065,0.048743861607142856,0.08172841895691521,0.05668652208227039,0.3308209569006122,True,12
2.5,16,-134.16731428572172,0.05197991071428571,0.1048594179918382,0.07848590867346945,0.30085907440543125,True,12
2.0,16,-149.37280000000223,0.056616071428571425,0.13352405428571146,0.1154117531887755,0.32311139743996653,True,12
1.5,16,-170.3067428571425,0.07082477678571429,0.20290204408163642,0.25558095642006784,0.2757966382421797,True,12
1.0,16,-229.71062857142078,0.2235697544642857,2.251700049795886,4.109718848134566,0.3466021483069398,True,12
0.5,16,-307.0946285714275,0.4998973214285714,0.008349370612222629,0.00030040561225064266,0.6666635785900066,True,12
0.1,16,-307.2000000000002,0.5,-1.1368683772161601e-11,0.0,0.6666666666666667,True,12
3.5,16,-111.74308571429158,0.046640625,0.07325504579758366,0.046033928571428594,0.30471374897098624,True,13
3.0,16,-121.65771428572084,0.04882868303571428,0.08628002253401235,0.0571941964019983,0.32464626547138264,True,13
2.5,16,-134.1009142857207,0.05181584821428571,0.10565672090612224,0.07865780242346943,0.3143284463521908,True,13
2.0,16,-149.5157714285731,0.05727734375,0.13108083968112894,0.11943862081473217,0.31003743337540457,True,13
1.5,16,-170.2790857142858,0.06961886160714285,0.1977184271201635,0.2428460858312076,0.2904369311802393,True,13
1.0,16,-235.0370285714167,0.25557142857142856,2.619289108367383,4.558665158163265,0.42214502213404126,True,13
0.5,16,-307.09428571428543,0.49989899553571426,0.008189668367776903,0.00029499984057679285,0.6666636395582497,True,13
0.1,16,-307.2000000000002,0.5,-1.1368683772161601e-11,0.0,0.6666666666666667,True,13
3.5,16,-112.35040000000488,0.046924665178571426,0.06937081900874645,0.04584022136935133,0.3096397285124174,True,15
3.0,16,-122.41234285715555,0.04856138392857143,0.08323072752834469,0.058527038584183656,0.3041252674449918,True,15
2.5,16,-133.9482285714329,0.05223046875,0.10765946768163304,0.07888560558035712,0.31476414536075503,True,15
2.0,16,-149.25394285714623,0.05720033482142857,0.13097001551020426,0.11654528025350763,0.32094079438767653,True,15
1.5,16,-169.77931428571418,0.07002845982142857,0.20001830473924226,0.23149032307610568,0.32221571092731327,True,15
1.0,16,-238.77931428570346,0.27308872767857145,2.466578328520285,4.496057587292725,0.4687457600446491,True,15
0.5,16,-307.08628571428557,0.4998833705357143,0.009102239795311107,0.0003758480548441412,0.6666628104428269,True,15
0.1,16,-307.2000000000002,0.5,-1.1368683772161601e-11,0.0,0.6666666666666667,True,15
3.5,16,-111.83405714286056,0.04694140625,0.07190346395668422,0.0447112527104592,0.324473960167426,True,14
3.0,16,-121.76057142858643,0.04940178571428572,0.08506091255668874,0.060125935799319685,0.3031956283544618,True,14
2.5,16,-134.60297142857644,0.05203013392857143,0.10193642305306184,0.07869519630102043,0.31871168100164105,True,14
2.0,16,-148.94400000000164,0.05784598214285714,0.13553599999999832,0.12009304846938784,0.3161064310462709,True,14
1.5,16,-169.34788571428538,0.06956584821428571,0.20290107854874703,0.24052241475340144,0.2927531550178717,True,14
1.0,16,-235.0402285714195,0.24876004464285714,2.42768599979604,4.6812693491709165,0.4070100099049555,True,14
0.5,16,-307.08594285714184,0.4998939732142857,0.00920244816416016,0.00029781568879627685,0.6666636054772856,True,14
0.1,16,-307.2000000000002,0.5,-1.1368683772161601e-11,0.0,0.6666666666666667,True,14
3.5,16,-111.88034285715021,0.04737276785714286,0.07303248975843449,0.04702620116618074,0.311434773118871,True,16
3.0,16,-122.20982857144278,0.048671875,0.08164144616780157,0.056744940476190456,0.3227195081758262,True,16
2.5,16,-134.38160000001002,0.051953125,0.1046367598285724,0.07877678571428569,0.321500580814884,True,16
2.0,16,-149.2406857142869,0.057458705357142856,0.13588516918367333,0.1254266120854592,0.30210241400990545,True,16
1.5,16,-169.76674285714262,0.06976618303571429,0.20253474646258635,0.24210419637542513,0.2973370393830449,True,16
1.0,16,-233.20491428570296,0.24701450892857144,2.6455649056632353,4.751436981823977,0.4034969413035533,True,16
0.5,16,-307.09851428571403,0.4998950892857143,0.008150501224235995,0.00035150765306468656,0.6666630638785347,True,16
0.1,16,-307.2000000000003,0.5,0.0,0.0,0.6666666666666667,True,16
3.5,16,-112.65314285714429,0.046919642857142854,0.06819834142024148,0.046815224125364444,0.3022145735027789,True,17
3.0,16,-122.36514285715164,0.04848604910714286,0.07957506788548822,0.057541353927508476,0.3177230059076588,True,17
2.5,16,-134.48685714286515,0.05196763392857143,0.10227825632653322,0.07919024630102044,0.305254139062758,True,17
2.0,16,-149.50377142857204,0.057595424107142856,0.13579595709183678,0.12254458223054854,0.2998466324239013,True,17
1.5,16,-169.80331428571407,0.06929241071428571,0.1964445841043256,0.242444431122449,0.2959978144391716,True,17
1.0,16,-236.35851428570172,0.26298995535714287,2.691782562806196,4.890188992028062,0.4362516696755214,True,17
0.5,16,-307.08125714285603,0.4998794642857143,0.009606832449435387,0.0003854183673439593,0.6666627116583947,True,17
0.1,16,-307.2000000000002,0.5,-1.1368683772161601e-11,0.0,0.6666666666666667,True,17
3.5,16,-112.11851428571471,0.04713225446428571,0.07330767859641861,0.04658492344661078,0.31157671198941783,True,18
3.0,16,-122.10468571429298,0.04903013392857143,0.08416992598639439,0.05843290167942172,0.3106108972845416,True,18
2.5,16,-134.013485714295,0.05227622767857143,0.1051275434775539,0.07759457777423467,0.33151849600246686,True,18
2.0,16,-149.11988571428813,0.05707533482142857,0.1349321249872517,0.12090549900350767,0.296481816169645,True,18
1.5,16,-169.71405714285697,0.06924832589285715,0.19760789106576718,0.23208611559311204,0.30743394966962245,True,18
1.0,16,-235.20479999999208,0.25941573660714284,2.5924063385713225,4.605307945711097,0.43563059863989373,True,18
0.5,16,-307.0867428571417,0.4998917410714286,0.008786718161218232,0.00029980293366804744,0.6666635818143104,True,18
0.1,16,-307.2000000000003,0.5,0.0,0.0,0.6666666666666667,True,18
3.5,16,-112.0836571428613,0.04627790178571429,0.07168826395668498,0.04551218795553935,0.29376369340295005,True,19
3.0,16,-122.69257142858132,0.04877008928571429,0.08164221315192559,0.05832151318027208,0.31229797367805157,True,19
2.5,16,-133.61771428572206,0.05183203125,0.10678786102040931,0.0801085877232143,0.3128672014590298,True,19
2.0,16,-149.36788571428664,0.05752455357142857,0.13232926070153184,0.12100099426020405,0.31071252392283966,True,19
1.5,16,-169.84651428571436,0.06985546875,0.20231656124715552,0.23708897953869057,0.3156445817361342,True,19
1.0,16,-236.17005714284596,0.2512578125,2.5693906048979898,4.871647439732143,0.4083797052023176,True,19
0.5,16,-307.08708571428457,0.49988839285714287,0.008863644082794053,0.00033737244898190966,0.6666632023772627,True,19
0.1,16,-307.2000000000003,0.5,0.0,0.0,0.6666666666666667,True,19
3.5,16,-112.7365714285794,0.047079799107142856,0.07262504362765589,0.045254106937864434,0.3230959830357798,True,20
3.0,16,-122.08354285714896,0.04877064732142857,0.0853133199489796,0.05905328951424319,0.3083209523942013,True,20
2.5,16,-133.96251428572106,0.05198549107142857,0.10405020747755771,0.0783586427295918,0.32277125418806796,True,20
2.0,16,-148.7618285714312,0.056747767857142854,0.13576500566326644,0.12252699043367343,0.2896357940347968,True,20
1.5,16,-170.16034285714275,0.06898214285714285,0.208072825192725,0.23575449319727904,0.3067212278779966,True,20
1.0,16,-235.30994285713197,0.25503292410714284,2.400676354897911,4.5287235841039575,0.43065155569054636,True,20
0.5,16,-307.05759999999896,0.4998549107142857,0.011277445714767964,0.00046020408161950854,0.6666619426685942,True,20
0.1,16,-307.2000000000002,0.5,-1.1368683772161601e-11,0.0,0.6666666666666667,True,20
3.5,16,-112.31120000000274,0.047035714285714285,0.06801422020408106,0.04474555976676383,0.32663061815425787,True,21
3.0,16,-121.94034285715439,0.04905580357142857,0.08425337594104024,0.058309936649659846,0.32400452937870783,True,21
2.5,16,-135.02434285715114,0.051666294642857144,0.10105700106938911,0.07678095038265305,0.3230342365258104,True,21
2.0,16,-149.61154285714417,0.05773939732142857,0.1370810305994965,0.12092024230707915,0.3144675911986672,True,21
1.5,16,-170.15211428571394,0.07014732142857143,0.19877062219954825,0.2396478732993197,0.3131195192197733,True,21
1.0,16,-238.87885714284837,0.27513783482142856,2.452357137754973,4.5859021676498735,0.4707495293612156,True,21
0.5,16,-307.09805714285613,0.4999006696428571,0.008363333878378398,0.0003119126275663575,0.6666634705534403,True,21
0.1,16,-307.2000000000002,0.5,-1.1368683772161601e-11,0.0,0.6666666666666667,True,21
3.5,16,-112.14354285715366,0.046815848214285714,0.0706179777759275,0.04629534356778426,0.30641162996850213,True,22
3.0,16,-122.14182857143487,0.04863616071428571,0.08631690430272146,0.05893807568027213,0.3060031096307151,True,22
2.5,16,-134.20994285715125,0.05246986607142857,0.10013942392653234,0.08016158558673477,0.3138612175341713,True,22
2.0,16,-149.2628571428585,0.05723046875,0.1353502487244853,0.11638348018973216,0.32499898322933174,True,22
1.5,16,-170.03268571428546,0.06948270089285714,0.20044068489796196,0.23692377928358832,0.3036077304240735,True,22
1.0,16,-234.5817142857038,0.25360379464285715,2.439693158163351,4.288139527742345,0.4265876990625447,True,22
0.5,16,-307.07382857142835,0.49986997767857144,0.010454119183350485,0.0004790674425976249,0.6666617807639507,True,22
0.1,16,-307.2000000000003,0.5,0.0,0.0,0.6666666666666667,True,22
3.5,16,-112.51828571429074,0.047044642857142854,0.07220760839233525,0.046389476676384885,0.31287340034550915,True,23
3.0,16,-121.75325714286998,0.048845424107142855,0.08534984534580461,0.056382414939413275,0.3218771579127131,True,23
2.5,16,-134.3022857142956,0.05202120535714286,0.10442106102040953,0.07851756109693878,0.3116927767068093,True,23
2.0,16,-148.88720000000177,0.05793415178571429,0.13367802080357194,0.12231652088647954,0.31701687973032544,True,23
1.5,16,-169.77028571428542,0.06942466517857143,0.19588775283446264,0.23887402843324823,0.2956021399262396,True,23
1.0,16,-238.7491428571352,0.27134542410714285,2.5060548966835654,4.926548628746811,0.4595365472840306,True,23
0.5,16,-307.08422857142756,0.4998822544642857,0.009520577755665727,0.00039580341199041413,0.6666626127225734,True,23
0.1,16,-307.2000000000002,0.5,-1.1368683772161601e-11,0.0,0.6666666666666667,True,23
3.5,16,-112.5833142857188,0.04664732142857143,0.07061651471886594,0.045368657434402326,0.31098061912463726,True,25
3.0,16,-122.04560000000598,0.049104352678571425,0.08397370067460486,0.05718954546662417,0.32074678357326125,True,25
2.5,16,-134.3202285714373,0.052221540178571425,0.101520822824491,0.07899181884566331,0.32138064976473424,True,25
2.0,16,-149.0572571428591,0.05763058035714286,0.1353397448852114,0.12271942458545915,0.309372811453965,True,25
1.5,16,-169.98319999999993,0.07009151785714286,0.2024833195238216,0.2401858622448977,0.30972616064610814,True,25
1.0,16,-234.4289142857011,0.24794977678571428,2.2767185199489006,4.491341336415816,0.41614570649477467,True,25
0.5,16,-307.06468571428513,0.49986886160714283,0.010633906939347071,0.00038293606506556443,0.6666627317994767,True,25
0.1,16,-307.2000000000003,0.5,0.0,0.0,0.6666666666666667,True,25
3.5,16,-112.38777142857025,0.04669866071428572,0.06900444211161953,0.04609338884839646,0.30820851839358565,True,24
3.0,16,-122.05485714287062,0.048854910714285715,0.08569797959183648,0.05894004294217684,0.302982714829223,True,24
2.5,16,-134.43131428572556,0.05216685267857143,0.10487961570612242,0.07855273313137756,0.32814367804131683,True,24
2.0,16,-149.0835428571453,0.056914620535714285,0.13361246988521103,0.1172861495137118,0.31802847075395857,True,24
1.5,16,-169.94799999999992,0.07000446428571429,0.20275467063491862,0.23506862755102037,0.3153663814759865,True,24
1.0,16,-237.18822857142052,0.2612600446428571,2.566291601581753,4.745680509885204,0.43391014849668363,True,24
0.5,16,-307.0931428571413,0.49988671875,0.008611586734332377,0.000407492187505909,0.6666625005418093,True,24
0.1,16,-307.2000000000003,0.5,0.0,0.0,0.6666666666666667,True,24
3.5,16,-112.58548571429505,0.04684877232142857,0.07374926226988898,0.04545769841016765,0.3228767507869318,True,26
3.0,16,-121.61565714286337,0.04916852678571428,0.08580818725056677,0.05855149606717687,0.31053444077195214,True,26
2.5,16,-133.99405714286559,0.051989955357142854,0.10361026364081453,0.07872003966836738,0.316957141817941,True,26
2.0,16,-148.96160000000285,0.05713616071428571,0.13642860464285178,0.11803832334183678,0.3208809170899508,True,26
1.5,16,-169.9626285714282,0.070203125,0.20310868641725696,0.2375433452380952,0.3256821510555724,True,26
1.0,16,-237.77657142855907,0.27424386160714287,2.5046664272960015,4.430895485889668,0.4674819936569403,True,26
0.5,16,-303.8550857142859,0.41815178571428574,0.5782690155099317,13.369810971938776,0.5950473924360227,True,26
0.1,16,-307.2000000000003,0.5,0.0,0.0,0.6666666666666667,True,26
3.5,16,-112.10754285715068,0.047232700892857145,0.07486059774677117,0.04636261203990524,0.31687040227136776,True,27
3.0,16,-122.22354285714712,0.04889564732142857,0.08286037451247097,0.057071783561862224,0.3185769267267363,True,27
2.5,16,-134.5590857142931,0.05222544642857143,0.10554772519184098,0.08170695969387753,0.2871723400234958,True,27
2.0,16,-149.10857142857242,0.05777957589285714,0.13672862244897388,0.12184735008769132,0.310366733833185,True,27
1.5,16,-170.02057142857123,0.06939341517857144,0.20006656689342764,0.2307140939094386,0.3212565056408424,True,27
1.0,16,-233.6823999999883,0.2472533482142857,2.6237252632143964,4.850518488201532,0.3967049243979972,True,27
0.5,16,-307.0883428571416,0.4998939732142857,0.008789483877762905,0.0003089764030761444,0.6666634928947106,True,27
0.1,16,-307.2000000000002,0.5,-1.1368683772161601e-11,0.0,0.6666666666666667,True,27
3.5,16,-112.01702857143827,0.046568638392857145,0.07351130695127031,0.04594482505010933,0.3076494284021125,True,28
3.0,16,-121.98217142857808,0.04824330357142857,0.08611002077097633,0.0580872580782313,0.29698353933333466,True,28
2.5,16,-134.29771428572033,0.052406808035714285,0.10231488959183707,0.0791113338966837,0.3130848151739929,True,28
2.0,16,-149.25337142857353,0.057911830357142854,0.13011061110969635,0.12311235315688779,0.30942821979461443,True,28
1.5,16,-169.53817142857164,0.06891685267857142,0.19895034736963327,0.23014785283801037,0.30910382238237677,True,28
1.0,16,-235.93359999998899,0.25782589285714286,2.7077502775001108,4.915078079081631,0.42032881523020216,True,28
0.5,16,-307.1071999999994,0.4999140625,0.007319725713387015,0.0002350580357273202,0.6666642489931209,True,28
0.1,16,-307.2000000000002,0.5,-1.1368683772161601e-11,0.0,0.6666666666666667,True,28
3.5,16,-112.65280000000627,0.0469765625,0.0703310497959187,0.04489848022959184,0.32303696261213866,True,29
3.0,16,-122.5189714285751,0.048545200892857146,0.08461810271542053,0.057697038451317975,0.3127403327862943,True,29
2.5,16,-134.25348571429532,0.051918526785714285,0.10491058347754688,0.07935237742346941,0.31023559216904306,True,29
2.0,16,-149.26297142857445,0.057372767857142855,0.135940591823978,0.11738451275510203,0.3237451010745084,True,29
1.5,16,-169.98651428571404,0.07024832589285715,0.20322730331068645,0.24372585964073115,0.2932404700605926,True,29
1.0,16,-235.45062857141684,0.2606434151785714,2.4466235587245535,4.605408774792728,0.440783150865075,True,29
0.5,16,-307.08217142857,0.49988727678571426,0.009484497755465782,0.00034394068879350925,0.6666631394137903,True,29
0.1,16,-307.2000000000003,0.5,0.0,0.0,0.6666666666666667,True,29
3.5,16,-112.11474285715043,0.046436941964285716,0.07069848389837473,0.04538759053844751,0.29963189114693256,True,30
3.0,16,-122.54217142857766,0.04866852678571429,0.08670892553288054,0.05814700797193876,0.31352085164394883,True,30
2.5,16,-134.34262857143636,0.052078683035714286,0.10775771425306174,0.07887115353954083,0.31779092664250974,True,30
2.0,16,-148.92274285714663,0.057241629464285716,0.1319331444387828,0.11697608701371176,0.31950587329065705,True,30
1.5,16,-169.75394285714302,0.06901953125,0.19785679344669738,0.23065627715773798,0.31059747433147344,True,30
1.0,16,-235.26331428570825,0.25700725446428574,2.4769736267347753,4.55580219634885,0.43032742275330405,True,30
0.5,16,-307.08708571428514,0.49989006696428573,0.008929358367140594,0.0003230534119893491,0.6666633487553777,True,30
0.1,16,-307.2000000000002,0.5,-1.1368683772161601e-11,0.0,0.6666666666666667,True,30
3.5,16,-112.5241142857266,0.047304129464285714,0.06933287215327032,0.04647138390579448,0.3187599039918191,True,31
3.0,16,-122.46331428572229,0.04936439732142857,0.0842193712244905,0.06241407522852893,0.2970673235008209,True,31
2.5,16,-133.99417142857715,0.052638950892857146,0.10412123591020872,0.07800710328443877,0.3273062402485618,True,31
2.0,16,-148.87131428571743,0.05717075892857143,0.13474378346938565,0.11928880341198972,0.3032757630973171,True,31
1.5,16,-169.5594285714286,0.07013392857142857,0.19210333276643293,0.24059946853741493,0.30287097916263794,True,31
1.0,16,-235.20502857142034,0.25444363839285716,2.658703472653144,4.856664351961097,0.41398474532489904,True,31
0.5,16,-307.0767999999995,0.49987611607142857,0.010231411428776482,0.00040508864795185673,0.6666625139331295,True,31
0.1,16,-307.2000000000003,0.5,0.0,0.0,0.6666666666666667,True,31
3.5,16,-112.01942857143077,0.04650725446428571,0.06979562307371942,0.04573070150783529,0.31057972077183593,True,32
3.0,16,-121.7634285714345,0.04898828125,0.08382205839002507,0.058790593936011895,0.31427613261653187,True,32
2.5,16,-134.30160000000896,0.05153515625,0.1031130912571416,0.07785318236607144,0.30871919124550684,True,32
2.0,16,-149.1035428571451,0.057303571428571426,0.13511805693878287,0.12291974872448985,0.30418577490556875,True,32
1.5,16,-169.95394285714295,0.06930189732142857,0.19213028551019484,0.22788633498086744,0.3255905396780048,True,32
1.0,16,-237.5173714285615,0.26195535714285717,2.7578958301530463,4.7704075433673445,0.43055661224069686,True,32
0.5,16,-307.086857142857,0.49988169642857144,0.00922283673480706,0.00041470918365860143,0.666662423725249,True,32
0.1,16,-307.2000000000002,0.5,-1.1368683772161601e-11,0.0,0.6666666666666667,True,32
3.5,16,-112.69051428571753,0.046744419642857145,0.07104609011245387,0.04546208190597665,0.3114647583299819,True,33
3.0,16,-122.33542857143695,0.0485078125,0.08822608715986588,0.05785136383928572,0.3039245527295722,True,33
2.5,16,-134.38445714286837,0.052434151785714284,0.10329984901224634,0.07762335956632659,0.3252701070229185,True,33
2.0,16,-149.2873142857164,0.05703571428571429,0.12765898346939508,0.12071439477040818,0.30337577044053565,True,33
1.5,16,-169.84354285714267,0.07063448660714286,0.2058743274149606,0.2407401185693027,0.31461397979773975,True,33
1.0,16,-236.84582857141743,0.26530301339285717,2.4604585815816904,4.427379151068237,0.44961300376785474,True,33
0.5,16,-307.0801142857137,0.49987890625,0.009802571224554413,0.00044003683036919483,0.6666621803444299,True,33
0.1,16,-307.2000000000002,0.5,-1.1368683772161601e-11,0.0,0.6666666666666667,True,33
3.5,16,-113.02434285715424,0.047160714285714285,0.06953465069137757,0.04584702660349855,0.32381056794780394,True,34
3.0,16,-122.1372571428646,0.048551339285714284,0.08408404534580585,0.05868393877551022,0.3008379725912872,True,34
2.5,16,-134.12514285714755,0.05156026785714286,0.10471581204081531,0.07803294591836735,0.3090591134063776,True,34
2.0,16,-149.5491428571447,0.05762667410714286,0.132698277742346,0.12451449740911985,0.29526449160957213,True,34
1.5,16,-169.83085714285676,0.06928515625,0.20043921995463482,0.23539985751488116,0.30370882193298177,True,34
1.0,16,-233.9649142857056,0.2473510044642857,2.539151619949024,4.668372687420284,0.4060871072774854,True,34
0.5,16,-307.0973714285707,0.4999006696428571,0.00818114204162157,0.00029182334185406944,0.666663667633143,True,34
0.1,16,-307.2000000000002,0.5,-1.1368683772161601e-11,0.0,0.6666666666666667,True,34
3.5,16,-112.3392000000067,0.04706696428571429,0.07200476874635516,0.04768193476676382,0.3013961958798852,True,35
3.0,16,-121.82525714285892,0.04937611607142857,0.08791508026644045,0.05813806536989796,0.32464217338256474,True,35
2.5,16,-134.66022857143705,0.052266183035714286,0.10155076139591984,0.0791806785395408,0.31621483189651833,True,35
2.0,16,-149.09257142857368,0.058368303571428574,0.13498747959183532,0.125575525510204,0.29919596524329783,True,35
1.5,16,-169.73325714285724,0.06858091517857143,0.19523742503401487,0.22913299271896248,0.3053377563127927,True,35
1.0,16,-232.86594285712795,0.23211551339285713,2.3334083709694085,4.444093159996813,0.3740145071083919,True,35
0.5,16,-307.0951999999993,0.4998950892857143,0.008295532856436694,0.00031579336734921526,0.6666634211419865,True,35
0.1,16,-307.2000000000003,0.5,0.0,0.0,0.6666666666666667,True,35
3.5,16,-112.39119999999711,0.04686551339285714,0.07146394032069939,0.044610484488884855,0.3289184562357138,True,36
3.0,16,-122.62765714286753,0.04864285714285714,0.08335306086167943,0.0585521305272109,0.3126735272128649,True,36
2.5,16,-134.45348571429005,0.05179520089285714,0.1023084977632675,0.07741726757015309,0.3206691447971597,True,36
2.0,16,-149.38617142857257,0.05736774553571428,0.13156686682397378,0.12380844192442608,0.2951278551664457,True,36
1.5,16,-169.13108571428546,0.06973772321428572,0.20895238981857903,0.24567352784863933,0.2936497458846613,True,36
1.0,16,-233.69119999999054,0.2524994419642857,2.4211839385714313,4.309330959741711,0.42527656815489934,True,36
0.5,16,-307.0851428571418,0.49989006696428573,0.009158158163472763,0.0003185891262660334,0.6666633926230084,True,36
0.1,16,-307.2000000000003,0.5,0.0,0.0,0.6666666666666667,True,36
3.5,16,-112.81680000000597,0.04684263392857143,0.07126174673469368,0.04421612235787171,0.33073122068524097,True,37
3.0,16,-122.50788571429752,0.049569754464285715,0.0845656624943345,0.06011601187818878,0.3072132267528821,True,37
2.5,16,-134.2606857142922,0.05218582589285714,0.10295912684897984,0.07960445507015312,0.3154974526849287,True,37
2.0,16,-149.3578285714301,0.057722098214285714,0.13259370968112094,0.12165944499362241,0.3165354720046123,True,37
1.5,16,-169.63131428571444,0.06946261160714286,0.19752242458050281,0.23865909178358846,0.30090768189006467,True,37
1.0,16,-236.2811428571334,0.2560630580357143,2.728430530612229,5.12194808474171,0.41385437337492736,True,37
0.5,16,-307.0846857142852,0.49988727678571426,0.0091079426529177,0.0003327799745136417,0.6666632471693791,True,37
0.1,16,-307.2000000000003,0.5,0.0,0.0,0.6666666666666667,True,37
3.5,16,-112.45760000000931,0.04647935267857143,0.07219194495626871,0.045962243053024744,0.30076518174098166,True,38
3.0,16,-122.66811428572056,0.048997767857142854,0.08270237122448994,0.0574398805272109,0.33244102327170477,True,38
2.5,16,-134.19417142857978,0.05204910714285714,0.1053434073387757,0.0777742352040817,0.3250911932735808,True,38
2.0,16,-149.0154285714303,0.056982142857142856,0.1374263746811195,0.11807770471938783,0.31505958181397675,True,38
1.5,16,-169.84491428571397,0.06970535714285714,0.20020586283446087,0.23227935034013628,0.31934404175149755,True,38
1.0,16,-238.0215999999889,0.26552120535714285,2.6743431774999635,4.7822650991709175,0.4391748012842721,True,38
0.5,16,-307.0949714285705,0.499890625,0.008549069183118263,0.0003822678571623328,0.6666627566093313,True,38
0.1,16,-307.20000000000016,0.5,-1.1368683772161601e-11,0.0,0.6666666666666667,True,38
3.5,16,-112.21405714286286,0.047130580357142855,0.0733682751811746,0.04720121711005833,0.30011195952721037,True,39
3.0,16,-122.09325714286379,0.04847154017857143,0.08139019356009038,0.05797910499043364,0.29553746741598486,True,39
2.5,16,-134.01554285714988,0.05248883928571429,0.10416910615510461,0.07868043367346936,0.3154785723878485,True,39
2.0,16,-149.13440000000125,0.056928571428571426,0.1349465117857065,0.11811550318877556,0.30895151677413835,True,39
1.5,16,-169.83657142857123,0.06976004464285715,0.20498061451247118,0.24299627444727873,0.2801035985937499,True,39
1.0,16,-234.4578285714179,0.2555675223214286,2.436566936938874,4.406648953364154,0.4289811947506096,True,39
0.5,16,-307.08365714285685,0.49988671875,0.009154219590982393,0.0003405279017840712,0.6666631718278664,True,39
0.1,16,-307.2000000000003,0.5,0.0,0.0,0.6666666666666667,True,39
3.5,16,-112.43840000000117,0.04686997767857143,0.07140279510204087,0.046654813206086,0.29767634977379986,True,40
3.0,16,-122.06297142857812,0.04916350446428572,0.08429383446145049,0.055826711282950615,0.3332118918339887,True,40
2.5,16,-134.4499428571495,0.052309151785714283,0.10322981249795703,0.07961585956632655,0.3156883194091068,True,40
2.0,16,-149.33851428571597,0.05804352678571428,0.13466876346939216,0.12186973070790819,0.3178100205654738,True,40
1.5,16,-169.5276571428573,0.06911997767857143,0.20427234265305413,0.2419220998618196,0.2897093298191403,True,40
1.0,16,-235.13177142856344,0.2557801339285714,2.448303601581614,4.562851071109694,0.4293080881053478,True,40
0.5,16,-307.0974857142847,0.49990625,0.008031508367594142,0.0002455000000054497,0.6666641390364416,True,40
0.1,16,-307.2000000000002,0.5,-1.1368683772161601e-11,0.0,0.6666666666666667,True,40
3.5,16,-111.72285714286265,0.04692633928571428,0.06886865628904539,0.04549853170553938,0.32759997118618445,True,41
3.0,16,-121.92720000000611,0.04914508928571429,0.08740063623015715,0.057851917942176846,0.31707997045701164,True,41
2.5,16,-134.25165714286635,0.05237388392857143,0.10329230364081923,0.08010499630102036,0.3126121341942665,True,41
2.0,16,-149.0948571428587,0.0574921875,0.13470116836734647,0.12054892075892853,0.31453980391215886,True,41
1.5,16,-169.7226285714285,0.0698046875,0.20193341657595612,0.23924616815476188,0.2943718904288475,True,41
1.0,16,-233.33439999999112,0.23623381696428572,2.545853725714295,4.812212008848853,0.36433364637163057,True,41
0.5,16,-307.08331428571324,0.49988783482142857,0.009294399795862773,0.0003451210140354988,0.6666631275815507,True,41
0.1,16,-307.2000000000002,0.5,-1.1368683772161601e-11,0.0,0.6666666666666667,True,41
3.5,16,-111.96445714286561,0.04731473214285714,0.07386650678467518,0.045954925655976676,0.32617896918369393,True,42
3.0,16,-122.36880000001163,0.049241629464285716,0.08325604575396915,0.05699545384247447,0.33241085524587755,True,42
2.5,16,-134.09988571429787,0.05227120535714286,0.10326336427755223,0.08013517538265305,0.31083386139708324,True,42
2.0,16,-149.1845714285729,0.05687611607142857,0.1292135175382647,0.11734948644770404,0.31761778606183055,True,42
1.5,16,-169.79291428571426,0.06967857142857142,0.20945094458050384,0.24325507568027227,0.2930848050312843,True,42
1.0,16,-234.01279999999448,0.23690625,2.4129915028572384,4.822457964285711,0.3649593872042083,True,42
0.5,16,-307.08537142857125,0.49989006696428573,0.00909897775477475,0.00032082126912769127,0.6666633704281937,True,42
0.1,16,-307.2000000000002,0.5,-1.1368683772161601e-11,0.0,0.6666666666666667,True,42
3.5,16,-112.07222857143144,0.046998883928571426,0.07274282622240744,0.0463904590925656,0.3167799894336374,True,43
3.0,16,-122.25234285714546,0.04873158482142857,0.0866879180045367,0.05791773147852889,0.31576523131729617,True,43
2.5,16,-134.17977142857856,0.05157477678571429,0.10383385853877598,0.07920918099489792,0.30625783352566827,True,43
2.0,16,-149.393714285718,0.05741908482142857,0.1361244257015315,0.11830189632493615,0.32042842417415374,True,43
1.5,16,-169.68605714285673,0.06952008928571428,0.2063733331292623,0.2460446215986396,0.2985256880697015,True,43
1.0,16,-236.73885714284367,0.25879966517857145,2.7545943252551695,5.096888364078442,0.4239289096274407,True,43
0.5,16,-303.146857142857,0.39616238839285717,0.5704944438771236,14.822187989636475,0.5704113587446877,True,43
0.1,16,-307.2000000000003,0.5,0.0,0.0,0.6666666666666667,True,43
3.5,16,-112.49634285714386,0.04655747767857143,0.07201663203248672,0.04573003004282069,0.3051407209831952,True,44
3.0,16,-121.92674285715157,0.048438058035714285,0.0851753691553267,0.05869906991390309,0.300327563071327,True,44
2.5,16,-134.16971428572387,0.051330915178571426,0.09843605530612194,0.07847642777423475,0.3116291825794446,True,44
2.0,16,-149.5211428571438,0.05722265625,0.1399041058673518,0.11992483063616077,0.31128742874109283,True,44
1.5,16,-169.6586285714287,0.06932868303571428,0.20289165149661256,0.24831435113733002,0.2736609295757517,True,44
1.0,16,-234.90034285713102,0.25311272321428574,2.655747097755267,5.0678198274872415,0.4086538557932565,True,44
0.5,16,-307.09371428571404,0.49989341517857144,0.008557775509871135,0.00033904958544894725,0.6666631891151036,True,44
0.1,16,-307.2000000000002,0.5,-1.1368683772161601e-11,0.0,0.6666666666666667,True,44
3.5,16,-112.5741714285781,0.04733314732142857,0.07031679893377632,0.04614966652241252,0.3171311442003173,True,45
3.0,16,-122.58171428572328,0.049277901785714284,0.08470884297052174,0.05998906154336736,0.29247524596740737,True,45
2.5,16,-134.1584000000075,0.05232868303571429,0.10220306125713932,0.07873136068239793,0.31610488217207,True,45
2.0,16,-149.01588571428752,0.057474330357142854,0.13180582498723936,0.12353547369260215,0.29833159806103904,True,45
1.5,16,-170.16217142857138,0.0699765625,0.20373275371880734,0.24288996577380942,0.30391570640132004,True,45
1.0,16,-243.04171428570118,0.29882087053571427,2.9433774885202126,5.033371638313142,0.5018099537463145,True,45
0.5,16,-307.08959999999894,0.4998861607142857,0.009012417143594575,0.0003884540816301296,0.6666626915509601,True,45
0.1,16,-307.2000000000003,0.5,0.0,0.0,0.6666666666666667,True,45
3.5,16,-112.59782857142908,0.046577566964285715,0.06867725797167865,0.04553705609967202,0.3061987497968425,True,46
3.0,16,-122.04045714286808,0.048521763392857145,0.08455476578231232,0.057444743808460874,0.3126397154392533,True,46
2.5,16,-134.1558857142913,0.052251674107142855,0.10455978370612456,0.08251274792729593,0.29011887035953776,True,46
2.0,16,-149.36720000000312,0.057015625,0.13422019937499385,0.12002552678571426,0.31503913220761404,True,46
1.5,16,-169.43839999999997,0.0682578125,0.2023238685714356,0.229760144345238,0.30250183488388205,True,46
1.0,16,-237.3119999999895,0.27247991071428573,2.822800285714351,4.759295387755099,0.4565031122145077,True,46
0.5,16,-307.0959999999995,0.49989676339285716,0.008256714285153066,0.0003394092793200798,0.6666631935399725,True,46
0.1,16,-307.2000000000002,0.5,-1.1368683772161601e-11,0.0,0.6666666666666667,True,46
3.5,16,-112.79371428572472,0.04669698660714286,0.07244707194918737,0.0472985431623542,0.29821926889751194,True,47
3.0,16,-122.16914285715107,0.049391741071428574,0.08493321768707318,0.059644023703231255,0.30759864543882576,True,47
2.5,16,-133.9121142857225,0.05174888392857143,0.106908886848978,0.07823313915816327,0.3145148863716334,True,47
2.0,16,-148.82342857143172,0.057765625,0.13647169610969456,0.12111869196428576,0.31098955120579486,True,47
1.5,16,-169.37051428571422,0.06891462053571429,0.20655079219953779,0.23564902078018704,0.3010466394777056,True,47
1.0,16,-236.2990857142745,0.2602946428571429,2.592475219949023,4.680778802295915,0.434061249779535,True,47
0.5,16,-305.541714285714,0.46252399553571427,0.28409834693889024,5.817478053411989,0.6360166520614343,True,47
0.1,16,-307.2000000000003,0.5,0.0,0.0,0.6666666666666667,True,47
3.5,16,-112.1742857142844,0.046568638392857145,0.0708573401707628,0.0456367893358236,0.30619870235927626,True,48
3.0,16,-122.11885714286299,0.04875390625,0.08412513832199646,0.05788494661458332,0.3155023396371913,True,48
2.5,16,-134.65691428572,0.0523984375,0.10880640404897804,0.07990094375000001,0.3109081342674498,True,48
2.0,16,-149.38982857143236,0.0572890625,0.12775516682398447,0.11621124665178567,0.3212536531443734,True,48
1.5,16,-169.95714285714286,0.06922209821428571,0.20439490646257732,0.23365794451530625,0.30365087014686476,True,48
1.0,16,-233.1427428571335,0.24437946428571428,2.400886479540901,4.462490977040819,0.4019838104724265,True,48
0.5,16,-307.0881142857132,0.49989229910714283,0.008785828367763315,0.00030767713649026973,0.6666635028804073,True,48
0.1,16,-307.2000000000003,0.5,0.0,0.0,0.6666666666666667,True,48
3.5,16,-111.86000000000504,0.046787946428571425,0.07059780247813395,0.046576932944606436,0.30357881930679453,True,49
3.0,16,-121.70377142858123,0.04832589285714286,0.08528254839002455,0.055772746598639435,0.3240145702197611,True,49
2.5,16,-134.36765714286554,0.05249553571428572,0.10328523192653392,0.07993880153061222,0.3089833084411022,True,49
2.0,16,-149.17097142857355,0.05706808035714286,0.13423292709183343,0.12102850940688775,0.2941368033906735,True,49
1.5,16,-169.69382857142858,0.06928404017857143,0.19760836641723423,0.22766509093324833,0.3164148634730919,True,49
1.0,16,-239.4349714285598,0.2810228794642857,2.72365218693875,4.688288691884566,0.4753968367623279,True,49
0.5,16,-307.0843428571418,0.49988671875,0.009085276735277148,0.0003472243303548339,0.6666631052369668,True,49
0.1,16,-307.2000000000002,0.5,-1.1368683772161601e-11,0.0,0.6666666666666667,True,49
3.5,16,-112.98697142857722,0.04663448660714286,0.06871293421074674,0.04512507377459911,0.319101264802263,True,50
3.0,16,-121.97531428572343,0.04875892857142857,0.08617838630385519,0.05840732950680272,0.30468232143609186,True,50
2.5,16,-134.17680000001207,0.05187332589285714,0.10568400645714292,0.0770772050701531,0.32260268816213755,True,50
2.0,16,-148.99485714286007,0.05769308035714286,0.13328586702806078,0.12154404512117345,0.3034271971574488,True,50
1.5,16,-170.1024000000001,0.07019196428571428,0.19609354158730083,0.23613814540816339,0.30932284917423725,True,50
1.0,16,-235.38159999998766,0.24521205357142858,2.5838515346428608,5.031261926020404,0.38962015117258,True,50
0.5,16,-307.0988571428569,0.49989899553571426,0.00795872959179178,0.0003262498405831593,0.66666332508147,True,50
0.1,16,-307.2000000000002,0.5,-1.1368683772161601e-11,0.0,0.6666666666666667,True,50
3.5,16,-112.52171428571904,0.04687779017857143,0.06958256466055861,0.04565035019588191,0.32059558344864614,True,51
3.0,16,-122.10228571429688,0.04881640625,0.08571839554988575,0.05633518173363098,0.3314698258398656,True,51
2.5,16,-133.84594285715096,0.05191796875,0.10691888078366901,0.08152371272321424,0.3008559930398401,True,51
2.0,16,-149.41771428571607,0.05777287946428571,0.13314567570153457,0.12188222094228318,0.3139406153948888,True,51
1.5,16,-169.87737142857145,0.07019308035714286,0.2044275435600803,0.23645366730442166,0.32140046213089934,True,51
1.0,16,-236.868571428562,0.2620457589285714,2.4526866326530126,4.711193606823983,0.4416704159317939,True,51
0.5,16,-307.0654857142847,0.49986328125,0.010904422653084112,0.0004491350446329534,0.666662059875693,True,51
0.1,16,-307.2000000000003,0.5,0.0,0.0,0.6666666666666667,True,51
3.5,16,-112.39645714285973,0.04662946428571429,0.07201620591003728,0.04517990160349851,0.32156144524048624,True,52
3.0,16,-122.13062857143571,0.04945089285714286,0.08730433985827722,0.05751898767006798,0.32212320148586326,True,52
2.5,16,-134.146971428576,0.05205133928571429,0.10165369962449176,0.07814865510204082,0.3169911671993849,True,52
2.0,16,-149.09120000000254,0.05724944196428571,0.13505611857141986,0.11735657362085467,0.31972141012031474,True,52
1.5,16,-170.4325714285713,0.07025390625,0.20637101530611013,0.2447869884672619,0.2924250677825171,True,52
1.0,16,-240.43805714284576,0.27778125,2.8065579138265946,5.143331580357145,0.4602712471376137,True,52
0.5,16,-307.0931428571413,0.4999006696428571,0.00834872959239874,0.0002650376275568078,0.6666639382547688,True,52
0.1,16,-307.2000000000002,0.5,-1.1368683772161601e-11,0.0,0.6666666666666667,True,52
3.5,16,-112.92171428571716,0.04671540178571429,0.07088918273636145,0.04540693795553936,0.3231161878854645,True,53
3.0,16,-122.29840000001073,0.048843191964285715,0.08563143242063455,0.05841181098533166,0.3202112043400036,True,53
2.5,16,-134.32708571428998,0.05135435267857143,0.10437839147754857,0.07658087598852044,0.30684348825318664,True,53
2.0,16,-148.99977142857432,0.05793694196428571,0.1305735267346826,0.12303881022799751,0.312183902138615,True,53
1.5,16,-169.58365714285696,0.06953627232142857,0.19952223471654584,0.23603890938562921,0.3164224230757807,True,53
1.0,16,-235.04034285713246,0.25304185267857143,2.4627286423980195,4.6454766899713,0.42198896590992097,True,53
0.5,16,-307.09908571428474,0.4998984375,0.007970879797085217,0.0003250758928459163,0.6666633330995556,True,53
0.1,16,-307.2000000000003,0.5,0.0,0.0,0.6666666666666667,True,53
3.5,16,-112.43977142857317,0.046904575892857146,0.07111232359850024,0.046783258723578705,0.30719284458508256,True,54
3.0,16,-122.33908571429643,0.049333705357142855,0.08447763554988323,0.05681375329506806,0.33622490794515336,True,54
2.5,16,-134.59794285715327,0.051853794642857144,0.10312282592653219,0.07959604323979588,0.3085142513438155,True,54
2.0,16,-149.1706285714309,0.05712946428571428,0.13661576468112457,0.11967421173469395,0.3050032029672374,True,54
1.5,16,-169.87748571428557,0.069296875,0.19545140172334008,0.23462976190476206,0.3102171834414602,True,54
1.0,16,-236.70811428570542,0.2612332589285714,2.571522733877515,4.558046803252552,0.435185530006888,True,54
0.5,16,-307.08239999999904,0.4998800223214286,0.00990248142920791,0.00042901387115534817,0.6666622817606258,True,54
0.1,16,-307.2000000000002,0.5,-1.1368683772161601e-11,0.0,0.6666666666666667,True,54
3.5,16,-112.49062857143745,0.04701116071428572,0.06926350333610896,0.04619124599125361,0.31913030035225787,True,55
3.0,16,-122.06594285715586,0.049291852678571425,0.08645835074263096,0.05961111391900512,0.3155327789496505,True,55
2.5,16,-134.1605714285794,0.052013392857142855,0.10080799979591575,0.07934855663265306,0.30768517847965726,True,55
2.0,16,-149.37085714285956,0.05729408482142857,0.12985417059950066,0.12172045436065049,0.30833683290311853,True,55
1.5,16,-169.64971428571423,0.0707890625,0.20090475680271108,0.2436420431547619,0.31531977458594973,True,55
1.0,16,-235.35211428570142,0.24792633928571428,2.4275349713776393,4.817450521683675,0.4040910140909276,True,55
0.5,16,-307.08891428571275,0.49989620535714285,0.00855575836862954,0.00028912691325899686,0.6666636968380304,True,55
0.1,16,-307.2000000000003,0.5,0.0,0.0,0.6666666666666667,True,55
3.5,16,-112.07405714286465,0.04661551339285714,0.07257037940858038,0.04430645897868076,0.323698715558551,True,56
3.0,16,-122.42777142858237,0.0488984375,0.0813448636678026,0.05931133407738091,0.29343963946744134,True,56
2.5,16,-134.64651428571915,0.05188950892857143,0.09968413347755131,0.07408360344387753,0.335847752442509,True,56
2.0,16,-149.0162285714318,0.05810602678571428,0.1309021981632661,0.12014923963647967,0.33085333405742823,True,56
1.5,16,-169.84628571428573,0.06984709821428571,0.19594977267573516,0.24028223022959194,0.3038440467621716,True,56
1.0,16,-235.48777142856216,0.25187220982142855,2.66238651408176,4.929400109614164,0.4034444427275429,True,56
0.5,16,-307.0941714285696,0.4998917410714286,0.008696433469822296,0.00037346364794643705,0.6666628461171658,True,56
0.1,16,-307.2000000000002,0.5,-1.1368683772161601e-11,0.0,0.6666666666666667,True,56
3.5,16,-112.46297142857902,0.04703683035714286,0.07004264222823807,0.046458224763119525,0.3171705510049766,True,57
3.0,16,-121.94091428571961,0.04964341517857143,0.0852942784070281,0.06074573445471935,0.3160113334274286,True,57
2.5,16,-134.0817142857235,0.052127232142857145,0.10063079816326308,0.07847073520408161,0.3125976270319787,True,57
2.0,16,-149.5136000000023,0.05691071428571429,0.131053245714277,0.11886789477040816,0.31912429225763694,True,57
1.5,16,-170.2046857142855,0.07029575892857143,0.2005059936281365,0.23595382121598646,0.31422141152182326,True,57
1.0,16,-235.73954285713356,0.25990848214285717,2.4529639366837444,4.589619775510201,0.44075340839690325,True,57
0.5,16,-307.11062857142747,0.4999140625,0.007335199184126395,0.0002551473214396083,0.6666640455108186,True,57
0.1,16,-307.2000000000003,0.5,0.0,0.0,0.6666666666666667,True,57
3.5,16,-112.13085714286446,0.04612946428571429,0.072511361828405,0.04491725364431485,0.31125747345971844,True,58
3.0,16,-122.06685714286839,0.0486640625,0.08318504407596489,0.05807508407738097,0.3175232764615308,True,58
2.5,16,-133.97577142857884,0.05177120535714286,0.09884351882448981,0.07823848609693879,0.32191823069519476,True,58
2.0,16,-149.2099428571457,0.05820535714285714,0.13268151059948607,0.1206296868622449,0.3171818435091742,True,58
1.5,16,-170.0966857142853,0.07005580357142857,0.19439297696146696,0.24659217687074825,0.28591495899128905,True,58
1.0,16,-236.2670857142751,0.26519084821428573,2.5989824199490386,4.5167530864158145,0.4465329289612391,True,58
0.5,16,-307.0998857142852,0.4999056919642857,0.008091964081813785,0.0002711159120138973,0.6666638806933802,True,58
0.1,16,-307.2000000000002,0.5,-1.1368683772161601e-11,0.0,0.6666666666666667,True,58
3.5,16,-112.1424000000017,0.04680747767857143,0.07141312571428671,0.04446953259384112,0.33252428479203744,True,59
3.0,16,-122.48662857143654,0.049104910714285716,0.08683594918367435,0.05880707865646258,0.3127802541651178,True,59
2.5,16,-134.27497142858377,0.05190122767857143,0.10141651562448942,0.07629320634566326,0.3283303091665062,True,59
2.0,16,-149.52731428571454,0.058317522321428575,0.13339466204081418,0.12276841418207901,0.3166686471868294,True,59
1.5,16,-170.067542857143,0.06953013392857142,0.20686096868480616,0.24163288669217708,0.2989574086925997,True,59
1.0,16,-235.96194285713327,0.25786607142857143,2.468824699540903,4.667295024234694,0.4311739513360815,True,59
0.5,16,-307.0842285714284,0.49989006696428573,0.009057720611281184,0.00032082126912769127,0.66666337418018,True,59
0.1,16,-307.2000000000002,0.5,-1.1368683772161601e-11,0.0,0.6666666666666667,True,59
3.5,16,-112.34091428572341,0.04684319196428571,0.06946209375676654,0.0452889884976312,0.3154088557317538,True,60
3.0,16,-122.60320000000446,0.04924274553571428,0.08583001539682616,0.059720077354379265,0.3025196631087318,True,60
2.5,16,-134.07097142858078,0.052326450892857146,0.09998976619591758,0.07992403185586734,0.3047741032838588,True,60
2.0,16,-149.27782857143052,0.05751785714285714,0.1309140846811161,0.12158732525510213,0.3102124774113828,True,60
1.5,16,-169.84308571428565,0.069140625,0.19868011045352635,0.22940848214285717,0.31440069862612896,True,60
1.0,16,-236.8277714285609,0.26609151785714286,2.70753091586721,4.908041382653064,0.4466067494272523,True,60
0.5,16,-307.09211428571314,0.4998911830357143,0.008472421224269056,0.00034549984056297944,0.6666631226839863,True,60
0.1,16,-307.2000000000002,0.5,-1.1368683772161601e-11,0.0,0.6666666666666667,True,60
3.5,16,-112.03805714286065,0.04693526785714286,0.0716549025864235,0.046392591472303187,0.305943927939345,True,61
3.0,16,-122.10251428572138,0.04925558035714286,0.0886470260260776,0.06009080686649659,0.29779495369677267,True,61
2.5,16,-134.71382857143792,0.052309709821428574,0.10248038762448687,0.07929135455994896,0.3162004278563423,True,61
2.0,16,-149.6528000000008,0.056984375,0.13231245607143194,0.12304179464285725,0.295254337733005,True,61
1.5,16,-170.22079999999983,0.06876506696428572,0.2041934552380932,0.23327473804209178,0.298386438245845,True,61
1.0,16,-237.96914285712828,0.2719084821428571,2.7148748520408787,4.914538775510206,0.4573813781711462,True,61
0.5,16,-307.0846857142846,0.4998833705357143,0.00940222836607063,0.0003981694834180871,0.6666625916890545,True,61
0.1,16,-307.2000000000002,0.5,-1.1368683772161601e-11,0.0,0.6666666666666667,True,61
3.5,16,-112.48720000000284,0.04688616071428572,0.07200801262390646,0.046102988338192416,0.31396958307542255,True,62
3.0,16,-122.62354285715458,0.04859709821428571,0.08642386657596449,0.058565385948129246,0.3012797856201318,True,62
2.5,16,-134.27451428572198,0.05182700892857143,0.10463038690612393,0.07608578201530612,0.3280014225218564,True,62
2.0,16,-149.74194285714538,0.0573515625,0.13158228872448774,0.11850617522321427,0.3185189273560767,True,62
1.5,16,-169.74559999999985,0.06949162946428572,0.19978129079364257,0.24397837792304405,0.2889532554968336,True,62
1.0,16,-230.21977142856377,0.22329799107142856,2.285109901581677,4.306006178252552,0.34170084709735815,True,62
0.5,16,-307.0781714285705,0.49987555803571426,0.009976662040571682,0.00040836591200843486,0.6666624808937338,True,62
0.1,16,-307.2000000000002,0.5,-1.1368683772161601e-11,0.0,0.6666666666666667,True,62
3.5,16,-112.53771428572328,0.04696540178571429,0.0706653809870885,0.046252272139212805,0.31473047173971813,True,63
3.0,16,-121.90491428572162,0.04880580357142857,0.0825787742403637,0.05837309736394558,0.30687345957235823,True,63
2.5,16,-134.1588571428637,0.05164955357142857,0.10354194204081296,0.07945449183673468,0.29336619387080565,True,63
2.0,16,-149.31988571428678,0.0572421875,0.1315048928443936,0.1209458671875,0.3111700886879788,True,63
1.5,16,-169.6147428571427,0.06890569196428571,0.196074067097508,0.22697287197066332,0.32078126014733765,True,63
1.0,16,-238.6020571428467,0.2724609375,2.690293376326565,5.060884207589286,0.45465644660108284,True,63
0.5,16,-307.09748571428526,0.49990401785714284,0.007902936938535277,0.00025421173469908354,0.6666640490553067,True,63
0.1,16,-307.2000000000003,0.5,0.0,0.0,0.6666666666666667,True,63
3.5,16,-112.40068571429923,0.04696875,0.06996734678883845,0.04534119387755104,0.3208503722824916,True,64
3.0,16,-122.28548571429701,0.04896707589285714,0.082728355986394,0.056719706606079945,0.3327703931016823,True,64
2.5,16,-134.43988571429165,0.05231640625,0.1021676342775504,0.07890755736607141,0.31960567913180615,True,64
2.0,16,-149.04240000000158,0.05730189732142857,0.13152628008928602,0.11749648337850771,0.3258772264847315,True,64
1.5,16,-169.91211428571418,0.06971986607142858,0.19755420950113806,0.23648395812074813,0.313042011805288,True,64
1.0,16,-232.4027428571359,0.23867578125,2.365329256326504,4.3558468710937515,0.38716567678783975,True,64
0.5,16,-307.08399999999887,0.49989006696428573,0.009065464285413327,0.0003007319834154032,0.6666635712639342,True,64
0.1,16,-307.2000000000002,0.5,-1.1368683772161601e-11,0.0,0.6666666666666667,True,64
3.5,16,-111.95485714286822,0.04678292410714286,0.07083191576426469,0.04544277913174196,0.3111677059465653,True,65
3.0,16,-121.93680000000168,0.04922767857142857,0.08588183781745802,0.058632582482993224,0.31297520533315193,True,65
2.5,16,-134.21348571429675,0.05145982142857143,0.10421322919183468,0.07700865255102039,0.3106768323096124,True,65
2.0,16,-149.3694857142873,0.057023995535714286,0.13210105498724545,0.11776243746014026,0.3153110639929563,True,65
1.5,16,-170.10982857142847,0.07058035714285714,0.1961085822902583,0.23944534438775525,0.3079351822211083,True,65
1.0,16,-238.38982857141963,0.27157421875,2.7292585244387624,4.977765790736612,0.4505759267015398,True,65
0.5,16,-307.09588571428515,0.49989676339285716,0.008529199795475506,0.0003327128507493171,0.6666632574418565,True,65
0.1,16,-307.2000000000002,0.5,-1.1368683772161601e-11,0.0,0.6666666666666667,True,65
3.5,16,-112.31154285714686,0.046809151785714286,0.07146514337359305,0.04604049918002917,0.31059314956699435,True,66
3.0,16,-122.3427428571528,0.04885435267857143,0.08428123582199258,0.05904681629995745,0.30534693687766556,True,66
2.5,16,-133.9134857142917,0.05184988839285714,0.10347977919183676,0.07888819435586739,0.300528506525613,True,66
2.0,16,-149.86937142857158,0.05705580357142857,0.13144440753826814,0.11667492283163267,0.32661055547746487,True,66
1.5,16,-170.0409142857143,0.07098493303571428,0.20920122077096595,0.24977885708971095,0.30279239281282855,True,66
1.0,16,-237.3498285714193,0.2668498883928571,2.6159644530102355,4.648335218032528,0.4463026335484961,True,66
0.5,16,-307.10845714285705,0.49990625,0.007607632448980439,0.00033032142856370683,0.6666632913861211,True,66
0.1,16,-307.2000000000002,0.5,-1.1368683772161601e-11,0.0,0.6666666666666667,True,66
3.5,16,-112.40160000000192,0.04636997767857143,0.07103352688046663,0.0477968744305758,0.2734911046598528,True,67
3.0,16,-122.18022857143784,0.04908928571428572,0.08172217160430743,0.05802542984693874,0.3155715143784569,True,67
2.5,16,-134.13497142858066,0.05176674107142857,0.1045684999102059,0.07893537130102041,0.3087703855121128,True,67
2.0,16,-149.419542857143,0.05715011160714286,0.13187971631377593,0.12222514473054846,0.29774540112520764,True,67
1.5,16,-169.96914285714263,0.06865792410714286,0.20585993424036056,0.2379386572597788,0.2974001519743199,True,67
1.0,16,-234.2078857142735,0.24898325892857143,2.280821185663342,4.342488705038264,0.42026025652315113,True,67
0.5,16,-307.1045714285709,0.49990625,0.007816280612587434,0.00030800000000397176,0.6666635149447506,True,67
0.1,16,-307.2000000000003,0.5,0.0,0.0,0.6666666666666667,True,67
3.5,16,-112.9883428571453,0.047077566964285715,0.07002495666805672,0.04627394385477403,0.3187144702177197,True,68
3.0,16,-122.36057142858357,0.04927734375,0.08262246017573777,0.05834996744791665,0.3208340492264665,True,68
2.5,16,-134.47154285715231,0.05280859375,0.10440388672653171,0.08073291808035715,0.31482850273983454,True,68
2.0,16,-149.2318857142877,0.05819140625,0.13420364998723855,0.12367096456473214,0.31514045464791063,True,68
1.5,16,-169.97817142857122,0.06973549107142857,0.19587091879818924,0.23669541050170073,0.3096367883388883,True,68
1.0,16,-235.52834285713138,0.25837220982142856,2.640407085255106,4.597626832828446,0.4262387274446764,True,68
0.5,16,-307.0905142857133,0.4998917410714286,0.008826986938856862,0.00032435650508944036,0.6666633338936454,True,68
0.1,16,-307.2000000000002,0.5,-1.1368683772161601e-11,0.0,0.6666666666666667,True,68
3.5,16,-111.84788571429213,0.04715345982142857,0.07306961865472655,0.04633186039996355,0.3137492715350382,True,69
3.0,16,-122.63977142858043,0.04945703125,0.08280838092970318,0.06041714155505954,0.3118015601647748,True,69
2.5,16,-134.6430857142955,0.05271819196428571,0.10175215404897926,0.07999238389668371,0.32632806118349333,True,69
2.0,16,-149.010057142859,0.05707087053571429,0.1319876244387821,0.11840822540656887,0.31120181529871926,True,69
1.5,16,-169.62285714285716,0.06951841517857144,0.20260544217686377,0.23988010581420052,0.2990812305013627,True,69
1.0,16,-236.42422857142097,0.2603883928571429,2.6326627069387882,4.7241429005101985,0.4308488601326945,True,69
0.5,16,-303.9158857142856,0.41825948660714285,0.5043523069384719,12.30818105213649,0.5945053519184964,True,69
0.1,16,-307.2000000000003,0.5,0.0,0.0,0.6666666666666667,True,69
3.5,16,-111.96148571428806,0.04677790178571429,0.07266462903373676,0.04605096856778421,0.3043283019993023,True,70
3.0,16,-122.02845714286505,0.04854129464285714,0.08679115645691679,0.0586600181760204,0.29348234689049457,True,70
2.5,16,-133.9776000000136,0.05251004464285714,0.10371042925713937,0.08122609681122453,0.3085608361686035,True,70
2.0,16,-149.3354285714308,0.056491629464285716,0.1266304818239803,0.11572651112085458,0.31143916919048253,True,70
1.5,16,-169.965371428571,0.06991573660714286,0.20077506102038317,0.2450709757121599,0.2907389751671463,True,70
1.0,16,-237.4220571428455,0.26884765625,2.7047130995407542,4.778215750558033,0.4475298892034253,True,70
0.5,16,-307.09359999999907,0.4998978794642857,0.008413110000674351,0.000299348054852544,0.6666635916958905,True,70
0.1,16,-307.2000000000002,0.5,-1.1368683772161601e-11,0.0,0.6666666666666667,True,70
3.5,16,-112.4520000000085,0.0469140625,0.06902963338192554,0.04788860012755104,0.2947269894912926,True,71
3.0,16,-122.2517714285756,0.04917131696428571,0.08439994779478452,0.0591469434258078,0.30667578809729545,True,71
2.5,16,-134.5827428571507,0.051478794642857144,0.10272341386938706,0.07779615752551022,0.30898127757983995,True,71
2.0,16,-149.45508571428607,0.057324776785714286,0.13141681346939293,0.12014153874362249,0.3080749759544902,True,71
1.5,16,-169.72537142857107,0.06989453125,0.18899572768707962,0.23962308668154747,0.3127591853884003,True,71
1.0,16,-236.9478857142756,0.2641305803571429,2.6346402838776157,4.777171581313773,0.4380363810408189,True,71
0.5,16,-307.0838857142852,0.49988448660714285,0.009257906939183158,0.0003558914222026033,0.666663012467531,True,71
0.1,16,-307.2000000000003,0.5,0.0,0.0,0.6666666666666667,True,71
3.5,16,-112.37314285714653,0.04701674107142857,0.07346035308204979,0.047210265215014556,0.3054985802346162,True,72
3.0,16,-121.98251428572534,0.04896372767857143,0.08222312126417346,0.05683994874043367,0.31778424751673306,True,72
2.5,16,-134.53371428572743,0.05254520089285714,0.10519488244897957,0.07827133542729592,0.3193283427485848,True,72
2.0,16,-149.38525714285987,0.05767020089285714,0.13269148417091614,0.1220345174984056,0.32430240258815146,True,72
1.5,16,-169.8879999999994,0.06957310267857143,0.2074779047619207,0.23925081712372442,0.29732769357574085,True,72
1.0,16,-238.62159999999042,0.2770167410714286,2.7009985346428493,4.65409650860969,0.4665091580836258,True,72
0.5,16,-307.09051428571314,0.4998861607142857,0.009098415509242841,0.00039068622449178747,0.6666626634768227,True,72
0.1,16,-307.2000000000002,0.5,-1.1368683772161601e-11,0.0,0.6666666666666667,True,72
3.5,16,-112.87291428571919,0.04731473214285714,0.06841480614743817,0.04665581851311955,0.31475367062695847,True,73
3.0,16,-122.19680000001142,0.04868191964285714,0.08715057095238007,0.05805955984268707,0.30842738881911347,True,73
2.5,16,-134.26125714286601,0.0521640625,0.10148945472653167,0.07746535446428574,0.3294853157691686,True,73
2.0,16,-149.36400000000086,0.05729352678571428,0.13821248437501055,0.11963963249362253,0.31170768996223797,True,73
1.5,16,-169.9103999999999,0.06919698660714285,0.20340510984127352,0.24243978523596948,0.290247275278376,True,73
1.0,16,-241.45405714284203,0.2907321428571429,2.7261371566837056,4.613918043367342,0.4907756265624077,True,73
0.5,16,-307.1121142857132,0.4999174107142857,0.006952171225066195,0.000239811224503228,0.6666642049170992,True,73
0.1,16,-307.2000000000003,0.5,0.0,0.0,0.6666666666666667,True,73
3.5,16,-112.7548571428633,0.04723158482142857,0.07034486037067945,0.04523320606322887,0.3288237390599784,True,74
3.0,16,-122.45291428572527,0.04871986607142857,0.08423287205782357,0.06129661894132654,0.291949343819322,True,74
2.5,16,-134.15200000000678,0.05204966517857143,0.10200795999999855,0.08024975991709185,0.30457768401152574,True,74
2.0,16,-149.16480000000243,0.057241629464285716,0.13304825428571831,0.11922329683514032,0.3154138864038827,True,74
1.5,16,-169.88948571428557,0.07035491071428572,0.19788324061225163,0.23966561564625827,0.32008967088543694,True,74
1.0,16,-233.86319999999068,0.24323604910714286,2.5467404689285615,4.782370883211096,0.389414250857281,True,74
0.5,16,-307.09588571428446,0.4999006696428571,0.00850919979484388,0.0002828947704216489,0.6666637564029996,True,74
0.1,16,-307.2000000000003,0.5,0.0,0.0,0.6666666666666667,True,74
3.5,16,-112.4211428571477,0.046898995535714284,0.06945425978758683,0.04511969640579446,0.3220876396499792,True,75
3.0,16,-122.22880000001025,0.04929575892857143,0.08142839000000161,0.05964540167942174,0.3091648159640705,True,75
2.5,16,-133.93645714286595,0.051507254464285716,0.10103427644081649,0.07681232139668369,0.3199312813217364,True,75
2.0,16,-149.4661714285745,0.05752901785714286,0.13369920610968933,0.12276393239795919,0.3081514526740603,True,75
1.5,16,-169.8908571428567,0.06950390625,0.20794662074830386,0.25260232775297614,0.2767872961061639,True,75
1.0,16,-238.62731428570095,0.26776953125,2.8769835142347517,5.174084371093745,0.43747518554744314,True,75
0.5,16,-307.09817142857116,0.49990011160714287,0.008113697753969973,0.0003085074936137744,0.6666635023717975,True,75
0.1,16,-307.2000000000002,0.5,-1.1368683772161601e-11,0.0,0.6666666666666667,True,75
3.5,16,-112.75051428572185,0.04644196428571429,0.07223907334860702,0.04520630976676384,0.30643493868021654,True,76
3.0,16,-122.54068571429215,0.04863839285714286,0.08388906824830006,0.058268505527210857,0.30247307223930076,True,76
2.5,16,-134.56114285715373,0.052550223214285714,0.10253977061224533,0.0777608131377551,0.33211790223888826,True,76
2.0,16,-148.96937142857277,0.05745758928571429,0.13422037852040702,0.1204324260204081,0.3079711732115519,True,76
1.5,16,-170.08559999999997,0.07062555803571428,0.20428473920633097,0.24271653268494903,0.3156842882071653,True,76
1.0,16,-236.60697142855904,0.26076674107142855,2.5656190958673335,4.73207266932398,0.4370911493741315,True,76
0.5,16,-307.09097142857087,0.49990011160714287,0.008505690611855243,0.00026163249361843555,0.6666639727495047,True,76
0.1,16,-307.2000000000002,0.5,-1.1368683772161601e-11,0.0,0.6666666666666667,True,76
3.5,16,-111.86171428572706,0.046970424107142854,0.07294690503956691,0.046060399029701174,0.324461038316156,True,77
3.0,16,-122.36845714286584,0.04872377232142857,0.08214972689342107,0.05756380290710035,0.32582131470153275,True,77
2.5,16,-134.0200000000142,0.05183035714285714,0.10097700714286248,0.07765515306122449,0.31421717449502495,True,77
2.0,16,-149.10068571428644,0.0573125,0.1309344749872423,0.12177704017857133,0.3022570332545287,True,77
1.5,16,-169.88468571428552,0.07048828125,0.20225977140590126,0.24234405691964273,0.3003800171651734,True,77
1.0,16,-234.3550857142725,0.24744140625,2.3914874770918573,4.563035616629465,0.41241214106782575,True,77
0.5,16,-307.1025142857137,0.49990011160714287,0.007735794081781933,0.000337525350758483,0.6666632138386754,True,77
0.1,16,-307.2000000000002,0.5,-1.1368683772161601e-11,0.0,0.6666666666666667,True,77
3.5,16,-112.23520000000167,0.04672265625,0.07161501306122413,0.04699559199617344,0.2926363636917362,True,78
3.0,16,-122.04788571429543,0.04849720982142857,0.08411146507369693,0.05806952463329085,0.3062638983957895,True,78
2.5,16,-134.08091428572433,0.051886160714285715,0.10675967947754998,0.07813882653061222,0.30963662806551495,True,78
2.0,16,-149.0968000000018,0.05712834821428572,0.1320169208035722,0.11869778874362247,0.31400401612496887,True,78
1.5,16,-169.9037714285715,0.07009654017857143,0.20987535229025728,0.2475675611713434,0.2793829755199775,True,78
1.0,16,-238.13279999998758,0.26752455357142857,2.5166961099999696,4.751932301020407,0.4509445209088401,True,78
0.5,16,-307.0793142857132,0.49987890625,0.009749564081630524,0.0003864654018030933,0.6666627029506207,True,78
0.1,16,-307.2000000000003,0.5,0.0,0.0,0.6666666666666667,True,78
3.5,16,-112.32902857143316,0.047329799107142856,0.06936008479383719,0.04568145897868079,0.3201465599086384,True,79
3.0,16,-122.56537142857516,0.04914787946428571,0.08266928112811674,0.05829633479485548,0.3165193962893885,True,79
2.5,16,-134.16514285715203,0.05224776785714286,0.10311324061224923,0.08296057448979594,0.2962688932221419,True,79
2.0,16,-149.22354285714462,0.05729799107142857,0.13306963729591104,0.11860261144770406,0.3091171426803043,True,79
1.5,16,-169.54194285714283,0.06959933035714286,0.1985373228118053,0.2378380482568027,0.3080125988189586,True,79
1.0,16,-233.22537142855893,0.24101785714285714,2.4871803426531187,4.609211159438775,0.38717860344003197,True,79
0.5,16,-293.4722285714275,0.10056584821428571,0.05214205632705671,3.761815083545918,-0.12694662567012172,True,79
0.1,16,-294.40000000000015,0.0625,1.1368683772161601e-11,0.0,0.6666666666666667,True,79
3.5,16,-112.29725714286121,0.04681305803571428,0.06995261057475972,0.04690070788538631,0.304263356062051,True,80
3.0,16,-122.10628571429277,0.049081473214285715,0.08044652551020448,0.057580832376700676,0.31478562977808733,True,80
2.5,16,-134.18274285715236,0.052092075892857144,0.10222152815509844,0.0808184693558673,0.3013776679025624,True,80
2.0,16,-149.5497142857175,0.05713058035714286,0.12694949489796414,0.12065063440688772,0.3019918091308609,True,80
1.5,16,-169.74754285714278,0.06907310267857143,0.20061823852607732,0.23095770402848625,0.31445847330455634,True,80
1.0,16,-235.247999999986,0.2519654017857143,2.446749571428512,4.578903979272958,0.41871805492658853,True,80
0.5,16,-307.06217142857116,0.49986439732142857,0.011337462040728497,0.0004470585140268213,0.666662090516166,True,80
0.1,16,-307.2000000000003,0.5,0.0,0.0,0.6666666666666667,True,80
3.5,16,-113.05154285714684,0.04678013392857143,0.06928183506455607,0.04630227541909619,0.31148842479026084,True,82
3.0,16,-122.20537142857998,0.048958705357142855,0.08503558271541875,0.05721208662840138,0.3234233106706107,True,82
2.5,16,-134.62342857143517,0.052650111607142856,0.10262371408163062,0.07950730864158162,0.318865691305657,True,82
2.0,16,-149.43440000000166,0.056764508928571426,0.13638259437499656,0.11880830341198989,0.29805553987107214,True,82
1.5,16,-169.83051428571403,0.06851116071428572,0.20035330410431446,0.23319770493197273,0.2995409715008365,True,82
1.0,16,-234.16034285713502,0.24531975446428572,2.6153495709694425,4.7324922856345655,0.39123279044522175,True,82
0.5,16,-307.07679999999885,0.499875,0.009997125714107824,0.0004116428571450115,0.6666624473437581,True,82
0.1,16,-307.2000000000002,0.5,-1.1368683772161601e-11,0.0,0.6666666666666667,True,82
3.5,16,-112.24000000001081,0.04618861607142857,0.0686619241982518,0.043830336643585995,0.32329855767357674,True,81
3.0,16,-122.51634285715429,0.04897879464285714,0.08438523625850457,0.059030800914115646,0.30195771024312823,True,81
2.5,16,-134.1219428571514,0.051865513392857145,0.10546990621224722,0.0789084104272959,0.3194684298377011,True,81
2.0,16,-149.1582857142883,0.05729296875,0.13212383641582193,0.12120501590401783,0.30009958789720836,True,81
1.5,16,-169.7914285714283,0.06998493303571429,0.2040609835601117,0.23978265470875826,0.3109202132949386,True,81
1.0,16,-234.91165714284554,0.2508325892857143,2.3593805852550815,4.729239950255103,0.4181643838595247,True,81
0.5,16,-307.0894857142851,0.49989620535714285,0.008622022653526074,0.00029359119898231256,0.6666636503078283,True,81
0.1,16,-307.2000000000003,0.5,0.0,0.0,0.6666666666666667,True,81
3.5,16,-112.33737142857328,0.0470859375,0.06945775800083331,0.04616256186224486,0.310483283754292,True,83
3.0,16,-122.18091428572377,0.04956919642857143,0.08619904824829898,0.06032664795918367,0.3134407523622209,True,83
2.5,16,-134.2182857142955,0.052075892857142855,0.10360153387754963,0.07705961734693881,0.3234162595301576,True,83
2.0,16,-149.38468571428746,0.05723046875,0.1307006191836706,0.11903526590401786,0.30933449770113164,True,83
1.5,16,-169.70228571428552,0.06910323660714286,0.20059469331064544,0.2338192554740644,0.30157226745774535,True,83
1.0,16,-235.06605714284893,0.25609988839285713,2.693157776326558,4.710159298389669,0.41962506072917494,True,83
0.5,16,-307.0943999999997,0.49988783482142857,0.008711474284837095,0.0003919960140308376,0.6666626506997262,True,83
0.1,16,-307.2000000000002,0.5,-1.1368683772161601e-11,0.0,0.6666666666666667,True,83
3.5,16,-112.4637714285816,0.046703125,0.07201351368596313,0.04489579846938775,0.3209399689785184,True,84
3.0,16,-122.7817142857192,0.04836830357142857,0.08322771201813989,0.056867002125850344,0.3085793882545209,True,84
2.5,16,-134.46720000000664,0.05234765625,0.1018041490285691,0.07987754308035716,0.31373360244147597,True,84
2.0,16,-149.27200000000076,0.05768694196428571,0.13697636607142627,0.11992404237085458,0.33041078498490173,True,84
1.5,16,-169.80857142857138,0.06976729910714285,0.20391066609976682,0.2463179459502552,0.2910070935795471,True,84
1.0,16,-236.1979428571369,0.2596010044642857,2.616199090612241,4.75846292849171,0.431612923987284,True,84
0.5,16,-307.0865142857132,0.49988504464285716,0.009320194081283262,0.0003883233418235932,0.6666626925078687,True,84
0.1,16,-307.2000000000002,0.5,-1.1368683772161601e-11,0.0,0.6666666666666667,True,84
3.5,16,-112.42491428572025,0.04737723214285714,0.07090271751770112,0.04622581086005832,0.31297582928188383,True,85
3.0,16,-121.92662857143235,0.04923939732142857,0.08492155235827742,0.05914330439519562,0.3040945679916097,True,85
2.5,16,-134.34982857143606,0.05219308035714286,0.10168945533877605,0.08100080038265306,0.2958369846006953,True,85
2.0,16,-148.94000000000358,0.057659598214285714,0.13519934151786117,0.12136040035076534,0.30640217124026126,True,85
1.5,16,-170.0699428571426,0.06955803571428572,0.20110611011338936,0.23688648469387746,0.3045587251629468,True,85
1.0,16,-238.94445714284228,0.2754229910714286,2.7487627706122453,4.926479642538261,0.4607589967404082,True,85
0.5,16,-307.1092571428571,0.4999151785714286,0.007054196734088691,0.00022622704081243228,0.6666643376605488,True,85
0.1,16,-307.2000000000002,0.5,-1.1368683772161601e-11,0.0,0.6666666666666667,True,85
3.5,16,-112.30217142857927,0.046709263392857144,0.07207916394835527,0.044656313570517484,0.3188486201579622,True,86
3.0,16,-122.30171428571909,0.048789620535714284,0.08458414058956976,0.05777331098533167,0.31983983443224595,True,86
2.5,16,-134.1604571428676,0.05208705357142857,0.10466082272653011,0.07985218112244899,0.30363771812970686,True,86
2.0,16,-149.19748571428804,0.056620535714285714,0.1295324938265381,0.11892405548469392,0.30820075127510105,True,86
1.5,16,-169.78994285714288,0.07017466517857143,0.19336688789114634,0.23852689152848622,0.3151378438868965,True,86
1.0,16,-234.96857142856297,0.2524453125,2.657856855867351,4.757243787946429,0.41142702354652305,True,86
0.5,16,-307.0849142857132,0.49988504464285716,0.009148765510644807,0.0003615376275405424,0.6666629567620372,True,86
0.1,16,-307.2000000000003,0.5,0.0,0.0,0.6666666666666667,True,86
3.5,16,-112.20788571428808,0.0465546875,0.06876030087047051,0.044559778698979625,0.31417877869706845,True,87
3.0,16,-122.2260571428657,0.04897154017857143,0.08729837594104278,0.058435372847576494,0.3088478044959583,True,87
2.5,16,-134.26548571428773,0.05217466517857143,0.10720303404898004,0.07962104563137751,0.30801169799493033,True,87
2.0,16,-149.42480000000225,0.05786551339285714,0.134054935089285,0.11996978535554848,0.323047825572076,True,87
1.5,16,-169.98228571428544,0.06970200892857142,0.20044389965985626,0.2362846069302722,0.3192413228242509,True,87
1.0,16,-239.7951999999893,0.27921595982142855,2.511715445714401,4.496325332828448,0.477077050233744,True,87
0.5,16,-307.0852571428567,0.4998794642857143,0.009177139591656669,0.00041220408162701005,0.6666624447324574,True,87
0.1,16,-307.2000000000002,0.5,-1.1368683772161601e-11,0.0,0.6666666666666667,True,87
3.5,16,-112.40445714286396,0.047100446428571426,0.07125579541441103,0.04615922886297377,0.31739311171260576,True,88
3.0,16,-122.65474285715294,0.04979464285714286,0.08215608026644124,0.06171939243197281,0.3009883539389653,True,88
2.5,16,-134.44605714286578,0.05141071428571429,0.1018763313551085,0.07873487295918365,0.30184180892201273,True,88
2.0,16,-149.50594285714558,0.05730189732142857,0.1305048427423401,0.12027326909279346,0.30557989546103126,True,88
1.5,16,-170.034742857143,0.06947935267857143,0.20248711074829848,0.236651995695153,0.2869785531171066,True,88
1.0,16,-234.62674285713183,0.2517377232142857,2.5761520277551426,4.673347497130099,0.41713590779903587,True,88
0.5,16,-307.06537142856996,0.4998560267857143,0.011208227755787448,0.0005251014030704937,0.6666612958251199,True,88
0.1,16,-307.2000000000002,0.5,-1.1368683772161601e-11,0.0,0.6666666666666667,True,88
3.5,16,-112.44434285714976,0.04651674107142857,0.07274042255726945,0.04579928562317785,0.3131237823268611,True,89
3.0,16,-122.21714285714953,0.04943470982142857,0.08262628117913885,0.05990535796662414,0.31019786474590516,True,89
2.5,16,-134.4962285714371,0.05178515625,0.10373124111020843,0.07812202165178578,0.313222061300522,True,89
2.0,16,-149.45942857142867,0.05797767857142857,0.13202195280612017,0.12325498979591837,0.29606809036991655,True,89
1.5,16,-169.94217142857104,0.07004352678571428,0.20702022594103178,0.24856800999149678,0.2744752179321708,True,89
1.0,16,-235.51645714284598,0.25639620535714286,2.591679165255215,4.71569742952806,0.4278569498926781,True,89
0.5,16,-307.093485714285,0.4998895089285714,0.008717015510910642,0.00036874936225217425,0.6666628853352993,True,89
0.1,16,-307.2000000000003,0.5,0.0,0.0,0.6666666666666667,True,89
3.5,16,-112.56777142857571,0.04717131696428571,0.07138717607663482,0.0469809821200802,0.30278060577783816,True,90
3.0,16,-122.15234285715441,0.04965457589285714,0.08336199042516926,0.058879959582270394,0.3175020808419604,True,90
2.5,16,-134.31417142857947,0.052351004464285714,0.10092151019591711,0.08196932496811225,0.3017247720194869,True,90
2.0,16,-148.7510857142878,0.05732589285714286,0.13337355632652503,0.12245216900510203,0.2968566166554879,True,90
1.5,16,-169.68388571428568,0.07003125,0.20383254521540392,0.23805569642857122,0.29854658689048463,True,90
1.0,16,-238.38125714284305,0.27068973214285713,2.729316484898021,4.851253525510206,0.4518170065660293,True,90
0.5,16,-307.0991999999986,0.4999006696428571,0.008009811429246838,0.0003253054847078829,0.6666633384725332,True,90
0.1,16,-307.2000000000002,0.5,-1.1368683772161601e-11,0.0,0.6666666666666667,True,90
3.5,16,-111.73840000000652,0.04682310267857143,0.07047068504373132,0.046070753257106425,0.3108934732577088,True,91
3.0,16,-121.81965714285559,0.048646205357142855,0.08148826482993282,0.057181327699829934,0.31712628693640765,True,91
2.5,16,-134.36068571429556,0.05217857142857143,0.10421091970612224,0.07916747397959184,0.31471762560080074,True,91
2.0,16,-148.98685714286236,0.056276227678571426,0.13423956345662802,0.11927876239636487,0.3009097378099639,True,91
1.5,16,-169.77462857142868,0.06936607142857143,0.2085219776870796,0.2409036768707482,0.2953367871698055,True,91
1.0,16,-235.76502857142094,0.2542075892857143,2.6028964726531854,4.7541296556122425,0.4202503310222089,True,91
0.5,16,-307.102399999999,0.4999068080357143,0.0077368742856833705,0.00027345519769994553,0.6666638588518018,True,91
0.1,16,-307.2000000000003,0.5,0.0,0.0,0.6666666666666667,True,91
3.5,16,-112.10217142857606,0.04652064732142857,0.06858296861307805,0.044704304277514595,0.31380783649209365,True,92
3.0,16,-122.43314285714659,0.04919140625,0.0832569835600915,0.05908062816220239,0.30946005256570575,True,92
2.5,16,-134.0834285714359,0.052002232142857145,0.10484764979592001,0.07875761020408163,0.30575189875773723,True,92
2.0,16,-149.36114285714297,0.05720200892857143,0.13288357015305863,0.11994012930484699,0.3075084908375927,True,92
1.5,16,-169.75302857142825,0.06889620535714286,0.2059795029251682,0.22802670897108848,0.30399419621110846,True,92
1.0,16,-234.92377142856068,0.25218191964285713,2.4803244444387644,4.46203459024235,0.4200718919986468,True,92
0.5,16,-307.08102857142825,0.4998800223214286,0.009317412040218187,0.00036204958544772126,0.6666629455698725,True,92
0.1,16,-307.2000000000003,0.5,0.0,0.0,0.6666666666666667,True,92
3.5,16,-112.60400000000416,0.047203125,0.06867605903789982,0.046943974489795925,0.30224714405970243,True,94
3.0,16,-122.01874285715206,0.048819754464285714,0.08679183165532894,0.0579531190210459,0.30072484620830375,True,94
2.5,16,-134.04731428572703,0.052511160714285715,0.10378682942040995,0.08011186224489797,0.3083272578355448,True,94
2.0,16,-149.01760000000274,0.05748828125,0.1383584028571434,0.12058492661830361,0.3103998116332558,True,94
1.5,16,-170.18960000000007,0.07033035714285714,0.20173632015872223,0.24017702891156478,0.3122092996743646,True,94
1.0,16,-235.87554285713273,0.2598794642857143,2.4891534223979193,4.556878378826532,0.43775276029612,True,94
0.5,16,-307.0791999999989,0.49988504464285716,0.009550561428341098,0.0003325197703958338,0.6666632506953514,True,94
0.1,16,-307.2000000000002,0.5,-1.1368683772161601e-11,0.0,0.6666666666666667,True,94
3.5,16,-112.3377142857217,0.046510602678571426,0.0670659349229478,0.04614350835914723,0.29470515313977697,True,93
3.0,16,-122.1956571428673,0.048968191964285715,0.08493687673469294,0.05832421872342686,0.31871363203055747,True,93
2.5,16,-134.20000000000752,0.05168136160714286,0.10082917142856786,0.07798199078443875,0.31372153198408126,True,93
2.0,16,-149.0107428571448,0.057992745535714284,0.13325377122449922,0.1196019240672832,0.32079630738268583,True,93
1.5,16,-170.09702857142867,0.07035546875,0.1987633378458137,0.24191597953869054,0.3016505328280694,True,93
1.0,16,-234.98377142856202,0.2528214285714286,2.3969823640817083,4.582722167091834,0.42035485987824706,True,93
0.5,16,-307.07039999999984,0.4998666294642857,0.01074613142918679,0.0004406694834102609,0.6666621461573575,True,93
0.1,16,-307.2000000000002,0.5,-1.1368683772161601e-11,0.0,0.6666666666666667,True,93
3.5,16,-112.73600000000303,0.04715290178571428,0.07211904373177766,0.04683395581268224,0.308779977661763,True,95
3.0,16,-122.40537142858561,0.049078125,0.08389343985827856,0.058504711309523796,0.3063464405337638,True,95
2.5,16,-134.53885714285937,0.051948660714285715,0.10311566346939116,0.08021714081632654,0.30579346433011456,True,95
2.0,16,-149.21428571428893,0.05702622767857143,0.13296140784439459,0.1165529543606505,0.3234461309334772,True,95
1.5,16,-169.8938285714288,0.06890625,0.201619794988681,0.23278377976190479,0.29585220669609624,True,95
1.0,16,-234.32137142856294,0.2502544642857143,2.636591564081499,4.75772337882653,0.4072595817531889,True,95
0.5,16,-307.0697142857133,0.49987109375,0.010529061224360703,0.000410018973227011,0.6666624615024519,True,95
0.1,16,-307.2000000000002,0.5,-1.1368683772161601e-11,0.0,0.6666666666666667,True,95
3.5,16,-112.41291428572309,0.047852678571428574,0.07059114215327002,0.046829001822157414,0.31491559002481473,True,96
3.0,16,-121.50342857144193,0.049204241071428574,0.08679948398525994,0.05906605346513605,0.30260868560159204,True,96
2.5,16,-134.6000000000047,0.05189955357142857,0.10114048571428612,0.08075184897959185,0.2975475972816721,True,96
2.0,16,-149.16731428571507,0.05707366071428571,0.135438063826534,0.11882086352040822,0.31160995016631554,True,96
1.5,16,-169.54582857142847,0.06992466517857143,0.19894855609979029,0.2436391355761054,0.2938717285778524,True,96
1.0,16,-234.8543999999887,0.2558939732142857,2.4605627257143396,4.734894782844389,0.4272468374145134,True,96
0.5,16,-307.0839999999995,0.49988671875,0.009179749999475462,0.00035168861606393875,0.66666306031535,True,96
0.1,16,-307.2000000000002,0.5,-1.1368683772161601e-11,0.0,0.6666666666666667,True,96
3.5,16,-111.94994285714884,0.04734040178571428,0.07257290360683023,0.04678485887390672,0.3182970509596771,True,97
3.0,16,-122.42982857143781,0.04925390625,0.08790163763605424,0.05789115197172619,0.3282705355012916,True,97
2.5,16,-134.0208000000092,0.05190792410714286,0.10406007245714591,0.08110059435586736,0.2997699328097798,True,97
2.0,16,-149.18148571428677,0.05733928571428572,0.1308239509693898,0.11745035459183673,0.3244750558999391,True,97
1.5,16,-170.00262857142835,0.07120089285714286,0.20279586102042105,0.24472914200680257,0.30968735582693097,True,97
1.0,16,-237.82194285713322,0.2736646205357143,2.609306869183712,4.643001861527424,0.46376612938173867,True,97
0.5,16,-307.09462857142745,0.49988839285714287,0.008743656326942073,0.0004154974489694041,0.6666624233228051,True,97
0.1,16,-307.2000000000002,0.5,-1.1368683772161601e-11,0.0,0.6666666666666667,True,97
3.5,16,-112.64160000000557,0.04682645089285714,0.07360739276967714,0.04709150489704813,0.30763641903087946,True,98
3.0,16,-121.5748571428627,0.04880189732142857,0.0895640113378704,0.05568297701424322,0.3301012729994147,True,98
2.5,16,-134.45325714286625,0.05239453125,0.10583639872653067,0.07961317343749999,0.3090517970591945,True,98
2.0,16,-149.3264000000025,0.057317522321428574,0.1350793975000073,0.12043911953922187,0.31268163979468233,True,98
1.5,16,-170.43485714285694,0.07092745535714286,0.20165868424037903,0.25252846492346936,0.29074781475140077,True,98
1.0,16,-236.1401142857063,0.2606668526785714,2.46407116959179,4.658188279257018,0.4383612091297475,True,98
0.5,16,-307.0891428571414,0.49989564732142855,0.00867083673392699,0.00028125494260677897,0.6666637709168415,True,98
0.1,16,-307.2000000000002,0.5,-1.1368683772161601e-11,0.0,0.6666666666666667,True,98
3.5,16,-112.44800000000758,0.046744419642857145,0.06963809912536233,0.04533102323250729,0.313733101836849,True,99
3.0,16,-122.54251428572537,0.049009486607142855,0.08489320856576023,0.05936400868941331,0.3179622593560969,True,99
2.5,16,-134.51817142858184,0.05219698660714286,0.10324281505306544,0.07809498185586734,0.322471334828363,True,99
2.0,16,-149.33782857142995,0.05802901785714286,0.12661894852040234,0.12082413329081626,0.30606306544329986,True,99
1.5,16,-169.91451428571378,0.06998828125,0.20169366204081976,0.24097871168154744,0.3075161791266148,True,99
1.0,16,-233.92937142856326,0.24667020089285716,2.590519799795942,4.881538258211096,0.3980019779202191,True,99
0.5,16,-304.8735999999999,0.45423158482142856,0.47823821714291626,6.94278933529975,0.6281116761985619,True,99
0.1,16,-307.2000000000003,0.5,0.0,0.0,0.6666666666666667,True,99
3.5,24,-243.3806285713182,0.030322668650793652,0.06888455323198797,0.042686213141804326,0.3227256878759237,False,0
3.0,24,-264.88537142843825,0.031612847222222226,0.08415464346433475,0.05547133209325393,0.3074692853400286,False,0
2.5,24,-291.15319999998337,0.03314236111111111,0.10714471858413971,0.07288445436507943,0.30901849262067416,False,0
2.0,24,-325.0560571428519,0.036427579365079364,0.12807373531602984,0.10663340816326522,0.3134290730206645,False,0
1.5,24,-370.98548571428256,0.04273759920634921,0.1952742289846176,0.2003023166099771,0.3087460136823136,False,0
1.0,24,-466.8945714285637,0.08881051587301587,0.7226788774092306,1.3615134263038553,0.2690538352465318,False,0
0.5,24,-624.880057142858,0.4555989583333333,0.0721775555329158,0.27316400049607736,0.6651991796035872,False,0
0.1,24,-634.4765714285822,0.4985711805555556,0.022085260762752208,0.015172859622794022,0.6666525976510647,False,0
3.5,24,-242.27582857129775,0.030421875,0.07009989128186786,0.04369956753117909,0.30667141619219707,False,1
3.0,24,-264.4917142855734,0.03167906746031746,0.08172602732112168,0.05583585010393041,0.3075908104903379,False,1
2.5,24,-291.56977142855254,0.03326760912698413,0.10458564458865617,0.07347132617630388,0.29931142908322106,False,1
2.0,24,-324.4653142857108,0.03677951388888889,0.1381506385360088,0.11147537512400786,0.306010404471175,False,1
1.5,24,-371.1363428571341,0.043073660714285714,0.1939392718669285,0.20803033047524577,0.2863773061536655,False,1
1.0,24,-466.62622857142605,0.08994419642857143,0.6970623770917478,1.287734267821711,0.32271254098165725,False,1
0.5,24,-621.7534285714291,0.3662073412698413,0.18433573185918956,18.480316871882025,0.5779488025651003,False,1
0.1,24,-634.47822857144,0.49857936507936507,0.021790725026625695,0.014808679138624825,0.6666529320456727,False,1
3.5,24,-242.8871999998322,0.03023065476190476,0.06849176330417193,0.04260762775348235,0.3174325921997473,False,2
3.0,24,-265.7299428569751,0.03165500992063492,0.08355579045350629,0.05479133965183294,0.3077467501084643,False,2
2.5,24,-290.76959999995915,0.03371106150793651,0.10494072106666459,0.07254805939625837,0.3182274175573321,False,2
2.0,24,-325.0245714285791,0.03645957341269841,0.13109930144559534,0.11104675054917805,0.3079170977345832,False,2
1.5,24,-371.3606857142979,0.04335590277777778,0.20089390439909352,0.2048538189484126,0.31076074610179183,False,2
1.0,24,-464.45045714285396,0.09093005952380952,0.682634032375366,1.3189583014455795,0.3211798718189759,False,2
0.5,24,-624.8373142857137,0.45536780753968253,0.07486001340172758,0.2965142538974064,0.6650753315238326,False,2
0.1,24,-634.4821142857255,0.4985999503968254,0.021627001721450743,0.014500770620742287,0.6666532184286992,False,2
3.5,24,-243.13759999986056,0.030689484126984128,0.06940388612893188,0.044577688694525455,0.31187073731009396,False,3
3.0,24,-265.6681714284386,0.031591765873015876,0.08392569523241239,0.05457876412509444,0.3138731223282485,False,3
2.5,24,-290.55708571427976,0.03297842261904762,0.10540638367256179,0.07297687130102044,0.2984369666272213,False,3
2.0,24,-324.66125714286704,0.03666418650793651,0.13085924435373877,0.10831889703798178,0.31409533225716013,False,3
1.5,24,-370.6431428571703,0.042532490079365076,0.1932455479339824,0.1917966250708617,0.3293604385370499,False,3
1.0,24,-465.8744571428597,0.0869811507936508,0.7100851371372099,1.205327973922901,0.3146065061238068,False,3
0.5,24,-624.8095428571447,0.45575644841269836,0.07242174854764016,0.26867969812929715,0.6652240703403619,False,3
0.1,24,-634.4821142857259,0.49859523809523815,0.02173811279943846,0.014893390022532316,0.6666528576906204,False,3
3.5,24,-243.74897142843466,0.03062549603174603,0.067327256490818,0.04411977320213807,0.31076222148182386,False,4
3.0,24,-265.699999999894,0.0319702380952381,0.08254283289242559,0.05600688284202565,0.3034244632055686,False,4
2.5,24,-291.56959999997935,0.033438244047619047,0.10138416233650382,0.07474426971371886,0.2977042850585674,False,4
2.0,24,-324.67302857142965,0.03617534722222222,0.1340336971598567,0.10756659437003968,0.31742622395152,False,4
1.5,24,-370.936971428571,0.04341319444444444,0.199926846538195,0.20892158531746033,0.3103933405441628,False,4
1.0,24,-465.5328571428548,0.09196999007936506,0.6861181653911343,1.5695561816539145,0.26237484821189183,False,4
0.5,24,-617.208057142859,0.12342063492063492,0.09340542219999609,7.497600664399095,0.18313977789657132,False,4
0.1,24,-626.4894285714391,0.45692435515873003,0.021948852029001698,0.016097377764356935,0.6666489117660014,False,4
3.5,24,-243.44617142842617,0.030406498015873015,0.06875218248693013,0.04327767856130551,0.3127389290327156,False,6
3.0,24,-265.897828571271,0.031237351190476187,0.08221753656841518,0.054800316503684846,0.2997895672415619,False,6
2.5,24,-291.8395999999576,0.033863839285714285,0.10559043424126381,0.07458053399943305,0.32577511861461994,False,6
2.0,24,-325.0391428571314,0.03665848214285714,0.13251846198270792,0.10960217812854306,0.31307215057161053,False,6
1.5,24,-371.127371428539,0.04237847222222222,0.20394829316957144,0.19631073082010578,0.3070272388311658,False,6
1.0,24,-465.69045714286995,0.09003993055555556,0.6893984530101483,1.390614984374999,0.2926880518514371,False,6
0.5,24,-624.9208571428595,0.45461879960317464,0.07369904251714211,0.32993484063207035,0.6649029131609776,False,6
0.1,24,-634.4910285714404,0.49863417658730164,0.02154951868457525,0.014817868126275613,0.6666529363004783,False,6
3.5,24,-242.36102857129373,0.03065997023809524,0.07025723211439829,0.043863270964933566,0.3115536476514231,False,5
3.0,24,-264.8718857141836,0.031654265873015876,0.08220522892162799,0.05556220592403621,0.3112995748706482,False,5
2.5,24,-290.71839999995495,0.033701636904761904,0.10551903928887946,0.07415356823979595,0.31607838196566784,False,5
2.0,24,-325.1791428571394,0.0362953869047619,0.13237009888748238,0.1077335485933957,0.3148779178427292,False,5
1.5,24,-371.12462857140986,0.0429032738095238,0.20068561662631026,0.20004605546107354,0.3146157096841158,False,5
1.0,24,-463.999542857137,0.08394072420634921,0.6480743647164976,1.2545913194090126,0.2678340725321541,False,5
0.5,24,-624.7311428571423,0.45489260912698415,0.0789516774368369,0.2910251467545386,0.6650997528105386,False,5
0.1,24,-634.4877714285831,0.49862202380952386,0.02123395916997752,0.014340583900054327,0.6666533672855071,False,5
3.5,24,-243.95051428558205,0.03054885912698413,0.06796129207460352,0.045381327654276014,0.2978291366218021,False,7
3.0,24,-265.2627999998851,0.03153025793650793,0.0792744729144572,0.05537728056500378,0.3102485397214828,False,7
2.5,24,-291.22348571427676,0.03314508928571429,0.1046951420217657,0.07264586336451248,0.31063223342299406,False,7
2.0,24,-324.3731999999894,0.03634598214285714,0.1302409680258039,0.10586256007298754,0.32453824981810353,False,7
1.5,24,-370.8461714285732,0.04277455357142857,0.19504272898962813,0.2005063518282313,0.30235858981110275,False,7
1.0,24,-464.51377142856927,0.0898484623015873,0.64196304375845,1.4038132312570868,0.27095314317379304,False,7
0.5,24,-624.8127428571462,0.4557829861111111,0.07516601521638222,0.2410869409722416,0.6653578155759312,False,7
0.1,24,-634.4842857142975,0.4986026785714286,0.02192141436252212,0.015162288832151205,0.6666526128193118,False,7
3.5,24,-243.78902857129174,0.030492063492063494,0.06881445006061446,0.043915521379980546,0.3013898504404301,False,8
3.0,24,-264.3375428570107,0.032040178571428574,0.08194823781242896,0.056234781320861654,0.32023281175487706,False,8
2.5,24,-291.74931428566117,0.033521577380952385,0.10137413082176257,0.0757199506660997,0.29159705090632404,False,8
2.0,24,-325.2249142857228,0.035795882936507935,0.13359691312924976,0.10707115857071998,0.2990322435507713,False,8
1.5,24,-371.05920000003084,0.04318229166666667,0.1892206467724733,0.204282423445767,0.29932469296043607,False,8
1.0,24,-466.0809142857074,0.08862351190476189,0.6508806175963602,1.331154375708617,0.28932428280465083,False,8
0.5,24,-624.986399999998,0.45625967261904765,0.07084950920600225,0.2545071342828251,0.6652940404141046,False,8
0.1,24,-634.4826285714398,0.4986004464285715,0.02155276871336455,0.014702221867786136,0.6666530362789957,False,8
3.5,24,-243.01228571415302,0.03049826388888889,0.06933738061688556,0.0437078073270975,0.30791662658681973,False,9
3.0,24,-266.0599999998585,0.03186160714285714,0.08027490520283456,0.054406189106198044,0.3211778160987506,False,9
2.5,24,-291.41274285713035,0.03331473214285714,0.10039727552925291,0.07242105123299328,0.31085241334929403,False,9
2.0,24,-324.9837714286001,0.036205605158730156,0.1261908182312873,0.10471585599135491,0.3237032001037088,False,9
1.5,24,-371.10188571428563,0.043157242063492064,0.19694885087175615,0.19902050028344678,0.32562454476105585,False,9
1.0,24,-464.9913142857179,0.08668105158730158,0.6909145515645732,1.289919642715421,0.28126035974671026,False,9
0.5,24,-624.90622857143,0.45534722222222224,0.07520052424014365,0.29212956349202557,0.6650950322996914,False,9
0.1,24,-634.4827428571537,0.4985987103174604,0.021184408190795992,0.014458439625713027,0.6666532583397939,False,9
3.5,24,-242.35228571415047,0.030028769841269842,0.06938715709889544,0.04345920618723682,0.29320129779847937,False,10
3.0,24,-265.54777142845865,0.031156498015873016,0.08317792177122998,0.052670361760676514,0.31685815527730365,False,10
2.5,24,-291.7455428571127,0.0340014880952381,0.10226323971973518,0.07441265821995457,0.31868171852911065,False,10
2.0,24,-324.3965714285526,0.03684796626984126,0.13103398299320032,0.11447153059452958,0.2943360757430872,False,10
1.5,24,-371.0935428571702,0.043071676587301586,0.19186506482992066,0.19913895443594107,0.32309695856182785,False,10
1.0,24,-465.7047428571432,0.08994270833333333,0.6453436911054572,1.2624370677083347,0.31593921823866056,False,10
0.5,24,-624.846971428571,0.4561140873015873,0.07361324979622925,0.2628084818594658,0.6652596014979837,False,10
0.1,24,-634.4816000000103,0.4985974702380953,0.02137574603895902,0.014376408375760263,0.6666533328577324,False,10
3.5,24,-242.5613714284537,0.03057415674603175,0.06986607942246251,0.04481549010973434,0.29083096533761443,False,11
3.0,24,-265.0167428570051,0.03148115079365079,0.08854073957607757,0.05473693046107332,0.30377701257454726,False,11
2.5,24,-292.2805142856817,0.03355431547619048,0.10292767230747914,0.075203094090136,0.3010915499346055,False,11
2.0,24,-325.2394285714386,0.036434771825396825,0.12968543636620528,0.10774475579294215,0.3176200847056264,False,11
1.5,24,-370.8475428571926,0.042934523809523804,0.19893550460067302,0.20430965268329582,0.3113692549633784,False,11
1.0,24,-465.035657142852,0.08860788690476189,0.6620198561451313,1.2900002023455241,0.29855079788727723,False,11
0.5,24,-624.8598285714249,0.4556212797619048,0.0729076823352241,0.2892713134211604,0.6651154700366988,False,11
0.1,24,-634.48982857144,0.49863442460317464,0.020781641736296777,0.014035559807190623,0.6666536528270149,False,11
3.5,24,-243.53851428558113,0.03025198412698413,0.06843675608496433,0.043917713637836045,0.29609662895807676,False,12
3.0,24,-265.70017142842494,0.03137971230158731,0.08394090828358705,0.053775291371409614,0.3156444771634469,False,12
2.5,24,-291.69091428568987,0.03346701388888889,0.10738581199001702,0.07330832311507933,0.303586762807303,False,12
2.0,24,-325.2585142856935,0.03631944444444444,0.13175002185941923,0.10728090277777791,0.3131129998293898,False,12
1.5,24,-370.57914285714395,0.04261855158730159,0.2015767366464624,0.19978268509070296,0.3096160421311447,False,12
1.0,24,-466.847771428559,0.08987896825396827,0.7033121491155422,1.4605115623582754,0.26718174955257623,False,12
0.5,24,-624.8009142857131,0.4557150297619047,0.07782697832185982,0.2801287380244446,0.6651657424209513,False,12
0.1,24,-634.483485714297,0.4986054067460318,0.021619319159071886,0.014593562570546226,0.666653138429375,False,12
3.5,24,-243.18034285701123,0.030617063492063494,0.06902389729464305,0.04455935471331386,0.3045535301873826,False,13
3.0,24,-265.1494857141458,0.0314233630952381,0.08157336139077606,0.0544194113638511,0.3029039978384328,False,13
2.5,24,-292.1134285713861,0.03310193452380952,0.10058532133785775,0.0711884766298185,0.31419361222722575,False,13
2.0,24,-324.35611428573276,0.03640848214285714,0.13744650535147684,0.10740243408092404,0.3141229983677897,False,13
1.5,24,-371.14714285712375,0.04276289682539682,0.19318791477702307,0.19933152872260024,0.3104623031897925,False,13
1.0,24,-467.3964571428522,0.08715376984126985,0.6944735496371222,1.3030283724489793,0.3059216965289068,False,13
0.5,24,-624.8208000000002,0.45498487103174606,0.07407699555591939,0.29166043076809345,0.665093297884701,False,13
0.1,24,-634.482971428583,0.4985989583333334,0.021749260769057494,0.014876629464151137,0.6666528765069735,False,13
3.5,24,-242.30897142841488,0.030410714285714287,0.06823314052062394,0.04371840119857463,0.30166188936095484,False,14
3.0,24,-264.03771428559253,0.03154985119047619,0.08327472562358774,0.05502250235024567,0.3099718844951729,False,14
2.5,24,-290.9150285714254,0.033238839285714285,0.10465040075374418,0.07112546257086169,0.32551812677936276,False,14
2.0,24,-324.78097142858036,0.03669791666666666,0.13182723371740698,0.1116149171626984,0.30519491901562035,False,14
1.5,24,-371.3781142857367,0.042580605158730155,0.19474421595113658,0.20354681063397587,0.29910171376713235,False,14
1.0,24,-465.7494857142793,0.08794618055555556,0.6904254112471588,1.3789492700892851,0.26834289519135823,False,14
0.5,24,-624.8564571428586,0.4552157738095238,0.07371342077021836,0.2993719600339979,0.6650647976155681,False,14
0.1,24,-634.4868000000116,0.49862375992063496,0.020775305579768928,0.013780328443786516,0.6666538848669088,False,14
3.5,24,-242.50279999986677,0.03004910714285714,0.06868940931971505,0.04307403057175251,0.3099499831027349,False,15
3.0,24,-265.7002285712945,0.031697916666666666,0.08146987873770842,0.054530758267195806,0.3142685003812119,False,15
2.5,24,-291.3159999999389,0.033397073412698416,0.10139106857142906,0.07205285361394553,0.3147958183989552,False,15
2.0,24,-325.0604571428626,0.0364469246031746,0.13238129058389506,0.11156866291099786,0.2973435761100798,False,15
1.5,24,-371.3617714285498,0.04288318452380953,0.19638137676742595,0.20166402057350696,0.3095695567318302,False,15
1.0,24,-465.4341142857212,0.09032614087301587,0.661490757318562,1.3319785634566328,0.3146776041813226,False,15
0.5,24,-624.8870285714283,0.4555617559523809,0.07190978392261765,0.2784478723781909,0.6651709380839059,False,15
0.1,24,-634.4816000000111,0.4985967261904763,0.02107415873777224,0.014237895407944734,0.6666534613000201,False,15
3.5,24,-243.06245714271876,0.030413938492063496,0.0702625958401634,0.04452264900186262,0.30793694054597787,False,16
3.0,24,-265.1898285712928,0.03173164682539682,0.08139139979592096,0.05527870649092971,0.30743617756468344,False,16
2.5,24,-291.87714285709797,0.033622767857142855,0.09970299455781868,0.07397932980442182,0.30888949539201904,False,16
2.0,24,-324.5499428571471,0.035826884920634926,0.13371065848070884,0.10686954159580489,0.3022035667217581,False,16
1.5,24,-370.9770857142641,0.04269742063492064,0.20057832501639317,0.19321371088435366,0.3297704495035936,False,16
1.0,24,-464.86211428573074,0.0871827876984127,0.6851081827153899,1.2094802848285147,0.34516050350344163,False,16
0.5,24,-624.9303428571441,0.455703373015873,0.0733405904538813,0.2799218526077425,0.6651696551478101,False,16
0.1,24,-634.4818857142966,0.49859474206349214,0.02156208108014349,0.01474151218806341,0.6666529963242742,False,16
3.5,24,-243.44091428557778,0.030753472222222224,0.06652686998193968,0.043683632936507906,0.3208024694981789,False,17
3.0,24,-264.4726857141607,0.03172222222222222,0.08130919250188638,0.055224546296296265,0.3055594446776029,False,17
2.5,24,-291.8730285714124,0.03355183531746032,0.09768665824580644,0.07541822617630387,0.3029856675535193,False,17
2.0,24,-325.34771428570565,0.03599355158730158,0.13233790075823512,0.10479096024659879,0.32278051105600625,False,17
1.5,24,-371.37502857141953,0.042938244047619055,0.19235676752584738,0.1985366796815945,0.32016904008962066,False,17
1.0,24,-466.3262857142945,0.08876736111111112,0.7181883441042172,1.3390019097222214,0.2990503789296013,False,17
0.5,24,-624.8279428571409,0.455311755952381,0.07148013331041309,0.26779432475903064,0.6652194512636682,False,17
0.1,24,-634.48240000001,0.49859945436507935,0.021829158696265134,0.014825110190344049,0.666652923237494,False,17
3.5,24,-243.50182857129724,0.031065724206349208,0.0678858644435179,0.04399264001255267,0.3260699250017026,False,18
3.0,24,-265.385942857008,0.031885416666666666,0.08285349803730432,0.05556037599206351,0.3152224916794262,False,18
2.5,24,-291.1717714285219,0.033169642857142856,0.10156033738230892,0.07356208049886628,0.30150310494144794,False,18
2.0,24,-324.98725714286144,0.035930555555555556,0.133805703331916,0.10673277380952378,0.30142052737748304,False,18
1.5,24,-371.00462857142986,0.04281076388888888,0.19840107694382128,0.19772338508597903,0.30999851328269956,False,18
1.0,24,-466.191085714279,0.09014632936507937,0.6913230366439065,1.3751249681122446,0.30137606910523107,False,18
0.5,24,-624.9015428571442,0.4560091765873016,0.07208696759698796,0.2572350736252744,0.6652822758333534,False,18
0.1,24,-634.4852000000118,0.4986106150793651,0.021569115061639516,0.014560514455901341,0.6666531617489527,False,18
3.5,24,-243.40782857130966,0.030794890873015873,0.06853552095468998,0.04304208955903792,0.32865479522705743,False,19
3.0,24,-265.6132571427265,0.031998759920634924,0.08352249696144447,0.054657816503684745,0.320759360359564,False,19
2.5,24,-291.8990857142559,0.03367683531746032,0.10274421881541558,0.07442013570011342,0.32086736282747286,False,19
2.0,24,-324.5175428571307,0.03650992063492063,0.13157528309382846,0.10761629705215425,0.3150091284852422,False,19
1.5,24,-370.86702857146474,0.042856150793650793,0.20211760914838875,0.20441403023431606,0.2962400332780849,False,19
1.0,24,-467.2773714285686,0.09504489087301587,0.7349835753060587,1.5538087499645692,0.28188041932706986,False,19
0.5,24,-624.9522285714266,0.45555952380952386,0.07329399328753222,0.28760672789113784,0.6651234812447788,False,19
0.1,24,-634.4746857142978,0.4985605158730159,0.022075255623753436,0.015425731292317835,0.6666523718025298,False,19
3.5,24,-243.29439999984638,0.030298363095238093,0.07176197644314074,0.04305511450234859,0.3194359451559038,False,20
3.0,24,-264.3002285713051,0.03164955357142857,0.08605939372888809,0.05404119046438026,0.32073189444414696,False,20
2.5,24,-291.4880571428335,0.03311235119047619,0.10223276672925244,0.07489047504251714,0.2968385729554984,False,20
2.0,24,-324.8474857142774,0.03608407738095238,0.1357333367899653,0.11168969527706915,0.29397860415966826,False,20
1.5,24,-370.85022857141735,0.04278993055555556,0.20349172174098418,0.20469754249338606,0.309187709404218,False,20
1.0,24,-465.9913714285601,0.09221378968253967,0.6948563389966895,1.571123312216554,0.2763499909844348,False,20
0.5,24,-619.5889714285715,0.2696155753968254,0.18919994900231055,26.52445634212017,0.39785140254187934,False,20
0.1,24,-634.4855428571541,0.49860887896825407,0.02136053908543544,0.014748483205426766,0.6666529955467801,False,20
3.5,24,-244.21571428556854,0.030690476190476188,0.07052652800916236,0.043364436183997435,0.3141359397272524,False,22
3.0,24,-265.1707428570259,0.03190922619047619,0.0821521364676323,0.05582677905328799,0.3113576477592913,False,22
2.5,24,-291.69594285713686,0.03319146825396825,0.10493915098321142,0.07182520430839008,0.3125702181790173,False,22
2.0,24,-324.63131428571205,0.036434771825396825,0.1330101894784611,0.10909718634849765,0.3050083213806145,False,22
1.5,24,-371.00000000000847,0.04301959325396825,0.19487724867722586,0.2057165999385867,0.2963601385673812,False,22
1.0,24,-466.24622857143424,0.09057787698412699,0.691928829472848,1.389600407454648,0.3101133675161747,False,22
0.5,24,-624.952457142857,0.45637227182539675,0.0705458906122658,0.2569759319020264,0.6652851376417086,False,22
0.1,24,-634.4811428571545,0.4985949900793651,0.02187278914789203,0.014797610190147026,0.6666529512111936,False,22
3.5,24,-243.39702857126701,0.03056770833333334,0.06878025142116685,0.0447743662840135,0.30712968916790984,False,21
3.0,24,-265.2543999998952,0.0315,0.08654800938271409,0.054806948412698384,0.3132195664902263,False,21
2.5,24,-291.5181714285345,0.0331609623015873,0.10163158764263547,0.07192995996315198,0.3131645529925985,False,21
2.0,24,-325.0166857142639,0.036714781746031745,0.12880761725623163,0.11035655548469389,0.32004888852911373,False,21
1.5,24,-371.1886285714169,0.042821676587301585,0.19722178734942353,0.2047180496740361,0.2982834358589439,False,21
1.0,24,-466.2143428571489,0.09158358134920636,0.6792248809466501,1.4168747440121878,0.3189761897937631,False,21
0.5,24,-624.9111428571432,0.45540972222222226,0.07251278854932429,0.28934077777776324,0.66511064591362,False,21
0.1,24,-634.4851428571549,0.4986116071428572,0.021876360541581454,0.014844244614629076,0.6666529061590147,False,21
3.5,24,-243.81377142843493,0.030762896825396825,0.06973158309918501,0.04538966537091027,0.30381215246030224,False,23
3.0,24,-264.9235428570038,0.031524553571428575,0.08304977182917726,0.053561667977607696,0.32578496549852676,False,23
2.5,24,-292.4181714285474,0.03329861111111111,0.10096423843628145,0.0711810714285714,0.31270585016977026,False,23
2.0,24,-324.78748571428565,0.03676686507936508,0.13746986258361302,0.1119445589569161,0.3035260754510345,False,23
1.5,24,-371.5504571428569,0.042683779761904767,0.19521360874528504,0.19751924600812534,0.3278133053131205,False,23
1.0,24,-466.90388571428537,0.08798784722222222,0.7147046761678111,1.4674351867559519,0.21282164007591453,False,23
0.5,24,-617.1911999999993,0.12536135912698412,0.09102708127061811,6.6892220911989835,0.24629958713584488,False,23
0.1,24,-627.3172000000088,0.08313690476190477,0.019397051588991108,0.04738192176869882,0.6650691855528904,False,23
3.5,24,-243.44679999987608,0.03054563492063492,0.06676108900873737,0.044558940719144804,0.3029796205786307,False,24
3.0,24,-264.19519999984885,0.03154885912698412,0.08332029537918802,0.05547962697231676,0.309746070782732,False,24
2.5,24,-290.84365714283126,0.033088789682539685,0.1008642324752792,0.07274518996598635,0.3124298462935977,False,24
2.0,24,-325.0194285714401,0.036096478174603173,0.13053265362812758,0.10621414964214856,0.31298345507319814,False,24
1.5,24,-371.03902857143254,0.042964781746031744,0.19817307510960364,0.20461482530234337,0.29858869531257204,False,24
1.0,24,-465.8853142856913,0.0930404265873016,0.7036556970010679,1.46498503681264,0.3084482339174599,False,24
0.5,24,-624.8709714285692,0.4557331349206349,0.07313422757296292,0.26554065646263325,0.665232863449233,False,24
0.1,24,-634.4950285714399,0.498656001984127,0.02057110601122581,0.013853967899599695,0.6666538222577579,False,24
3.5,24,-243.1238285713013,0.03040302579365079,0.07001418580730202,0.04388357198534183,0.31248856385727575,False,25
3.0,24,-264.8942857141474,0.031534970238095233,0.08242681248424404,0.05602185845379827,0.3043992042862086,False,25
2.5,24,-291.94508571423427,0.033356894841269843,0.10397872424398277,0.0731053284438775,0.30625315693321276,False,25
2.0,24,-325.3169142857009,0.036615079365079364,0.13783448396259879,0.1108250172902494,0.31165783293412797,False,25
1.5,24,-371.3159428571677,0.04324652777777778,0.20399998024439822,0.2031903604497355,0.312272187842074,False,25
1.0,24,-466.8835999999952,0.08677356150793651,0.6610030648016113,1.1348959877763611,0.34562671744442475,False,25
0.5,24,-624.724057142858,0.45355877976190473,0.08296550474026138,0.61726785707204,0.663876157652076,False,25
0.1,24,-634.4832571428683,0.4986026785714286,0.021840221658446044,0.014775384070162545,0.6666529653278266,False,25
3.5,24,-243.62519999985747,0.030448908730158736,0.06896767482021253,0.043837839123744705,0.3088189068788453,False,26
3.0,24,-265.3417142855592,0.03161160714285714,0.08324558805744896,0.05435601185752077,0.3171683760344828,False,26
2.5,24,-291.3721714285429,0.03319618055555556,0.10057401980135991,0.07384667787698411,0.3034873587528638,False,26
2.0,24,-324.7381714285906,0.03645858134920635,0.13289703128687178,0.10944928073625285,0.3144161152759054,False,26
1.5,24,-370.80217142861846,0.04291989087301588,0.19377414098263768,0.20839971161659104,0.2913967507151185,False,26
1.0,24,-465.49668571429794,0.08938963293650794,0.7200893261676558,1.3822180215065194,0.28772910157222775,False,26
0.5,24,-624.8332571428551,0.45545684523809526,0.07383390648626825,0.2623609974489476,0.6652420474091473,False,26
0.1,24,-634.4829714285834,0.4985982142857143,0.02170957821161007,0.015105192743654072,0.6666526697329359,False,26
3.5,24,-243.52531428557342,0.030628224206349208,0.0684928699851795,0.043810029468334906,0.31820535160163077,False,27
3.0,24,-264.6171999998892,0.03147519841269841,0.08110267661815647,0.05407987925170071,0.31377854724060206,False,27
2.5,24,-291.6417714285581,0.03335391865079365,0.10376334389024527,0.07047309681122445,0.32596906941554504,False,27
2.0,24,-324.8285714285871,0.03622271825396825,0.1315456972789093,0.10883371421485266,0.30591115333426355,False,27
1.5,24,-370.8795999999931,0.04314211309523809,0.19748884996469887,0.20462519838907794,0.29665919063096235,False,27
1.0,24,-465.3306285714232,0.08538963293650793,0.6040658514966203,1.0520944699192176,0.36893945452538357,False,27
0.5,24,-624.895085714286,0.45523685515873014,0.07794768943212046,0.2860739636480254,0.665119570117612,False,27
0.1,24,-634.4827428571543,0.49859375,0.022160598625002113,0.015449652777910217,0.6666523489154571,False,27
3.5,24,-243.11371428558238,0.030345982142857143,0.06756987454300357,0.044368834780936214,0.30018306062424194,False,28
3.0,24,-265.70331428561167,0.031651537698412696,0.08328922848072243,0.056133808567176896,0.30115060003687455,False,28
2.5,24,-291.0144571428063,0.03310193452380952,0.10209092606893844,0.07398946869331068,0.3066387873105306,False,28
2.0,24,-324.8483428571453,0.03621106150793651,0.13026632693311058,0.10472011392786273,0.32616709054061555,False,28
1.5,24,-370.88679999998595,0.043453869047619054,0.19549607366844826,0.20318054525699136,0.31612942108952946,False,28
1.0,24,-467.7151428571498,0.09282043650793652,0.7112428955497813,1.5842086343537407,0.26855106074110624,False,28
0.5,24,-621.9412000000016,0.3585518353174603,0.18230757730109165,22.730975853103736,0.5652719633308663,False,28
0.1,24,-634.4885714285807,0.49862524801587305,0.02170153061847991,0.014691805201376695,0.6666530444252037,False,28
3.5,24,-243.36719999986815,0.030587797619047615,0.06969621941042349,0.042874687196307125,0.3164711275270854,False,30
3.0,24,-264.3858285713124,0.03131994047619047,0.08385266849080397,0.05556635577286474,0.28062968004632605,False,30
2.5,24,-291.3252571428165,0.033192708333333334,0.10419232756098709,0.07057895565476192,0.3181245815716013,False,30
2.0,24,-324.9263428571565,0.036282242063492065,0.13160500634776578,0.10699652600623576,0.32158304545324523,False,30
1.5,24,-370.4745714285828,0.04299454365079365,0.1995448626228294,0.2019257531179137,0.31199170292663414,False,30
1.0,24,-465.6794285714281,0.0873497023809524,0.6879426978458569,1.3148651631235815,0.29628837992132173,False,30
0.5,24,-625.0051428571434,0.4562884424603175,0.07107505442117043,0.26661188881796605,0.6652409031755969,False,30
0.1,24,-634.4858285714389,0.4986148313492064,0.021356006810593593,0.014427003613519673,0.6666532879173275,False,30
3.5,24,-242.59851428556246,0.030224950396825396,0.06673291189967205,0.04318627825356335,0.310388847156261,False,29
3.0,24,-265.2351428570228,0.031905753968253965,0.08442530409108796,0.057001762849584275,0.29826495463499836,False,29
2.5,24,-291.82725714282566,0.033625248015873015,0.10428489838639911,0.07557324363662137,0.3053405047326415,False,29
2.0,24,-325.0045142857255,0.03636160714285714,0.1332973324248946,0.10708981540532889,0.3133107959717143,False,29
1.5,24,-371.1987428571538,0.042728422619047614,0.20301805874525014,0.20485199449640987,0.2941482312215734,False,29
1.0,24,-464.95217142856507,0.08698338293650792,0.7020283301076233,1.2906928469033465,0.2995442273751041,False,29
0.5,24,-624.8361714285712,0.4552224702380952,0.07689678709761615,0.2824214959609108,0.665144794347321,False,29
0.1,24,-634.4812571428687,0.49859325396825405,0.021702900206340317,0.014747171201641152,0.6666529936384418,False,29
3.5,24,-244.1332571426976,0.030216269841269842,0.06630963754731968,0.04253700777453838,0.3122265825353856,False,31
3.0,24,-265.45628571413425,0.031697668650793646,0.08131677864387565,0.05544341665485644,0.3035169137976741,False,31
2.5,24,-291.6913714285359,0.03336235119047619,0.10531970630294381,0.07220736551870757,0.3206846013899618,False,31
2.0,24,-324.85365714285695,0.0361391369047619,0.13456899841129497,0.1054244017679989,0.320487964071276,False,31
1.5,24,-371.14531428573025,0.04258184523809523,0.1969397912597529,0.20427692507558592,0.29495709752162513,False,31
1.0,24,-465.43148571428907,0.0883812003968254,0.7048988344614978,1.4566520830144558,0.23730678756911328,False,31
0.5,24,-622.2542857142868,0.33726909722222226,0.17019255102018682,34.42315276636902,0.5297175756526213,False,31
0.1,24,-634.4777714285834,0.49857837301587304,0.021739613930549233,0.014737874149552965,0.6666529988470227,False,31
3.5,24,-243.55862857128244,0.0303125,0.06976830941921497,0.044067658730158714,0.2950571390697255,False,34
3.0,24,-265.64342857131203,0.03143874007936508,0.08291274905518774,0.053239936212679556,0.3224145789537044,False,34
2.5,24,-291.66234285710414,0.033276289682539685,0.10426312990385567,0.07136690901360535,0.3202347391415803,False,34
2.0,24,-325.63931428570504,0.036716021825396815,0.13211339662132104,0.11015064269770419,0.3070713860299865,False,34
1.5,24,-370.4536571428708,0.04252455357142857,0.19474559153189339,0.1982605423044215,0.30472677669586057,False,34
1.0,24,-465.2775428571463,0.08859151785714285,0.6342877752324765,1.3372527848285154,0.3016152477656334,False,34
0.5,24,-624.8842857142849,0.45593328373015873,0.07433304705207572,0.28552144777493993,0.6651500250894946,False,34
0.1,24,-634.4875428571545,0.4986225198412699,0.021883773216460307,0.01484944869611482,0.6666529052446261,False,34
3.5,24,-241.98422857128597,0.030322420634920633,0.0691335766689839,0.042861661807580234,0.31533634408158095,False,32
3.0,24,-265.6589142855769,0.03168427579365079,0.08166413204774887,0.05636020170776655,0.30031683369573137,False,32
2.5,24,-291.72028571425307,0.033870535714285714,0.10243522537415023,0.07633108905895687,0.3102103980495542,False,32
2.0,24,-324.847885714276,0.03606845238095238,0.1351364452324333,0.1145142576530612,0.2862016693421172,False,32
1.5,24,-371.2755999999938,0.042625248015873016,0.20402033426802924,0.21065855950018875,0.2803351693591013,False,32
1.0,24,-467.17937142855396,0.09081423611111111,0.6766096977266393,1.5141658315972215,0.24344030486886914,False,32
0.5,24,-624.8907999999994,0.4560753968253968,0.07524988841275142,0.25580436394568196,0.6652835262426249,False,32
0.1,24,-634.4911428571535,0.4986386408730159,0.020752253385580836,0.014074503613930034,0.6666536177120239,False,32
3.5,24,-243.54714285699444,0.030708333333333334,0.06725864194317174,0.04332175396825393,0.3198000212798402,False,35
3.0,24,-265.2699999998707,0.03156299603174603,0.0838793942901214,0.055304107095615965,0.3082404725987493,False,35
2.5,24,-291.99685714283146,0.0331359126984127,0.1017972099546508,0.0717150678004535,0.3113303445548359,False,35
2.0,24,-324.7813714285563,0.036216269841269834,0.1267903652551215,0.10809696400226773,0.3111101843341555,False,35
1.5,24,-370.88028571428,0.04295758928571428,0.20431917101286448,0.19962445613662133,0.31154076272375364,False,35
1.0,24,-467.36554285714556,0.09144047619047618,0.6787919069784039,1.4027148758503403,0.3032481258425608,False,35
0.5,24,-624.9818857142853,0.45571056547619043,0.06974661022630041,0.2579628950539039,0.6652718097282257,False,35
0.1,24,-634.4887428571543,0.4986329365079365,0.021144666101867587,0.014012137188625928,0.6666536731424857,False,35
3.5,24,-243.93222857126634,0.0303640873015873,0.06714543912443736,0.043343343213475896,0.30825473573971884,False,33
3.0,24,-263.92262857129236,0.0318640873015873,0.08198153482237418,0.054849388510959884,0.31752488686114,False,33
2.5,24,-291.50977142855055,0.03331448412698413,0.10189171316009177,0.07301166417233558,0.31332786650352984,False,33
2.0,24,-325.0548571428551,0.03616021825396825,0.1352738526077183,0.110206299532313,0.3048548709737384,False,33
1.5,24,-370.51051428568485,0.042840525793650795,0.20230549670947015,0.20557916928854875,0.30285986043668844,False,33
1.0,24,-466.29428571429,0.08682886904761904,0.6615685345805105,1.2124942305839013,0.3121086741590441,False,33
0.5,24,-624.9919428571453,0.45597495039682534,0.07266875553371695,0.2786744557115348,0.6651771991506056,False,33
0.1,24,-634.4864571428677,0.49862152777777774,0.020357047055262627,0.013544017857807233,0.6666541008637585,False,33
3.5,24,-243.13537142842702,0.030414930555555556,0.07228077830486469,0.04389593771258502,0.30398633660473795,False,36
3.0,24,-265.13891428561305,0.031417410714285714,0.08235578372323232,0.05464582595190852,0.30485389195459256,False,36
2.5,24,-291.0966857142659,0.033225198412698415,0.10074079377415425,0.07239972653061215,0.3077121240940913,False,36
2.0,24,-324.7162285714274,0.036501240079365074,0.1287329660487444,0.10975033785076549,0.3118508659996082,False,36
1.5,24,-371.25502857142044,0.042826884920634925,0.1939104853388724,0.19588355810657582,0.3279218357749464,False,36
1.0,24,-464.95525714285577,0.0895109126984127,0.7058500958673398,1.3696052131519267,0.2975651186995961,False,36
0.5,24,-617.971085714288,0.14791121031746032,0.12400022594132072,16.48925631490929,-0.19974347771967382,False,36
0.1,24,-634.480628571439,0.4985850694444445,0.022343582178210548,0.015445002480163339,0.6666523484574562,False,36
3.5,24,-243.24074285700632,0.030580109126984126,0.06977025065065527,0.04386301019395856,0.3143581590637201,False,37
3.0,24,-265.46354285702625,0.03183829365079365,0.08270583488032246,0.054675945011337865,0.31504316818146794,False,37
2.5,24,-291.6774285714197,0.03328472222222222,0.1032170711791332,0.0737933444444444,0.29985617623690786,False,37
2.0,24,-324.73902857143577,0.03617633928571429,0.13126871387614378,0.10551938476119606,0.3101953596765059,False,37
1.5,24,-371.1378285714187,0.0434484126984127,0.200326435515218,0.20237453099017372,0.32431352795580404,False,37
1.0,24,-466.30279999998214,0.09021031746031745,0.6992623673413618,1.4706695017006814,0.2703247513812822,False,37
0.5,24,-622.4999428571437,0.3563787202380952,0.1755336507711844,29.22911454357997,0.5560316953682569,False,37
0.1,24,-634.4740571428683,0.4985597718253969,0.02255577327458821,0.015296822207790939,0.6666524794218751,False,37
3.5,24,-243.28531428558324,0.030439732142857143,0.06858477669073784,0.042180572876174265,0.3233109194773791,False,38
3.0,24,-264.9726285712974,0.031760168650793646,0.08254359445643303,0.05386297419453895,0.32575110008721986,False,38
2.5,24,-291.94068571426124,0.03370734126984127,0.10207892113922652,0.07391983469387751,0.3114446661555921,False,38
2.0,24,-325.2489142857149,0.03633506944444445,0.13342981471654664,0.10542481560019823,0.31288247404924285,False,38
1.5,24,-371.3329714285572,0.04296180555555556,0.19563730932480403,0.19633141335978818,0.33216993514867443,False,38
1.0,24,-466.71714285713625,0.09005803571428571,0.7191673667801095,1.526396790107711,0.21632028432490447,False,38
0.5,24,-624.850285714286,0.4556592261904762,0.07368212244909955,0.2710469441610073,0.6652128794528245,False,38
0.1,24,-634.4846857142959,0.4986019345238096,0.021381902519755785,0.015127987173677582,0.6666526541256003,False,38
3.5,24,-242.92782857130737,0.030131448412698415,0.06750850054652939,0.043350501093294455,0.303597808246444,False,39
3.0,24,-265.23479999988916,0.031808531746031744,0.08133932988095166,0.056129753590325016,0.3107374269074652,False,39
2.5,24,-292.7157714285695,0.03352232142857143,0.10770864519184316,0.074869072505669,0.3031099128782446,False,39
2.0,24,-324.8271999999977,0.03637599206349206,0.13505723841269124,0.10881203543083903,0.30427077658633095,False,39
1.5,24,-370.87777142854117,0.043174355158730165,0.19489513902493696,0.20491068497259995,0.30551068303054185,False,39
1.0,24,-466.68771428569437,0.0895438988095238,0.6816460077948755,1.2901136380031182,0.32110643407984374,False,39
0.5,24,-624.822400000002,0.4553343253968254,0.07171429333377294,0.30390472902493215,0.6650479890848566,False,39
0.1,24,-634.4898285714398,0.4986319444444445,0.02096418141566876,0.014110595238019386,0.6666535792810957,False,39
3.5,24,-243.80268571414314,0.03059747023809524,0.06752836956406916,0.043389605998947166,0.31856170895238123,False,40
3.0,24,-265.4889714284479,0.03170833333333333,0.08757341128180818,0.05382094312169315,0.3209836855339312,False,40
2.5,24,-291.59525714282046,0.03337251984126984,0.10013989851338717,0.07300924937641724,0.3194651798521696,False,40
2.0,24,-325.2334857143019,0.03627604166666667,0.12766873951815366,0.10535439298115076,0.3252655598044838,False,40
1.5,24,-370.9449714285536,0.043280257936507936,0.1975086687603767,0.20257889181783817,0.3216029120772872,False,40
1.0,24,-466.238342857138,0.09420882936507938,0.677819749200757,1.4284367736677992,0.3362979267927416,False,40
0.5,24,-624.9332000000002,0.4559174107142857,0.07160393285772039,0.2626645350765564,0.6652495974859122,False,40
0.1,24,-634.4801142857256,0.49858953373015874,0.02190158500323175,0.014843052367048415,0.6666529036040354,False,40
3.5,24,-242.83948571415945,0.03064955357142857,0.07131698344162182,0.043673588425251056,0.31536683252781783,False,41
3.0,24,-265.4025714284339,0.031516865079365075,0.08564349960633036,0.0557528607331822,0.30124638537386283,False,41
2.5,24,-291.7054285713721,0.033312996031746034,0.10071286800453688,0.07208847613378679,0.32018602779542094,False,41
2.0,24,-324.97982857142307,0.036078125,0.1351624622888418,0.11102247929067453,0.28275491562545196,False,41
1.5,24,-371.2019428571698,0.042750496031746035,0.1982062404736491,0.19813060043461814,0.3054961868444347,False,41
1.0,24,-465.4189142857127,0.08683556547619047,0.7098295376360713,1.4676847491142302,0.1957392813100377,False,41
0.5,24,-616.9377714285704,0.1557750496031746,0.09483882265420915,9.633367614441621,0.3208617246911807,False,41
0.1,24,-627.330628571439,0.29043824404761903,0.01837880047080236,0.02457440157326296,0.666600248189855,False,41
3.5,24,-243.22519999987819,0.030626984126984128,0.07072337938775604,0.04410293019112408,0.3209925307996968,False,42
3.0,24,-265.3161142855589,0.031833581349206344,0.08206496534140895,0.05583317260723743,0.308166601909018,False,42
2.5,24,-291.9281142856826,0.03319419642857143,0.10405353599637035,0.07158913093820865,0.3135473915151705,False,42
2.0,24,-325.08725714286015,0.0361453373015873,0.1327333620620771,0.1066171229450113,0.30650222539174143,False,42
1.5,24,-370.94474285713324,0.04309548611111111,0.20205118899219895,0.20899267476851857,0.2931212026440062,False,42
1.0,24,-465.0962285714275,0.08988392857142857,0.6814537649886714,1.4894776167800463,0.22327242996575425,False,42
0.5,24,-624.7923999999994,0.4547767857142857,0.07261023380851839,0.2995414115646291,0.6650661913847578,False,42
0.1,24,-634.4887428571528,0.4986304563492064,0.021247840706766708,0.014151614228943288,0.6666535410748462,False,42
3.5,24,-242.55834285700726,0.030337549603174602,0.07094594130176986,0.04331826975016198,0.31034992723235155,False,43
3.0,24,-264.91565714272934,0.03188392857142857,0.08238388348701094,0.05586331802721094,0.3168392238683484,False,43
2.5,24,-290.7059428570874,0.03317485119047619,0.1024218219355963,0.07319089964569161,0.3043561896421435,False,43
2.0,24,-324.8102857143009,0.03597594246031746,0.1332550136054288,0.11038623113307822,0.2986718788492989,False,43
1.5,24,-371.28399999998936,0.043409970238095244,0.19882471428572449,0.21267805553193478,0.2975775461735015,False,43
1.0,24,-463.92017142856923,0.0848891369047619,0.6199918332823573,1.1905078114725058,0.31395707992964894,False,43
0.5,24,-624.9416000000015,0.4560585317460317,0.07035123619061778,0.25817661678007653,0.6652812058001963,False,43
0.1,24,-634.4819428571532,0.4985969742063492,0.021739027195306126,0.014685852820548462,0.6666530472294203,False,43
3.5,24,-243.0729714284461,0.03029439484126984,0.07051866873571333,0.04325440750526404,0.2960345143619235,False,45
3.0,24,-264.8955999998586,0.03188888888888888,0.08139510208553351,0.05495817063492067,0.3116393807139457,False,45
2.5,24,-292.13262857137306,0.03321527777777778,0.10165409157279,0.07237619365079354,0.31755142659551827,False,45
2.0,24,-324.42440000000573,0.03591493055555556,0.13130969199405879,0.10304305766369044,0.31922369623784386,False,45
1.5,24,-371.48834285714486,0.04371155753968255,0.2021498863290572,0.21437096029383954,0.29561277246175655,False,45
1.0,24,-465.4527428571369,0.08835094246031745,0.6748433450736937,1.3998542955994893,0.2678567542354392,False,45
0.5,24,-624.9609142857146,0.45542981150793654,0.07075129578354084,0.2920197811082659,0.665111541282952,False,45
0.1,24,-634.485200000011,0.4986116071428571,0.02151355951759291,0.01466567318610501,0.6666530718237735,False,45
3.5,24,-244.35194285701263,0.030272569444444446,0.06728218321950098,0.04210729995748292,0.3236591498307233,False,44
3.0,24,-264.57999999985316,0.031762648809523814,0.08293731261023597,0.05328675962537789,0.3269681003529945,False,44
2.5,24,-290.55285714280296,0.03355902777777778,0.10647897630385462,0.07450076388888885,0.31113884872462705,False,44
2.0,24,-325.572685714287,0.03629662698412699,0.1297373150737321,0.10816707227891145,0.31480085716368533,False,44
1.5,24,-370.7945142857064,0.04295585317460318,0.19847359230033484,0.2095509447278909,0.30026502851416925,False,44
1.0,24,-466.9276000000055,0.08349082341269842,0.6556274076587619,1.2977845725269275,0.24024680442496726,False,44
0.5,24,-624.9631428571423,0.4558824404761904,0.07134834410559658,0.2631614282880932,0.66524717874389,False,44
0.1,24,-634.4829714285822,0.4986006944444445,0.02212227667162854,0.015100565476124927,0.6666526710540537,False,44
3.5,24,-243.2001714284213,0.030807043650793647,0.0732583900185194,0.044068474692257886,0.3178503760089916,False,47
3.0,24,-264.9023428570013,0.0314186507936508,0.0819210439147209,0.055219241307634115,0.29694305481401495,False,47
2.5,24,-291.34165714281204,0.03366195436507936,0.10385454653877484,0.07378692424886632,0.31799416888458554,False,47
2.0,24,-325.16908571429644,0.03653100198412699,0.13185671813915356,0.10639146029974486,0.3199440412067901,False,47
1.5,24,-371.0321142856995,0.042634176587301585,0.19541285501635022,0.2009836356528724,0.30548275280426684,False,47
1.0,24,-466.74571428569925,0.09312673611111112,0.6685153599772902,1.4113791748511904,0.31953801856364383,False,47
0.5,24,-619.8624000000003,0.24291369047619044,0.18902756317361813,34.05522582312928,0.30052405965147533,False,47
0.1,24,-634.4866285714392,0.4986155753968255,0.021403483010039453,0.014699289965545148,0.6666530443202583,False,47
3.5,24,-242.93777142841643,0.030318452380952383,0.07227503914063434,0.04371999983803046,0.30561125564462943,False,46
3.0,24,-265.2755428570153,0.031188988095238093,0.08259739122952313,0.054243002220332626,0.31400807881043546,False,46
2.5,24,-291.2023999999523,0.033016617063492064,0.10066745236825227,0.0752473054280045,0.2895869004226771,False,46
2.0,24,-324.7295428571732,0.0369312996031746,0.12972706166525289,0.10841263376913277,0.3263723278244265,False,46
1.5,24,-371.29319999996306,0.04291617063492063,0.19787634880069366,0.20393817450869234,0.31745256221840756,False,46
1.0,24,-465.66577142857267,0.08823784722222223,0.670942767568047,1.384827039930554,0.24802278383542664,False,46
0.5,24,-624.9132000000005,0.45538392857142856,0.07449275825476637,0.2910720192743881,0.6651050573299582,False,46
0.1,24,-634.4849142857239,0.498609126984127,0.021676759640993415,0.01477477891167922,0.6666529704195019,False,46
3.5,24,-243.48119999986142,0.0307016369047619,0.06903162791383513,0.04312334466107874,0.32439217642816587,False,48
3.0,24,-264.7378285712862,0.03174776785714286,0.08522607095995192,0.05516927615976938,0.3146508007186428,False,48
2.5,24,-290.7081142856618,0.03328546626984127,0.10142919758366689,0.07341338082483,0.3127504220490871,False,48
2.0,24,-325.2224571428592,0.03613789682539683,0.13483911642713842,0.10828888066893416,0.2992553737596908,False,48
1.5,24,-370.6406857142979,0.04257093253968255,0.19961198552785694,0.2036466525888129,0.30102285621841685,False,48
1.0,24,-465.05491428570315,0.0904920634920635,0.6346654789059458,1.423961150226757,0.29818592435504154,False,48
0.5,24,-624.9529714285709,0.45564955357142856,0.07289257757333366,0.2926792062783825,0.6651031561444284,False,48
0.1,24,-634.4823428571541,0.49859846230158733,0.0220093645212829,0.015062074475657994,0.666652707669211,False,48
3.5,24,-242.72582857129325,0.03025372023809524,0.0691222329566365,0.04224275906017169,0.31223097876099026,False,49
3.0,24,-265.2762857141612,0.03168477182539683,0.08162237388197119,0.05647123005243761,0.3013914583165218,False,49
2.5,24,-291.6511428571087,0.033611607142857144,0.10224063852607894,0.0727191824829932,0.3215514738670451,False,49
2.0,24,-325.12674285715065,0.03626711309523809,0.13327588502835397,0.10965427577593542,0.30090200289014735,False,49
1.5,24,-370.54931428570984,0.04271428571428571,0.2014069771504171,0.1967700260770976,0.3061530452949487,False,49
1.0,24,-466.59017142858517,0.08880828373015873,0.7059518164171803,1.4399925373795357,0.2576536441489292,False,49
0.5,24,-623.5420000000032,0.39424231150793654,0.14074505158593334,21.543806602536872,0.6049761091993868,False,49
0.1,24,-634.4884571428679,0.4986287202380953,0.02098282086282981,0.014002678217099884,0.666653680872338,False,49
3.5,24,-243.47005714272882,0.030381200396825396,0.07092493448284845,0.04309934798145448,0.3155173386583765,False,50
3.0,24,-264.7602857141838,0.03169618055555556,0.08377082009007081,0.055090497437169275,0.3112597236029384,False,50
2.5,24,-290.9963428570948,0.03324925595238095,0.10169429469750159,0.0716787879676871,0.32453313324642763,False,50
2.0,24,-325.14514285714625,0.03655133928571429,0.13178426927438144,0.1077369680945294,0.31851629676232773,False,50
1.5,24,-371.646685714297,0.04356646825396825,0.19303907662130915,0.20588653628117923,0.3105604414714155,False,50
1.0,24,-465.9045142857025,0.08726413690476191,0.6678733376359863,1.3053820932185367,0.2896121336601597,False,50
0.5,24,-624.8425142857137,0.45578199404761904,0.07585316244876594,0.2767338882511794,0.6651821732262344,False,50
0.1,24,-634.4852571428686,0.49861235119047626,0.02143647165616534,0.014516360189738009,0.6666532073241755,False,50
3.5,24,-243.9422285712845,0.030410218253968252,0.0646053546573216,0.04250893873501782,0.3207969833920419,False,51
3.0,24,-265.05628571418106,0.03155481150793651,0.08745172573380953,0.05492156272439526,0.3100989369111917,False,51
2.5,24,-291.7357142856908,0.03322941468253968,0.10333820442177562,0.07365471427154187,0.30578190818619255,False,51
2.0,24,-325.0712000000261,0.03682986111111111,0.13125776003968465,0.11183971081349203,0.3098654100797067,False,51
1.5,24,-371.02868571428183,0.04250818452380952,0.19836317459308186,0.1992818062877929,0.31030383479172163,False,51
1.0,24,-465.09091428571156,0.08901736111111112,0.6593516027153581,1.3137387073412685,0.29917359800566545,False,51
0.5,24,-624.8316571428568,0.4555094246031747,0.07465304045480378,0.27924893735817236,0.6651660341499396,False,51
0.1,24,-634.4872571428677,0.49862400793650796,0.021451967697632624,0.01432245464867421,0.6666533850515433,False,51
3.5,24,-243.08291428557976,0.03002926587301587,0.07064470109630613,0.044557903263686444,0.28550226155654357,False,52
3.0,24,-264.73891428558653,0.03137847222222222,0.0822397255221718,0.053566275462963026,0.31071166998654975,False,52
2.5,24,-291.61628571429685,0.03353670634920635,0.10193158981859597,0.07299741496598633,0.3120933187597048,False,52
2.0,24,-324.7478857142811,0.036400545634920636,0.1341641386848096,0.10739201939838436,0.30866092370727227,False,52
1.5,24,-371.5499428571465,0.04245907738095238,0.1976396891509298,0.20683014396730914,0.2853127899463388,False,52
1.0,24,-465.44279999999776,0.08515947420634921,0.6967207086110849,1.307557583297901,0.22434563155749887,False,52
0.5,24,-624.9209714285695,0.4559930555555555,0.07111281884378211,0.25488009523816046,0.6652901753230102,False,52
0.1,24,-634.4823428571544,0.49860044642857143,0.021398253395293266,0.014459166312583704,0.6666532583338751,False,52
3.5,24,-242.48622857130098,0.03057638888888889,0.06885914383776331,0.04399845464852604,0.3156966679681519,False,53
3.0,24,-264.53731428556426,0.03173660714285714,0.0845184659807206,0.05551604492630384,0.3091221525146506,False,53
2.5,24,-291.79919999996014,0.032970238095238094,0.10342292045714405,0.07360648956916106,0.29763935657764107,False,53
2.0,24,-324.4711428571611,0.03639360119047619,0.13106934095096298,0.10936672475552725,0.3150618123574498,False,53
1.5,24,-370.8026285714289,0.04334895833333334,0.19899452729652783,0.19629005836640193,0.32590093324019564,False,53
1.0,24,-465.803600000004,0.08903869047619047,0.7075577552777759,1.4241429274376425,0.2714753437905988,False,53
0.5,24,-619.742742857144,0.23932961309523812,0.19142199537317436,33.534070186437056,0.28685110379872913,False,53
0.1,24,-634.4786285714399,0.49857886904761906,0.021902848069051586,0.015113059807294604,0.666652656346082,False,53
3.5,24,-243.5254285712818,0.030475198412698416,0.07020367901106177,0.04402521282798831,0.3143860389348023,False,54
3.0,24,-265.1570285712908,0.0317311507936508,0.08285267730913667,0.057484651360544134,0.29591428413974563,False,54
2.5,24,-291.5315428571216,0.03344270833333333,0.1012337839419504,0.07269452549603185,0.3222889038686324,False,54
2.0,24,-324.69354285712376,0.03637772817460318,0.13242066642715777,0.11066367940405322,0.29431982282231306,False,54
1.5,24,-371.5721142857,0.04303943452380952,0.202884867362032,0.20440515813964488,0.29910666610940784,False,54
1.0,24,-465.4435428571375,0.09139012896825398,0.684873771859404,1.3338426082412123,0.32987006016982945,False,54
0.5,24,-621.6706285714289,0.3429957837301587,0.1891904377322741,27.528993007298762,0.5408692082630091,False,54
0.1,24,-634.4792571428683,0.4985788690476191,0.021984824828299068,0.015266829648474811,0.6666525133739143,False,54
3.5,24,-242.97685714271353,0.030820436507936505,0.06884780229301607,0.04368136718496927,0.32618563645761045,False,55
3.0,24,-265.11959999987516,0.031195188492063493,0.08351559167989381,0.054579201613284195,0.3028011008685888,False,55
2.5,24,-291.67617142853544,0.03327951388888889,0.10341438196009323,0.07295248740079359,0.3151885526956303,False,55
2.0,24,-325.719485714316,0.036321428571428574,0.13311984512331618,0.10754693339002264,0.3256786879311039,False,55
1.5,24,-371.0272000000071,0.04284226190476191,0.20275343266313692,0.19819020219198766,0.31943314735422723,False,55
1.0,24,-465.94960000000043,0.09084647817460317,0.7050816217460023,1.540015346903345,0.23030578362151577,False,55
0.5,24,-625.0202857142872,0.45636011904761903,0.07352126927435165,0.26640051473927784,0.6652401525804907,False,55
0.1,24,-634.484514285726,0.49860689484126997,0.02128773186187673,0.014597615858331636,0.6666531346005684,False,55
3.5,24,-242.81422857129547,0.030683035714285715,0.07256369336804784,0.04333527903304178,0.32455190274115897,False,56
3.0,24,-265.2191428569999,0.031436507936507936,0.0823936550611147,0.05492916780045354,0.30302273549059,False,56
2.5,24,-291.8849142856963,0.03336830357142857,0.10114955265669576,0.07386644443027209,0.3109153611185552,False,56
2.0,24,-324.4547428571285,0.036127232142857145,0.13546042550454887,0.10967713249362246,0.3021185674344733,False,56
1.5,24,-370.7685142857064,0.043145337301587296,0.19213653665657923,0.2038045766250946,0.30881700492872377,False,56
1.0,24,-465.0785714285634,0.08836780753968254,0.696623171060057,1.3139228174248865,0.26317510928333065,False,56
0.5,24,-619.1471428571447,0.24683159722222223,0.18234075680205328,27.176760230654775,0.3372641106968417,False,56
0.1,24,-634.4744000000113,0.49856398809523816,0.021634238065517914,0.014724312641476445,0.6666530093129676,False,56
3.5,24,-242.54062857129304,0.03034375,0.07114538316395871,0.04445596740362812,0.28905943252481525,False,58
3.0,24,-265.5266857141664,0.03194890873015873,0.08237536968443203,0.05480022765495085,0.3179431841641007,False,58
2.5,24,-291.59422857139657,0.03318005952380952,0.10483202249342463,0.07221494438775512,0.3174132392852286,False,58
2.0,24,-324.43399999998627,0.03658978174603174,0.13725972643848966,0.10725618445294806,0.32024681151536216,False,58
1.5,24,-371.26251428573613,0.04266294642857143,0.19182686108337135,0.2016256309287605,0.29725226622573864,False,58
1.0,24,-464.9310857142622,0.08540749007936506,0.6716511993425532,1.2688649812570885,0.29097950768217773,False,58
0.5,24,-624.6349142857179,0.44549553571428574,0.08871629657490605,3.7003582310090515,0.6565330755845628,False,58
0.1,24,-634.4844000000102,0.4986101190476191,0.02132282938368411,0.014334319727833389,0.6666533734859229,False,58
3.5,24,-243.064228571285,0.030283482142857143,0.07219997252255768,0.042952627864836425,0.31384663067755314,False,57
3.0,24,-265.1270285712792,0.03209945436507936,0.08702224884795787,0.055000098911092254,0.32341686979254547,False,57
2.5,24,-292.32028571423893,0.03345510912698413,0.10313132061224072,0.07625279363662131,0.29947893018984917,False,57
2.0,24,-324.9136571428777,0.03638070436507936,0.13395878809384007,0.10750905312854314,0.3116080175453547,False,57
1.5,24,-370.91428571426815,0.04327405753968254,0.19870459561602336,0.205720985426115,0.30327318463690733,False,57
1.0,24,-465.60085714285805,0.09016294642857142,0.7361263082483573,1.5421746963931415,0.24670766207782335,False,57
0.5,24,-624.8561142857144,0.4550260416666667,0.07191432371877858,0.2946655877975566,0.6650860830149502,False,57
0.1,24,-634.4821142857255,0.4985957341269841,0.022103192168287926,0.01507006661045196,0.6666526953462504,False,57
3.5,24,-242.65714285698795,0.03028670634920635,0.06643888935166536,0.043605224975704536,0.3105062305355223,False,59
3.0,24,-264.8291999998769,0.03179166666666667,0.08408981347884037,0.05524343518518511,0.305354222684153,False,59
2.5,24,-291.9905142856965,0.03358978174603175,0.10274358135511849,0.07353826026077094,0.31449345218906044,False,59
2.0,24,-324.7597714285573,0.03649603174603175,0.13303886108844332,0.10757399546485255,0.32124791817999176,False,59
1.5,24,-371.53159999998786,0.04308531746031746,0.19600173391533904,0.20203768896447463,0.3144608218460455,False,59
1.0,24,-465.99622857144686,0.09065848214285714,0.7273577530839046,1.4066077372094665,0.26965674396566996,False,59
0.5,24,-624.668342857143,0.45454960317460325,0.07795867537546049,0.28017095124709,0.6651503880596634,False,59
0.1,24,-634.486000000011,0.4986178075396826,0.021600892857046947,0.014434761550372599,0.6666532806441428,False,59
3.5,24,-243.17685714273588,0.03053621031746032,0.0682003873270448,0.04388865723194036,0.307780545754367,False,60
3.0,24,-265.19142857129947,0.031693204365079365,0.08308000346436036,0.05447857179469014,0.32046425622484465,False,60
2.5,24,-292.55034285711173,0.03333928571428572,0.10178805155464539,0.07084189659863944,0.32898331133878744,False,60
2.0,24,-325.33325714285996,0.036495039682539684,0.1322906260997835,0.11077838180272102,0.30092740240140436,False,60
1.5,24,-370.9087428571589,0.04291840277777778,0.20080651950364106,0.19603407953042307,0.3238197326882509,False,60
1.0,24,-466.8742285714351,0.08876760912698413,0.7197657913775402,1.3399832440121884,0.30120515670018144,False,60
0.5,24,-624.974857142859,0.45626959325396826,0.0699184671195528,0.2616139426728914,0.6652609999388532,False,60
0.1,24,-634.4858857142979,0.4986148313492063,0.021747160432520705,0.014675019487118135,0.666653059995485,False,60
3.5,24,-242.81417142845757,0.030168402777777777,0.06941926535055225,0.04307582886904762,0.3098866646620554,False,61
3.0,24,-264.95719999988887,0.03178397817460318,0.08303943499558843,0.055434093809051385,0.2982521957068025,False,61
2.5,24,-291.4974285714048,0.03349925595238096,0.09849581403627074,0.07418764511054414,0.30635827130261517,False,61
2.0,24,-325.1499999999945,0.03654885912698413,0.13753293278772893,0.10906100791879247,0.3041323428492402,False,61
1.5,24,-371.01439999999826,0.04217509920634921,0.19375899343914946,0.19645298327664382,0.3090016887293623,False,61
1.0,24,-465.9790857142879,0.09070262896825397,0.6909509072790266,1.3079290189554997,0.33700273971820016,False,61
0.5,24,-624.8258857142874,0.45553397817460317,0.07458502927369813,0.27840948348919525,0.6651719253295428,False,61
0.1,24,-634.4864000000116,0.4986183035714286,0.021489714284446862,0.014477380598023615,0.6666532433077782,False,61
3.5,24,-242.7280571427364,0.030721974206349208,0.06779373035263393,0.04355523525064787,0.31579360727188244,False,62
3.0,24,-265.27034285699824,0.03186780753968254,0.08259960546673836,0.05520226189295169,0.3132821732539669,False,62
2.5,24,-291.25062857138,0.033764880952380956,0.10478657687437387,0.07308070294784573,0.32376521872148245,False,62
2.0,24,-325.18199999996534,0.036782242063492065,0.1372293931051571,0.11070490299036281,0.31059815125773016,False,62
1.5,24,-370.8198285714379,0.042496279761904766,0.19462631038298656,0.20049943251606164,0.31047919512153666,False,62
1.0,24,-464.8769714285782,0.08779414682539681,0.6805515793139926,1.4166840916950127,0.2783097134360881,False,62
0.5,24,-625.0296571428597,0.4563462301587302,0.07311039997754658,0.2648540147391536,0.6652428006912459,False,62
0.1,24,-634.4902857142966,0.4986341765873017,0.020838775516393872,0.01417798717373131,0.6666535236220046,False,62
3.5,24,-241.89325714271277,0.030393353174603177,0.07205657761857936,0.04347319286524133,0.30824230921617857,False,63
3.0,24,-264.5990857141576,0.03165625,0.08370208096750031,0.05426609689153443,0.317618751034341,False,63
2.5,24,-291.7568571428509,0.03300793650793651,0.10090030836735321,0.07289790612244902,0.29656391643282354,False,63
2.0,24,-325.5158857142899,0.03673164682539683,0.1313824648752744,0.11130437918083894,0.30925856565819365,False,63
1.5,24,-371.41240000000954,0.04254290674603175,0.198657482768963,0.20444607216080848,0.2914321964442089,False,63
1.0,24,-466.8038285714243,0.0902842261904762,0.6956983475680418,1.594286682397959,0.156592026518807,False,63
0.5,24,-623.0366857142875,0.37677703373015875,0.15657192371913375,25.469569003330495,0.5845575790918258,False,63
0.1,24,-634.485714285726,0.4986143353174603,0.021153061233134287,0.014304999645951,0.6666534017914845,False,63
3.5,24,-242.76377142844007,0.030375,0.07102802908232407,0.04264894331065759,0.3238023749960094,False,64
3.0,24,-264.8142857141374,0.03210689484126984,0.08059418461828691,0.05627477767148524,0.31401540757474733,False,64
2.5,24,-292.3027999999264,0.033196676587301584,0.10340862004444513,0.07117659012188217,0.3083776331358452,False,64
2.0,24,-325.08640000001134,0.03650520833333333,0.12649447825396642,0.10722220944940479,0.309638598476375,False,64
1.5,24,-370.7389714285859,0.04346205357142857,0.19738548595615826,0.2064809589710884,0.31074700085654927,False,64
1.0,24,-466.4162285714188,0.09077430555555556,0.686457320544226,1.400845592261904,0.3103343064519911,False,64
0.5,24,-624.828,0.4554159226190476,0.07441392063507617,0.2880377572987598,0.6651236177032591,False,64
0.1,24,-634.4855428571543,0.49861309523809527,0.02125736452095831,0.014694421768659538,0.6666530556820234,False,64
3.5,24,-243.13537142840707,0.030742559523809523,0.06858026000232123,0.0432407868075802,0.3150877955310115,False,65
3.0,24,-264.90691428559165,0.03125744047619048,0.0820027465098334,0.05412350127551019,0.3001754169977633,False,65
2.5,24,-291.89914285711944,0.034001984126984124,0.10036741566893195,0.07614952925170074,0.3104064764407516,False,65
2.0,24,-324.57845714286435,0.03600496031746032,0.13666567158589438,0.10384482029478459,0.3162439135625611,False,65
1.5,24,-370.92274285713864,0.04253273809523809,0.19739945098514494,0.20107043499622093,0.30736184234659025,False,65
1.0,24,-466.13211428571014,0.0909734623015873,0.6979484277551111,1.4552720725269275,0.23612359092245405,False,65
0.5,24,-617.3924000000009,0.13891617063492062,0.09341642428585652,8.408555690192744,0.2598288437716958,False,65
0.1,24,-627.3078285714381,0.02901488095238096,0.019667931378030006,0.07934943877550837,0.6395620532150537,False,65
3.5,24,-243.0445142855865,0.030053819444444442,0.06873060352584734,0.042829503472222294,0.3164260151923266,False,66
3.0,24,-265.40485714273626,0.031477926587301586,0.08568152984064538,0.054622879334372626,0.3041420350138512,False,66
2.5,24,-290.96582857140686,0.0330687003968254,0.1027969835791373,0.07204396415816326,0.30180796879141414,False,66
2.0,24,-324.600685714254,0.03655084325396825,0.13277573392289493,0.1097796533269558,0.3104954825340155,False,66
1.5,24,-371.179028571416,0.043062003968253965,0.19365787934239725,0.1986644020219199,0.32140959249919143,False,66
1.0,24,-466.66811428571674,0.08887549603174602,0.6866875007709091,1.3951114046201822,0.2596559003046297,False,66
0.5,24,-624.9248571428574,0.4558519345238095,0.07426142346957931,0.280774303784046,0.6651678839534475,False,66
0.1,24,-634.4920000000104,0.4986396329365079,0.021030555550775407,0.014412476970111499,0.6666533068035897,False,66
3.5,24,-242.7579428570133,0.03081746031746032,0.0702917480235007,0.04427816715257528,0.30996575275524296,False,67
3.0,24,-265.4296571427324,0.03162624007936508,0.0823005093468257,0.05621099904336736,0.3150726110541767,False,67
2.5,24,-291.46582857142744,0.033588045634920634,0.10206273278548098,0.07439538932823127,0.3033439354668883,False,67
2.0,24,-325.06811428566823,0.03611210317460318,0.1280318553514677,0.10792430527210876,0.3172861828883029,False,67
1.5,24,-370.9345714285885,0.04300992063492064,0.19542421006551677,0.20194205744520022,0.3113258627426121,False,67
1.0,24,-465.58325714285377,0.08883085317460317,0.7211484418991555,1.5538268297902489,0.186970657925692,False,67
0.5,24,-624.8311428571434,0.45509201388888887,0.0753765980726813,0.2792803457341684,0.6651527715827481,False,67
0.1,24,-634.4832000000116,0.49860119047619056,0.022012507926976666,0.01494982993175853,0.6666528054256518,False,67
3.5,24,-242.1122857141566,0.03062748015873016,0.06914286814522018,0.04448979490605767,0.30628621521761323,False,68
3.0,24,-265.25571428555304,0.031964037698412696,0.0856626948696228,0.05531968488992817,0.3059035837419486,False,68
2.5,24,-292.0935999999807,0.03369642857142857,0.09925149655873813,0.07260934671201816,0.3168867152229752,False,68
2.0,24,-324.9879999999919,0.03648611111111111,0.13209194146826853,0.10905930158730162,0.31582607136500673,False,68
1.5,24,-370.67160000001985,0.0434422123015873,0.1980933635450016,0.20236233274281942,0.31444414119827735,False,68
1.0,24,-466.11274285714063,0.09025818452380953,0.6979564641213882,1.4311944713364506,0.2711308225065877,False,68
0.5,24,-624.7561714285708,0.4549771825396825,0.07309348550916184,0.28113527324265775,0.6651520793185516,False,68
0.1,24,-634.4870857142967,0.4986197916666667,0.021413505692180472,0.014620101686411147,0.6666531142276382,False,68
3.5,24,-242.58799999986852,0.03052876984126984,0.06964454065435187,0.04445563589245227,0.31226942938179003,False,69
3.0,24,-265.1041714284158,0.0315280257936508,0.08565160158164074,0.05356460646967112,0.3102028078384056,False,69
2.5,24,-291.10588571424773,0.033706597222222225,0.10078728561543054,0.07157216517857133,0.3314681714019957,False,69
2.0,24,-325.2077714285713,0.03658730158730159,0.1314452317233506,0.10905969387755085,0.31303221386347413,False,69
1.5,24,-371.350685714295,0.04276909722222222,0.19818937573948875,0.1981065517526454,0.31258940084270603,False,69
1.0,24,-465.8731999999946,0.09113963293650794,0.6855909355953271,1.3514578151573131,0.2951003512470566,False,69
0.5,24,-623.1959428571433,0.38777281746031744,0.14518893331033825,21.590504535147407,0.599289156517543,False,69
0.1,24,-634.4782857142977,0.49857762896825397,0.022523299291303065,0.015407729237590928,0.666652385349891,False,69
3.5,24,-243.52371428558277,0.03030580357142857,0.06800325363274828,0.04298586563613543,0.30290552757738887,False,70
3.0,24,-265.812228571291,0.031866319444444444,0.08223443323507205,0.05478214492394183,0.3167401363926595,False,70
2.5,24,-291.08725714280035,0.033104910714285715,0.10129492632291658,0.07432442685657589,0.30615255618460546,False,70
2.0,24,-325.3969714286068,0.036615575396825396,0.1283649761777244,0.1116635141014739,0.30802248596427617,False,70
1.5,24,-370.65359999997986,0.04313814484126984,0.19532684846559772,0.20371632915249438,0.30794198898102576,False,70
1.0,24,-465.4450285714327,0.08936383928571429,0.637366559274445,1.3533271603954076,0.2717545457509257,False,70
0.5,24,-624.9943428571427,0.45632862103174604,0.0722207301360969,0.2542229387046504,0.6652972781413437,False,70
0.1,24,-634.4794857142971,0.49858630952380956,0.022303922358130668,0.015001417233548864,0.6666527553216282,False,70
3.5,24,-244.00685714270833,0.030575892857142857,0.06950169077699189,0.04205786844023325,0.32941854606143606,False,71
3.0,24,-265.361942856995,0.03162326388888889,0.08301327440413664,0.05427442336309521,0.32094045681944916,False,71
2.5,24,-292.07268571426107,0.03316294642857143,0.10531013879002583,0.07403376744614518,0.29545664978833064,False,71
2.0,24,-325.1426857143216,0.03611780753968254,0.12924822702807937,0.10771896029974493,0.2999326503764742,False,71
1.5,24,-370.69085714286905,0.04320758928571428,0.19263236054423122,0.20146271804138324,0.3086173683016823,False,71
1.0,24,-466.56034285714316,0.0884233630952381,0.7293186982085698,1.4614951626629824,0.21503803951763156,False,71
0.5,24,-624.8346857142853,0.45527108134920635,0.07294989911638873,0.294026118976781,0.6651035423871658,False,71
0.1,24,-634.485657142868,0.49860912698412707,0.022246031181162425,0.015350175736745797,0.6666524422916895,False,71
3.5,24,-243.1462285712779,0.030278273809523807,0.06702278750474631,0.04360296481211534,0.2971979117318839,False,72
3.0,24,-265.58222857128186,0.031574900793650794,0.0808761780542822,0.053372258834089234,0.31971515218004554,False,72
2.5,24,-291.3961714285248,0.03351587301587302,0.10085884037279255,0.07394208480725611,0.30630887571931387,False,72
2.0,24,-325.0298857142766,0.036123015873015876,0.13620548536137753,0.10986419529478456,0.2926020560831527,False,72
1.5,24,-370.5216000000265,0.0428531746031746,0.19641723259258997,0.2020582800453516,0.3051751526691201,False,72
1.0,24,-465.1094285714146,0.08916369047619048,0.6428888932822096,1.2952920187074826,0.30489152056885427,False,72
0.5,24,-624.8058285714276,0.45510987103174605,0.07574738312824694,0.3028647244188818,0.6650454419221578,False,72
0.1,24,-634.4771428571532,0.4985687003968255,0.02207794785944214,0.015588349985389272,0.666652223487116,False,72
3.5,24,-243.4477142855604,0.030611607142857142,0.06717130675876748,0.043641546444768406,0.3059974710079645,False,73
3.0,24,-265.2633142855764,0.03186731150793651,0.0849820926782544,0.055379297512755096,0.30500703119208006,False,73
2.5,24,-292.1056571428447,0.03345684523809524,0.09715798476098522,0.07337592964852604,0.31468451662278596,False,73
2.0,24,-325.225485714296,0.03619965277777778,0.13272477761341228,0.1120686499255952,0.2862940534729663,False,73
1.5,24,-371.03302857142734,0.04259747023809524,0.1964613099420446,0.19808446690759626,0.3164751451523403,False,73
1.0,24,-465.26257142856497,0.08480282738095239,0.6839905440759948,1.2017911484906452,0.30540173107517343,False,73
0.5,24,-624.8482857142891,0.4556634424603175,0.07210809467061255,0.2661239919925613,0.6652347263934769,False,73
0.1,24,-634.4827428571537,0.4985987103174604,0.021216154194310846,0.014552685657491793,0.666653173070402,False,73
3.5,24,-243.23211428560668,0.030409474206349207,0.066359393843305,0.04290109409418527,0.3119904336921865,False,74
3.0,24,-265.4405142855726,0.03140327380952381,0.07988038883786992,0.05435709651360543,0.3046826387693762,False,74
2.5,24,-291.2643999999938,0.033214533730158737,0.10325763525714138,0.07166605384070282,0.31127723731205226,False,74
2.0,24,-325.14480000001123,0.03615203373015873,0.1330167132142732,0.10881511789611675,0.30632393357556364,False,74
1.5,24,-370.6330285714306,0.04265277777777777,0.20343429054170242,0.2027853227513228,0.29862293103307935,False,74
1.0,24,-466.12737142856474,0.08449627976190477,0.6572450485204071,1.1625605257582183,0.3135846548148059,False,74
0.5,24,-624.8847428571405,0.45593353174603174,0.07169758981843996,0.27533581519273653,0.6651955006265906,False,74
0.1,24,-634.4860571428687,0.4986192956349207,0.021055535146135496,0.014170745110462235,0.6666535264069549,False,74
3.5,24,-242.8147999998661,0.030690228174603176,0.06991878010041522,0.044544308298914814,0.3039981727314296,False,75
3.0,24,-264.4321142855752,0.03160168650793651,0.08434147654070555,0.05454834273431593,0.3135974561460414,False,75
2.5,24,-291.3637714285486,0.033322420634920635,0.10379108938231285,0.07423683764172331,0.31577797071569613,False,75
2.0,24,-325.13331428570154,0.036828869047619055,0.13281522266298554,0.11079825616496577,0.31562234155141944,False,75
1.5,24,-370.83148571426705,0.04308928571428571,0.1985229211363113,0.20515670597127741,0.3020100941668158,False,75
1.0,24,-465.0689142857168,0.09012797619047618,0.713905961247191,1.4528690187074855,0.27119985339801433,False,75
0.5,24,-624.860399999997,0.45552777777777775,0.0750856179357571,0.2976546666666806,0.6650748724986344,False,75
0.1,24,-634.4845714285831,0.498609623015873,0.02176621312375775,0.014614074546503986,0.6666531141813004,False,75
3.5,24,-242.78399999986402,0.030188244047619044,0.07123218270165325,0.04425402938735021,0.29953161239795645,False,76
3.0,24,-265.10474285700377,0.03151736111111111,0.08713538807697704,0.05430307440476195,0.3188053964674652,False,76
2.5,24,-291.9313714285154,0.03306473214285714,0.09826219011247708,0.07245184964569162,0.3051456836538954,False,76
2.0,24,-324.89411428571105,0.036370039682539684,0.13333535202807903,0.10782910402494321,0.31302108931596073,False,76
1.5,24,-371.01337142857057,0.04335416666666667,0.193772207719806,0.2103843439153437,0.29686509451548027,False,76
1.0,24,-466.10817142857985,0.08910912698412699,0.6788351221712219,1.4442371405895695,0.252219741723154,False,76
0.5,24,-624.8146857142874,0.45544295634920634,0.07502532768760123,0.28472904506800134,0.6651315664595627,False,76
0.1,24,-634.489200000011,0.49863169642857147,0.02110673411961114,0.014193491709146855,0.6666535076679604,False,76
3.5,24,-243.79239999985313,0.030305555555555554,0.0696584174700314,0.04312248072562359,0.3160370096037992,False,77
3.0,24,-264.93171428557673,0.03168625992063492,0.08221891532817596,0.054259175630668996,0.3235689100097796,False,77
2.5,24,-291.3209142856492,0.03342733134920635,0.1045517102439933,0.07517508728741498,0.2948920106143248,False,77
2.0,24,-325.22011428571346,0.036634176587301594,0.12805184820863108,0.10837465134282867,0.3166373556766071,False,77
1.5,24,-370.9920571428816,0.04260267857142857,0.1981970941773914,0.2006090070861678,0.30611002273172894,False,77
1.0,24,-465.5107428571415,0.09037375992063493,0.6766306131292671,1.4476467272888325,0.2794465936638405,False,77
0.5,24,-617.2695999999983,0.1290344742063492,0.09440096317444437,6.950039095167234,0.2253574135254447,False,77
0.1,24,-627.3243428571525,0.05049677579365079,0.017537995487752287,0.1781871425028389,0.648130657456671,False,77
3.5,24,-243.41297142843078,0.030712549603174603,0.06831433961359404,0.045090289024538384,0.30469451245480617,False,78
3.0,24,-265.994685714152,0.03174751984126984,0.08096971677438022,0.05604258744331066,0.31076193486127146,False,78
2.5,24,-292.3451999999603,0.033356894841269843,0.10032467058411486,0.07364362209467111,0.30473130448118213,False,78
2.0,24,-324.79457142857797,0.03690376984126984,0.13437380665391174,0.10818417630385482,0.3262752665101899,False,78
1.5,24,-370.6410285714414,0.043115575396825395,0.1866923166439566,0.20839524366969017,0.29054531135130746,False,78
1.0,24,-465.63988571429184,0.08640054563492064,0.7384921587076355,1.2284459435586739,0.2886419628957626,False,78
0.5,24,-624.8776571428592,0.4555059523809524,0.07175796188190968,0.2685933956915889,0.6652286828807255,False,78
0.1,24,-634.4712571428694,0.4985498511904763,0.022273237502506357,0.015116776856203273,0.666652645633089,False,78
3.5,24,-242.68068571412587,0.03047222222222222,0.06748409841084717,0.04217893083900228,0.3149709804465072,False,79
3.0,24,-264.68554285701885,0.03163144841269841,0.08527977890589176,0.05568585312736206,0.3003688593221855,False,79
2.5,24,-291.9243428570773,0.033963045634920634,0.10483529888798836,0.07438417345521543,0.32017642775885713,False,79
2.0,24,-324.56011428572356,0.03587351190476191,0.13212938888323655,0.10391315610827656,0.31896379766419714,False,79
1.5,24,-371.33891428571303,0.043252480158730164,0.19610890208868012,0.20254423573318198,0.3144362788464157,False,79
1.0,24,-466.0343999999986,0.08792410714285714,0.693681358254,1.323672190334466,0.2969798788350654,False,79
0.5,24,-623.0034285714291,0.37359399801587295,0.15753229931902346,25.985105118976804,0.5803026284093826,False,79
0.1,24,-634.4953142857248,0.49865649801587303,0.02108150568650065,0.014238630598093494,0.6666534667526369,False,79
3.5,24,-243.1875999998604,0.03074702380952381,0.06999395618075455,0.04450116634272758,0.31452516065120695,False,80
3.0,24,-265.42068571414325,0.03166121031746032,0.08273494391282221,0.05447613184996221,0.3151144487263833,False,80
2.5,24,-290.90582857138236,0.03372544642857143,0.10375221596009296,0.07245848411281176,0.32390366745085564,False,80
2.0,24,-325.2726285714244,0.036785962301587295,0.13022887125708849,0.10716216622378132,0.3277982746440605,False,80
1.5,24,-371.29628571428026,0.04289880952380953,0.19125794349963177,0.20515114739229007,0.2990862387427906,False,80
1.0,24,-466.625714285716,0.08719965277777778,0.7389675821995701,1.2526394585813494,0.30014577950806387,False,80
0.5,24,-624.9055999999997,0.45552728174603174,0.069645734604516,0.2788716981292616,0.6651700679207743,False,80
0.1,24,-634.4858857142967,0.49861309523809527,0.021239223921535686,0.0146299376418213,0.666653107374084,False,80
3.5,24,-243.11794285703309,0.030041170634920636,0.07148020542550809,0.04327283896177517,0.3019440105979373,False,81
3.0,24,-264.6034857141461,0.03169171626984127,0.08311293416414785,0.05584869896778155,0.30483045083395877,False,81
2.5,24,-291.003485714255,0.03340203373015873,0.10222611725986401,0.07584218638038544,0.29859356156114625,False,81
2.0,24,-324.5078857142802,0.036282242063492065,0.13675000773242296,0.11091939306972783,0.30274281275465253,False,81
1.5,24,-371.05942857143657,0.04311607142857143,0.202662953892623,0.2012111598639457,0.3105324739324197,False,81
1.0,24,-466.31194285714076,0.09159474206349207,0.712748958724559,1.4419613059807248,0.2925466280530904,False,81
0.5,24,-624.8690285714272,0.4554905753968254,0.07324437042997387,0.2881546595805027,0.6651359397761264,False,81
0.1,24,-634.4834857142968,0.49860267857142865,0.021611382665772297,0.014705939625567765,0.6666530314354275,False,81
3.5,24,-243.13639999987552,0.03017410714285714,0.07103392948817668,0.04234549882572081,0.31396744034860735,False,83
3.0,24,-265.4832571427609,0.03154166666666667,0.08489803675423518,0.05486825661375655,0.3109412027601117,False,83
2.5,24,-291.85777142852766,0.033070188492063494,0.10329687608073679,0.07149073241213147,0.3148010306431752,False,83
2.0,24,-324.6826857142881,0.036136904761904766,0.13441748893281633,0.10964484807256225,0.3130924784182517,False,83
1.5,24,-371.0678285714042,0.04307614087301587,0.19496361055931674,0.2015299629393427,0.3147409853408716,False,83
1.0,24,-466.165828571417,0.09130133928571428,0.7183355918141388,1.461513848887472,0.2955475471918988,False,83
0.5,24,-624.9164571428568,0.4561049107142857,0.07463470648629784,0.2599573961875947,0.6652667670710529,False,83
0.1,24,-634.4827428571534,0.4985974702380953,0.021525678019113703,0.014807955994839972,0.6666529405331993,False,83
3.5,24,-242.71674285700794,0.030351190476190476,0.06974929619649353,0.04344683981211533,0.3028718006941239,False,82
3.0,24,-264.92702857129467,0.0318172123015873,0.08200714743700835,0.05482951425500755,0.3192557936470811,False,82
2.5,24,-292.0006857142736,0.03372371031746032,0.10426777129795987,0.07491472964852607,0.32292332728503814,False,82
2.0,24,-325.08737142859957,0.036381448412698414,0.13075065498724647,0.10918306937358276,0.31170702453179444,False,82
1.5,24,-371.31405714285205,0.04336979166666667,0.20513147892166603,0.20495510466269828,0.3163272214746069,False,82
1.0,24,-466.86617142857875,0.08941319444444444,0.6937779537188867,1.2784880882936511,0.32089707520169153,False,82
0.5,24,-624.9825142857179,0.45549280753968246,0.0732239084803344,0.291025920564163,0.6651073270872047,False,82
0.1,24,-634.4817142857255,0.49859275793650804,0.022380442149167512,0.01540877409251351,0.666652386828367,False,82
3.5,24,-244.2194285712822,0.030678323412698418,0.06719929862556827,0.043563208363702546,0.3077362591024563,False,84
3.0,24,-264.9386285712909,0.03179811507936508,0.08325430872009522,0.056185703656462554,0.30340306607439327,False,84
2.5,24,-291.7629142856643,0.033287450396825395,0.1073497766884288,0.07211350304705212,0.31483272821771635,False,84
2.0,24,-324.78520000002777,0.03623412698412699,0.13453086723215316,0.10924593934240356,0.31262511500947965,False,84
1.5,24,-370.6810285714204,0.04293204365079365,0.1930289727286346,0.20380975047241126,0.3018830116023047,False,84
1.0,24,-466.41857142858964,0.09056696428571429,0.6790280916949692,1.4550763337585038,0.2783494105452675,False,84
0.5,24,-624.930342857144,0.45582167658730155,0.07292598727912668,0.28029073632376367,0.6651686791519438,False,84
0.1,24,-634.4910285714398,0.49863616071428574,0.02158126473861759,0.014655611890788123,0.6666530819121155,False,84
3.5,24,-243.04485714271812,0.030299851190476186,0.06882283112360675,0.0438177684544056,0.2937890002208978,False,85
3.0,24,-265.578057142737,0.03167385912698413,0.08254148560342435,0.05518714945908912,0.3052902191039205,False,85
2.5,24,-291.33748571426656,0.03344543650793651,0.10433796205352135,0.0739825410430839,0.3135775496580062,False,85
2.0,24,-324.7512571428637,0.03628571428571429,0.13703983190333702,0.10728804535147385,0.3107742563355721,False,85
1.5,24,-370.8207428571259,0.04317212301587301,0.20011661685813675,0.205424015022676,0.31468727922885953,False,85
1.0,24,-464.20131428571113,0.08422767857142857,0.6665782509692993,1.1224757923752833,0.32776333834299454,False,85
0.5,24,-624.9222857142846,0.45514781746031746,0.06972091610077769,0.2877852653061339,0.665120674825707,False,85
0.1,24,-634.4788000000104,0.4985860615079365,0.021370384880962465,0.014345096017613912,0.6666533608063323,False,85
3.5,24,-243.77611428557023,0.03006448412698413,0.06937403640890838,0.04286564220926465,0.30196168707908033,False,86
3.0,24,-265.1956571426971,0.03163268849206349,0.08101504045351776,0.05474031735402492,0.3041913106385524,False,86
2.5,24,-291.2177142856839,0.033776041666666666,0.09858373505669281,0.07347776041666669,0.3204485549919023,False,86
2.0,24,-324.9070285714178,0.03608060515873016,0.12744567300313114,0.10417579845167224,0.31886984640356353,False,86
1.5,24,-370.94428571427727,0.04290625,0.19999795760897407,0.1990716646825395,0.319868761808075,False,86
1.0,24,-464.22211428571956,0.08714880952380953,0.6555816112868847,1.2549370941043079,0.3073117684924883,False,86
0.5,24,-624.9213142857168,0.456188244047619,0.07189763879958061,0.2603534438067747,0.6652610003143972,False,86
0.1,24,-634.4804000000113,0.49859201388888896,0.021262670644419907,0.014278157241811584,0.6666534210471099,False,86
3.5,24,-243.9415999998635,0.0302953869047619,0.06925772850015871,0.043365405318675145,0.29885670451930446,False,87
3.0,24,-265.2169142855639,0.03183705357142857,0.08322714939782196,0.056702762554327296,0.30511472191523914,False,87
2.5,24,-291.4507428571047,0.03339236111111111,0.10184920222766475,0.07078499087301593,0.3183285701609686,False,87
2.0,24,-325.0015428571241,0.036566716269841266,0.13145984023669322,0.11198012384849777,0.3010973515235075,False,87
1.5,24,-371.1711999999965,0.043132440476190484,0.19460983619045477,0.19984594434996192,0.3151726939910807,False,87
1.0,24,-464.73948571430003,0.08721304563492062,0.7103209836677201,1.4353852590348666,0.21473090092828884,False,87
0.5,24,-624.937657142858,0.4561478174603175,0.07058031108843149,0.2703695192743254,0.6652152836726986,False,87
0.1,24,-634.4829142857263,0.4986016865079365,0.021358049303267353,0.014422107426543818,0.6666532918937245,False,87
3.5,24,-242.99782857132038,0.030435019841269846,0.06976851245130002,0.04362722914642039,0.31157328643546633,False,88
3.0,24,-264.7301142856104,0.03144469246031746,0.08225091412887589,0.05301297684004157,0.319388246160045,False,88
2.5,24,-290.65914285711807,0.033428571428571426,0.10524754900225768,0.07337632290249443,0.30872355572933674,False,88
2.0,24,-325.02365714288317,0.036634424603174606,0.13403666185373847,0.10968576211734687,0.3149060399041721,False,88
1.5,24,-371.26577142856996,0.042850198412698416,0.20105315242878455,0.20425146485260745,0.31148563359698667,False,88
1.0,24,-464.3152571428608,0.0851512896825397,0.6588554292005837,1.203151895549885,0.3083280692846878,False,88
0.5,24,-624.8418285714295,0.45485019841269836,0.07633673868379749,0.3030068072562493,0.6650425125477105,False,88
0.1,24,-634.4795428571546,0.49858010912698414,0.022012662136856098,0.015304483772933253,0.6666524799173361,False,88
3.5,24,-243.43748571413263,0.030468005952380955,0.06806401206164235,0.04305773800413016,0.3224071699264395,False,89
3.0,24,-264.9873142855774,0.03165252976190476,0.08169372557065878,0.05533537498818972,0.3003890643613729,False,89
2.5,24,-291.3397142856916,0.03310763888888889,0.10016131426304734,0.07135969246031745,0.3118129880610946,False,89
2.0,24,-324.32622857141894,0.03630580357142857,0.13092221133646514,0.10523027875212587,0.32149441310858073,False,89
1.5,24,-370.77342857142247,0.043132440476190484,0.19323195962457293,0.1973657856198033,0.3178729844116349,False,89
1.0,24,-465.2311428571635,0.0913809523809524,0.6868764511053895,1.4765361145124691,0.278306634536007,False,89
0.5,24,-617.1204000000017,0.11748487103174604,0.09319488777812997,6.730688803784011,0.11801646352178985,False,89
0.1,24,-627.3339428571535,0.08626984126984127,0.01690117005637148,0.15228543083900092,0.6614658823604802,False,89
3.5,24,-243.02622857127184,0.030443700396825396,0.07021054714193915,0.04303324423995791,0.3199310166538668,False,90
3.0,24,-265.2307999998943,0.03192609126984127,0.08013499778218076,0.05777334802532125,0.2902773006553174,False,90
2.5,24,-291.69451428572654,0.033366071428571425,0.10047090275193316,0.07516217369614517,0.2964879689540293,False,90
2.0,24,-324.7506857142884,0.03623561507936508,0.13619718853598467,0.1059487598497732,0.324108458145431,False,90
1.5,24,-370.4982857143036,0.04320262896825397,0.19058457445200117,0.2110115681925547,0.30456393847169694,False,90
1.0,24,-467.147485714296,0.0932919146825397,0.7475032677948548,1.4881839424248837,0.280061170844883,False,90
0.5,24,-624.9170285714292,0.45618576388888893,0.07125758947869246,0.25460804414680993,0.6652956474885982,False,90
0.1,24,-634.4790857142971,0.49858655753968256,0.021874458070669782,0.014655753613901368,0.6666530725940281,False,90
3.5,24,-243.13988571415672,0.03053298611111111,0.06923613832014944,0.04454499837018142,0.3096965303665604,False,91
3.0,24,-264.5677714284395,0.031229662698412698,0.0821919601310072,0.051227268471277405,0.32910045330939086,False,91
2.5,24,-291.8895428570936,0.0334469246031746,0.10025081406893958,0.07229293985260772,0.3247859020084992,False,91
2.0,24,-324.82942857144576,0.03657390873015873,0.13020891974912907,0.10806187719671206,0.3147758202085881,False,91
1.5,24,-371.2723428571712,0.04306274801587301,0.20625564435377547,0.20057712960600918,0.3137355189944028,False,91
1.0,24,-464.70228571429703,0.08959672619047619,0.6888026298186358,1.294531444302721,0.3123700220026461,False,91
0.5,24,-621.9964571428553,0.34415376984126983,0.17566784934186014,28.655817149659875,0.5451684498399474,False,91
0.1,24,-634.485200000012,0.49861309523809527,0.020958003965966372,0.01423807256223597,0.66665346689468,False,91
3.5,24,-244.079599999861,0.030213789682539682,0.0679170061321614,0.043164705984774863,0.3103694310632872,False,92
3.0,24,-264.48885714273143,0.03205828373015873,0.08261066828859323,0.05494392383550639,0.3234532934315789,False,92
2.5,24,-291.3825142856931,0.03343650793650794,0.0982239785614446,0.07328679342403627,0.31587716957279044,False,92
2.0,24,-324.97039999999225,0.036290922619047615,0.13677735781746808,0.10557290559452964,0.32086559089076316,False,92
1.5,24,-370.7700571428856,0.04242956349206349,0.19249599250188,0.19572062131519277,0.31684371017156165,False,92
1.0,24,-466.45794285714584,0.09292435515873015,0.7361735363038961,1.5038640433319164,0.25396326907444655,False,92
0.5,24,-617.3677714285728,0.16934399801587302,0.11512040598568597,14.116693238024368,0.19270069245434895,False,92
0.1,24,-634.4877714285823,0.49862475198412703,0.0208926893618708,0.01414823377254848,0.6666535480785016,False,92
3.5,24,-242.01822857127758,0.030334077380952378,0.06780356482900751,0.043931595713880826,0.30338281108848986,False,93
3.0,24,-265.02839999988635,0.03162003968253968,0.0795458320679071,0.05461226776266062,0.31840503151049404,False,93
2.5,24,-291.61777142851076,0.03344394841269841,0.0999423694140488,0.07361241899092974,0.3007859785895901,False,93
2.0,24,-325.1590857142977,0.03662599206349206,0.1303684599546576,0.1083954263038549,0.314294988976748,False,93
1.5,24,-371.0348571428707,0.04334375,0.1912895739480945,0.1987701567460317,0.3132478574755335,False,93
1.0,24,-465.21011428570387,0.08528298611111111,0.705613830334591,1.3412983871527768,0.25927416797487834,False,93
0.5,24,-624.9540000000019,0.4562824900793651,0.07156244841341201,0.26794689902207836,0.6652340884218133,False,93
0.1,24,-634.4848000000109,0.4986054067460318,0.022045206343237717,0.015218562570620264,0.6666525657884548,False,93
3.5,24,-243.96759999987285,0.030078373015873017,0.07069319427599363,0.04179251522513768,0.31108305125991387,False,94
3.0,24,-264.9007999998601,0.03180828373015873,0.08588482130510974,0.05565303759212012,0.3056203035359538,False,94
2.5,24,-291.26948571425737,0.033625248015873015,0.10021738897416071,0.07581411665249434,0.30068621441972865,False,94
2.0,24,-325.12994285713546,0.03644940476190476,0.129371461060095,0.11001634608843547,0.3023850946260357,False,94
1.5,24,-371.0497714285732,0.0429203869047619,0.187936501282416,0.20573355950018896,0.29363314034916166,False,94
1.0,24,-466.078685714291,0.09025347222222224,0.6734342906518881,1.40541335019841,0.3157811012413603,False,94
0.5,24,-624.7538857142843,0.45561309523809523,0.07650856578240767,0.2630955907029495,0.6652455429723421,False,94
0.1,24,-634.4817142857247,0.49859647817460323,0.021793140583920623,0.014930810303166453,0.6666528293229967,False,94
3.5,24,-243.41548571413168,0.030363839285714286,0.06696468256699654,0.04228622723315513,0.3221157595917512,False,95
3.0,24,-265.0754285713197,0.03195138888888889,0.08038605416982417,0.05327062566137564,0.32841718641911677,False,95
2.5,24,-291.29834285709376,0.033303571428571425,0.10552272939592108,0.07136249433106581,0.3156199065972475,False,95
2.0,24,-325.5192571428419,0.03682713293650793,0.1356207319033476,0.11058744031675172,0.3155819458287741,False,95
1.5,24,-370.8961142857026,0.042902529761904756,0.19895893896698258,0.20431511505574476,0.31126186460925676,False,95
1.0,24,-464.77679999999145,0.08663541666666667,0.6577838274603588,1.2946455287698406,0.28583154432739877,False,95
0.5,24,-624.9697142857153,0.4560793650793651,0.07389045578181846,0.2781890770975295,0.6651810993701736,False,95
0.1,24,-634.4860000000117,0.49861607142857145,0.02102946430871573,0.014131802720989128,0.6666535581321942,False,95
3.5,24,-243.25177142843052,0.030461805555555554,0.06974968169003727,0.044327039965986394,0.2997967128892274,False,96
3.0,24,-264.3685142856092,0.03132986111111111,0.08033661211828547,0.05486699636243396,0.2993165733234885,False,96
2.5,24,-291.99028571425146,0.03321155753968254,0.10182153569160113,0.07329711903344677,0.2999971362602427,False,96
2.0,24,-324.924228571437,0.03661160714285714,0.1324162184297077,0.10768123008786856,0.331667429734668,False,96
1.5,24,-371.5295428571344,0.04281398809523809,0.19311325953894096,0.1998715070861678,0.3216824684743774,False,96
1.0,24,-465.22811428573357,0.08306175595238097,0.6642113261677373,1.3621293925382634,0.15282570582518507,False,96
0.5,24,-624.7397714285748,0.455610119047619,0.07429353931972098,0.25512454648527694,0.6652935205356516,False,96
0.1,24,-634.4886285714399,0.4986294642857143,0.02140215363195036,0.014374051870689186,0.6666533404775274,False,96
3.5,24,-243.55182857129742,0.030752480158730156,0.0712644816284845,0.04428692869290578,0.3046089220179642,False,97
3.0,24,-264.8667428570194,0.03164409722222222,0.08347567509196308,0.05657261053240735,0.30707676133120443,False,97
2.5,24,-290.99125714285077,0.03320560515873016,0.10335740098956901,0.07282649907879817,0.31046158315468364,False,97
2.0,24,-325.1114857142822,0.03596651785714286,0.13107063718677459,0.10569955908092396,0.30170972955308506,False,97
1.5,24,-371.0645142857016,0.04312896825396825,0.1940959419475859,0.20953569501133787,0.291071125092109,False,97
1.0,24,-465.7885142857206,0.09216369047619047,0.6841670725565968,1.5171388599773237,0.25448616918326783,False,97
0.5,24,-624.4240000000011,0.4448675595238095,0.10127123809514968,2.335687610827666,0.6569990490516937,False,97
0.1,24,-634.4921142857249,0.4986450892857143,0.021003092954035508,0.014096028557037954,0.6666535987742768,False,97
3.5,24,-243.20279999986465,0.030418154761904764,0.06680697329770459,0.04411670598477485,0.3084381054151488,False,98
3.0,24,-264.15874285702324,0.03188839285714286,0.08464348117662285,0.05494109651360542,0.3177816246259656,False,98
2.5,24,-291.31377142858724,0.03288194444444444,0.10388999811246726,0.07187210317460319,0.3063845941211285,False,98
2.0,24,-324.9366285713916,0.03605381944444445,0.13368625300312134,0.10735577591765869,0.30967174469080483,False,98
1.5,24,-370.56857142858127,0.043647569444444444,0.19902322373392378,0.2163101575727515,0.2916115332014,False,98
1.0,24,-466.32839999998976,0.09172792658730158,0.7220354251189747,1.6416689197491499,0.23095784340917902,False,98
0.5,24,-624.8254285714304,0.45557217261904764,0.07834804931957882,0.2811104953939889,0.6651518609074952,False,98
0.1,24,-634.482400000011,0.4985997023809524,0.021472015901559234,0.014449647108918384,0.6666532631241052,False,98
3.5,24,-243.4661714284383,0.03032762896825397,0.06960778890092334,0.043613743511094934,0.3117931556360387,False,99
3.0,24,-265.3716571427342,0.031482390873015874,0.08216512722599502,0.054539151443216166,0.3081645469137929,False,99
2.5,24,-290.94091428569175,0.03353373015873016,0.10574871913287401,0.07492177913832197,0.3119813133709094,False,99
2.0,24,-325.20114285713487,0.03648487103174603,0.13129640816326096,0.11013558586663824,0.30742323049382114,False,99
1.5,24,-371.1000571428838,0.04327281746031746,0.2001243033484548,0.20889232388510942,0.29546898746773165,False,99
1.0,24,-465.67331428570134,0.08723462301587301,0.6768007874772795,1.3427228280895704,0.28241363277459464,False,99
0.5,24,-619.5202857142842,0.23803670634920637,0.1866611105437591,33.81044970975055,0.295201608250535,False,99
0.1,24,-634.4835428571533,0.4986073908730159,0.021581947849982592,0.014461725836056871,0.6666532555398517,False,99
3.5,24,-252.40617142838693,0.03135168650793651,0.07188848180663325,0.045635911686102995,0.31341447863276906,True,0
3.0,24,-274.2833142856096,0.03251661706349206,0.08516388147896342,0.056863184417516976,0.33066778680586584,True,0
2.5,24,-302.0163428570778,0.03458829365079365,0.09907492263400652,0.07565241496598649,0.33321304052771994,True,0
2.0,24,-335.1884571428582,0.03815947420634921,0.12899466439342985,0.12355855156958613,0.30104334011876,True,0
1.5,24,-381.9100571428499,0.046422619047619046,0.20161746163770053,0.23303021126228268,0.31580058816262946,True,0
1.0,24,-509.54674285713975,0.18595758928571432,2.812192853605211,7.336724668331907,0.2677329759187078,True,0
0.5,24,-690.9491428571447,0.49989335317460315,0.008763625852831561,0.0003053500567276046,0.6666652610323913,True,0
0.1,24,-691.2000000000146,0.5,1.0105496686365867e-11,0.0,0.6666666666666667,True,0
3.5,24,-252.9062857141345,0.03159548611111111,0.07163535397288562,0.0470101894132653,0.309348628373181,True,1
3.0,24,-274.45268571418046,0.0324625496031746,0.08756907654068202,0.05879963481434239,0.2859816648573683,True,1
2.5,24,-301.43657142855744,0.03451314484126984,0.105829838004534,0.07833447209467115,0.31255935622113307,True,1
2.0,24,-335.8664000000272,0.03822619047619048,0.13105626099208065,0.1214620113378683,0.30546527672592105,True,1
1.5,24,-381.159542857135,0.046123263888888884,0.20497792576468693,0.2372689446097886,0.30458802870903867,True,1
1.0,24,-512.5677714285473,0.19519518849206347,3.1860114507029116,8.530137410395417,0.2920059980716,True,1
0.5,24,-690.928799999999,0.49987921626984133,0.0099508273019132,0.00043408666376620886,0.6666646791933779,True,1
0.1,24,-691.2000000000152,0.5,-5.0527483431829335e-11,0.0,0.6666666666666667,True,1
3.5,24,-253.4260571426968,0.031378968253968256,0.07111047714565376,0.04735128765792028,0.2894271156159036,True,2
3.0,24,-274.5466285713113,0.03308655753968254,0.08338546462837931,0.05989331744850723,0.3082705556391212,True,2
2.5,24,-302.4535999999967,0.03451934523809524,0.10395148132063493,0.07621492171201816,0.32137858326863,True,2
2.0,24,-334.81474285712665,0.03805034722222222,0.13534125486961557,0.11784235825892862,0.31836180630724165,True,2
1.5,24,-382.2941714285983,0.046167658730158725,0.1998550619703082,0.23554067687074826,0.3057245218999941,True,2
1.0,24,-501.0070857142793,0.15625173611111112,2.364621738231108,6.144135662946427,0.14108948498580598,True,2
0.5,24,-690.9478857142864,0.4998923611111112,0.00866463165342187,0.00030312103163510074,0.6666652708564934,True,2
0.1,24,-691.2000000000146,0.5,-3.03164900590976e-11,0.0,0.6666666666666667,True,2
3.5,24,-254.01851428553704,0.031106150793650793,0.06907866862140649,0.04570379413670232,0.30658214067065526,True,4
3.0,24,-275.34251428560145,0.03307638888888889,0.08306897453010685,0.06056275396825392,0.31197875981129086,True,4
2.5,24,-302.51839999999004,0.0347485119047619,0.10233764246349489,0.08039626933106576,0.3078369579434944,True,4
2.0,24,-335.47462857144313,0.038057787698412705,0.13396651128684628,0.12265074757298741,0.2949875661379727,True,4
1.5,24,-381.71965714286773,0.04646329365079365,0.20474754135549444,0.23669979213907794,0.30603145008385857,True,4
1.0,24,-512.4774857142739,0.20012772817460317,3.0303686239455296,7.8955116842049335,0.32862529162222964,True,4
0.5,24,-690.9331428571447,0.4998824404761905,0.009468006804430237,0.00038090447839067565,0.6666649160808191,True,4
0.1,24,-691.2000000000146,0.5,1.0105496686365867e-11,0.0,0.6666666666666667,True,4
3.5,24,-252.7766857141255,0.031503720238095244,0.06931312024433328,0.045685621871963,0.3243651646424158,True,3
3.0,24,-274.7877714284592,0.03259895833333333,0.08349080007809913,0.05669468394510584,0.32115776535702234,True,3
2.5,24,-302.0057142856729,0.03483209325396825,0.10016776235826708,0.08049652424886623,0.3034266048166281,True,3
2.0,24,-335.7747428571396,0.03804489087301587,0.13657992153625603,0.12289869244260199,0.3030694305632834,True,3
1.5,24,-382.0167999999847,0.0465860615079365,0.1988796411287582,0.23807591116307641,0.3131887987898856,True,3
1.0,24,-512.4700571428374,0.19831770833333334,2.8919286220178844,7.909181912946425,0.3258624834241509,True,3
0.5,24,-690.920457142859,0.49987648809523816,0.010108760455396906,0.00040504506795002726,0.6666648053141717,True,3
0.1,24,-691.2000000000152,0.5,-5.0527483431829335e-11,0.0,0.6666666666666667,True,3
3.5,24,-252.8692571426759,0.03134970238095238,0.06984408860012649,0.045815399214447675,0.3218321320031604,True,5
3.0,24,-275.1425142856304,0.03280282738095238,0.08747038546485267,0.05872362621645881,0.3160607054145018,True,5
2.5,24,-301.99291428571325,0.034571924603174604,0.1060515924027277,0.079822573185941,0.30629711190507924,True,5
2.0,24,-335.1980571428523,0.038084573412698414,0.13420083169499877,0.11926326443806684,0.31616902944551895,True,5
1.5,24,-382.3573714285864,0.04556026785714286,0.196015599606934,0.22807483935657596,0.3087557377307041,True,5
1.0,24,-504.367199999976,0.165609375,2.3840549576189005,6.380388599454363,0.20103413951238758,True,5
0.5,24,-690.9450285714305,0.4998871527777778,0.008994252969488217,0.0003588417658377807,0.6666650166039803,True,5
0.1,24,-691.2000000000152,0.5,-5.0527483431829335e-11,0.0,0.6666666666666667,True,5
3.5,24,-253.22388571412867,0.03103497023809524,0.0696161679281726,0.04591210429826691,0.3062789515855162,True,6
3.0,24,-274.7775999998945,0.03268650793650794,0.08120614659612138,0.05969490192743761,0.31425220690229927,True,6
2.5,24,-301.75737142858014,0.034939732142857144,0.10049447935057186,0.07664157980442177,0.3337212077269496,True,6
2.0,24,-335.95645714284893,0.038476190476190476,0.13018326439340752,0.12457609665532882,0.3022864595228896,True,6
1.5,24,-381.74857142853955,0.04633358134920635,0.19499855883093264,0.2416098240504535,0.2975307848201537,True,6
1.0,24,-511.05622857142225,0.1962547123015873,2.940063161813972,7.706930612209465,0.30917884910971705,True,6
0.5,24,-683.2911999999976,0.3811465773809524,0.6302165257176158,29.674711586663765,0.5484025344696752,True,6
0.1,24,-691.2000000000152,0.5,-5.0527483431829335e-11,0.0,0.6666666666666667,True,6
3.5,24,-252.38879999982518,0.031166170634920633,0.07121379498542156,0.046197964812115314,0.30072141856650925,True,7
3.0,24,-275.3702857141794,0.03264955357142857,0.08233003250189473,0.059836304220993966,0.30312678928425685,True,7
2.5,24,-302.25622857140246,0.03490203373015873,0.10145874081087337,0.08191645939625847,0.3087306065509109,True,7
2.0,24,-336.20525714283804,0.038367559523809526,0.13321219038549417,0.12171954357993194,0.3191777201794451,True,7
1.5,24,-382.2067428571404,0.046749007936507936,0.2067318873167231,0.23366619274376443,0.3158087701693434,True,7
1.0,24,-516.491657142839,0.20539112103174603,3.241207637097432,8.58120897927296,0.3277024033708513,True,7
0.5,24,-690.9441142857149,0.49989087301587304,0.008811961812979361,0.0003106859410060281,0.6666652362991186,True,7
0.1,24,-691.2000000000152,0.5,-5.0527483431829335e-11,0.0,0.6666666666666667,True,7
3.5,24,-252.2201142855516,0.031150545634920635,0.06949006899717182,0.04541737729794301,0.30434768120639966,True,8
3.0,24,-275.1823999999248,0.03291542658730159,0.0844113688183398,0.05772299904336729,0.3240660338099961,True,8
2.5,24,-301.94502857140986,0.034780257936507936,0.10736667805532407,0.0815502160430839,0.3101085803697423,True,8
2.0,24,-336.3378285714051,0.038359375,0.13337022712019891,0.11971748821924605,0.3120942861435334,True,8
1.5,24,-381.85691428570874,0.046448412698412704,0.20234723603928692,0.2407204648526075,0.29697829314945157,True,8
1.0,24,-497.27668571426943,0.14717361111111113,2.046667250770952,5.53977978968254,0.13851069141318717,True,8
0.5,24,-690.9766857142934,0.49990500992063497,0.007835272925149184,0.0002678791808214953,0.6666654331776583,True,8
0.1,24,-691.2000000000146,0.5,1.0105496686365867e-11,0.0,0.6666666666666667,True,8
3.5,24,-251.90068571414042,0.031216765873015872,0.06986525584525555,0.04552490326368645,0.30988207627496256,True,9
3.0,24,-276.2053714284993,0.03279563492063492,0.0866553030763397,0.05579693613000755,0.3275811576069333,True,9
2.5,24,-301.9249142856819,0.034875496031746035,0.10337997043447508,0.07895986502267568,0.3181474645530816,True,9
2.0,24,-335.7606857143161,0.038085565476190485,0.1291941902721179,0.11762195789044756,0.3133290825415388,True,9
1.5,24,-382.3150857142797,0.04649776785714286,0.20368932175358764,0.2398023327428193,0.3127304409380183,True,9
1.0,24,-506.90057142855585,0.1827093253968254,2.8120078367346144,7.700413412131517,0.2607338269243009,True,9
0.5,24,-690.957714285717,0.49989384920634927,0.008808852605499042,0.00032531292510995513,0.6666651696992556,True,9
0.1,24,-691.2000000000146,0.5,1.0105496686365867e-11,0.0,0.6666666666666667,True,9
3.5,24,-253.4775999997972,0.03151413690476191,0.07065838855846375,0.04567495520529631,0.3108671112720047,True,10
3.0,24,-274.6556571427325,0.032875248015873014,0.08522987863694866,0.05848466070247546,0.3058767084923453,True,10
2.5,24,-301.45680000001965,0.03438144841269842,0.10493304667937385,0.07640201422902489,0.319580866725249,True,10
2.0,24,-335.3418285714369,0.03797519841269842,0.13601900747731102,0.12020589824263027,0.30832631043961656,True,10
1.5,24,-381.8934857142763,0.046503968253968256,0.20140472034263776,0.23694283786848053,0.31099301955780834,True,10
1.0,24,-504.3547428571221,0.16950049603174602,2.4228012059862625,6.51303311096939,0.21134150798931794,True,10
0.5,24,-690.946628571435,0.4998876488095238,0.008982123447721178,0.00034508156178958416,0.6666650788471756,True,10
0.1,24,-691.2000000000152,0.5,-5.0527483431829335e-11,0.0,0.6666666666666667,True,10
3.5,24,-253.2860571426813,0.031269593253968254,0.07135213474200354,0.04671160065395203,0.2981033818511606,True,11
3.0,24,-274.203428571327,0.03271800595238095,0.0847582605190242,0.05870437026407786,0.3045684103356947,True,11
2.5,24,-302.12274285713,0.03475099206349207,0.10474817060863037,0.07834207120181394,0.31873070171491913,True,11
2.0,24,-335.86685714286625,0.03855381944444444,0.1315375043934321,0.11720573623511907,0.32916951852142595,True,11
1.5,24,-382.7346285714414,0.04614136904761904,0.20220086486266536,0.235327717214664,0.30413375103143847,True,11
1.0,24,-503.588685714264,0.17096626984126984,2.342905492040801,6.463662737528347,0.23068062379503673,True,11
0.5,24,-681.3810285714306,0.35104315476190473,0.727774960906067,35.009106941893435,0.5061840718645425,True,11
0.1,24,-691.2000000000152,0.5,-5.0527483431829335e-11,0.0,0.6666666666666667,True,11
3.5,24,-253.30594285697597,0.031156746031746032,0.07082909282428808,0.045564895367670874,0.32074969689753285,True,12
3.0,24,-274.1402285713185,0.03249404761904762,0.08685310272361406,0.057321071239607,0.32183954119703717,True,12
2.5,24,-301.97291428569696,0.0349298115079365,0.10187550414875457,0.0791213213010205,0.309887644758434,True,12
2.0,24,-335.7843428571458,0.03757068452380952,0.13030263169501824,0.1179532981682258,0.3060904392242606,True,12
1.5,24,-382.3166857142925,0.04660763888888889,0.20177418552781473,0.23649669113756605,0.3129551966218542,True,12
1.0,24,-508.7588571428502,0.18422594246031745,2.936269759637172,7.831329315440756,0.24981145766417234,True,12
0.5,24,-690.9395428571543,0.4998849206349206,0.009212077911393458,0.0003607358277051276,0.6666650075254741,True,12
0.1,24,-691.2000000000146,0.5,1.0105496686365867e-11,0.0,0.6666666666666667,True,12
3.5,24,-251.94399999981593,0.03114583333333333,0.07158605377389492,0.04666119614512471,0.3053184450370158,True,13
3.0,24,-275.8140571427133,0.03238566468253968,0.08303056152934926,0.0588273544855443,0.3011427000281883,True,13
2.5,24,-301.91599999997686,0.03433655753968254,0.10544743682538764,0.07865967935090701,0.30534141468254683,True,13
2.0,24,-335.56354285717936,0.03805233134920635,0.13309989931406108,0.12253324601403048,0.2942360310447497,True,13
1.5,24,-381.6219428571632,0.045767113095238086,0.19316816463591144,0.2275096587065385,0.3120231234458929,True,13
1.0,24,-515.1499428571304,0.21039608134920634,3.4391721577323753,9.061452186472506,0.3412821300655404,True,13
0.5,24,-690.9320000000006,0.4998777281746032,0.010000904763728613,0.0004088684098810802,0.6666647863430886,True,13
0.1,24,-691.2000000000146,0.5,1.0105496686365867e-11,0.0,0.6666666666666667,True,13
3.5,24,-252.67714285696292,0.03135168650793651,0.07320663311583037,0.045648383341431786,0.3114322631594578,True,14
3.0,24,-274.1294857141922,0.03270014880952381,0.0857758486041814,0.05731159758834091,0.31741788960377415,True,14
2.5,24,-301.8594285714089,0.034562996031746035,0.10440304435373643,0.07890149994331061,0.31013650478029764,True,14
2.0,24,-335.94045714286295,0.03813467261904761,0.1323778659807494,0.1217778649199264,0.3032744025809777,True,14
1.5,24,-382.45199999999545,0.04612599206349206,0.19660764902996394,0.22733549697656857,0.3238456524820019,True,14
1.0,24,-506.22491428570163,0.1798769841269841,2.8405613826756357,7.663277930272111,0.2382160587159774,True,14
0.5,24,-690.9541714285705,0.4998938492063492,0.008759383128765168,0.0003114240362869225,0.6666652331128342,True,14
0.1,24,-691.2000000000152,0.5,-5.0527483431829335e-11,0.0,0.6666666666666667,True,14
3.5,24,-252.76399999982434,0.030911458333333336,0.0699022847424793,0.04556652671485261,0.303724635430058,True,15
3.0,24,-274.18834285704645,0.0324952876984127,0.08252592616779594,0.05869688396400222,0.2993639636998794,True,15
2.5,24,-302.15645714282846,0.03422371031746032,0.10182172095783042,0.07793659155328798,0.3108074496419707,True,15
2.0,24,-335.46880000000334,0.0379610615079365,0.12922125904761592,0.11962059805484705,0.3091265626609976,True,15
1.5,24,-381.2126857143044,0.04598412698412699,0.19802851780298591,0.22827460166288704,0.3268756425382746,True,15
1.0,24,-509.4542857142842,0.18030877976190476,2.7301163123582026,7.458953761869332,0.24893262328180044,True,15
0.5,24,-690.9630857142862,0.4998983134920635,0.008424822764128394,0.00031447704082410155,0.6666652209330501,True,15
0.1,24,-691.2000000000146,0.5,1.0105496686365867e-11,0.0,0.6666666666666667,True,15
3.5,24,-253.68022857125072,0.03125,0.06916031874867513,0.04634594671201814,0.305931345502619,True,16
3.0,24,-275.4215999998811,0.03239831349206349,0.0842730846031743,0.05761669855442174,0.3148097931212682,True,16
2.5,24,-301.88571428569355,0.035101686507936505,0.10597117823129439,0.07967932397959186,0.311925044742975,True,16
2.0,24,-335.9117714285881,0.038702380952380946,0.13371463727891195,0.11926522987528351,0.32827397180518814,True,16
1.5,24,-382.00137142858785,0.04624454365079365,0.1998868415822797,0.2291310996787605,0.32517482735666237,True,16
1.0,24,-512.5051428571346,0.18609375,2.5724611247163316,7.523075223214281,0.3005991731177967,True,16
0.5,24,-690.9489142857169,0.4998918650793651,0.008640924353029631,0.00031391043083317527,0.6666652220040172,True,16
0.1,24,-691.2000000000152,0.5,-5.0527483431829335e-11,0.0,0.6666666666666667,True,16
3.5,24,-252.78125714268975,0.031149801587301587,0.07033513647832204,0.04644350080984773,0.3002328258150546,True,17
3.0,24,-274.87314285703434,0.03321428571428572,0.084972442428821,0.06012194822373389,0.31498525385513076,True,17
2.5,24,-301.9337142857075,0.03497098214285714,0.10058310965985988,0.07911104012188211,0.31253757886491196,True,17
2.0,24,-335.95897142859496,0.038049603174603173,0.1338588328741505,0.11793592233560093,0.320675270131606,True,17
1.5,24,-381.39462857141524,0.04616567460317461,0.1990875262383472,0.23728033824640943,0.3051876015269277,True,17
1.0,24,-518.8006857142727,0.21409449404761907,2.818698094421658,7.894205660395395,0.3785016694809513,True,17
0.5,24,-690.9669714285737,0.4998955853174603,0.008320678366241433,0.00034309516722075273,0.6666650897842377,True,17
0.1,24,-691.2000000000146,0.5,1.0105496686365867e-11,0.0,0.6666666666666667,True,17
3.5,24,-252.77119999983614,0.03135838293650794,0.06790609560092026,0.04521128959143177,0.3273443360743393,True,18
3.0,24,-275.32239999991526,0.032820684523809526,0.08471462322752836,0.0591413231174414,0.3176799579435765,True,18
2.5,24,-301.7946285714318,0.034687251984126984,0.10232504595373434,0.07928652379535148,0.3073667214229685,True,18
2.0,24,-335.37337142860565,0.03793005952380952,0.13050064462018124,0.11857411500850347,0.3026507223608287,True,18
1.5,24,-381.6558857142835,0.046262648809523806,0.19711610863186374,0.24045670443594125,0.29895463450666815,True,18
1.0,24,-504.52137142856395,0.16909871031746032,2.274001409432862,6.603638193168938,0.24161383967356165,True,18
0.5,24,-690.9570285714314,0.4998968253968254,0.008618605353452343,0.0003022210884431331,0.6666652758055988,True,18
0.1,24,-691.2000000000146,0.5,1.0105496686365867e-11,0.0,0.6666666666666667,True,18
3.5,24,-252.4620571426653,0.030971974206349208,0.07204757860335412,0.044872128674684104,0.3085290833764718,True,19
3.0,24,-275.4661714284158,0.032602430555555555,0.08262208304107069,0.05725207614087299,0.3269008069925725,True,19
2.5,24,-301.8887999999912,0.035014384920634925,0.10388725721904646,0.08077259518140589,0.31559446162613025,True,19
2.0,24,-334.8850285714201,0.03793303571428572,0.13560305251700003,0.11999743275226743,0.30737697417336807,True,19
1.5,24,-381.6778285714187,0.04613244047619047,0.19429268066515862,0.24591359514361294,0.2912627136150705,True,19
1.0,24,-514.157142857131,0.19503323412698412,3.0780117318592803,8.727937716978456,0.2983540706771801,True,19
0.5,24,-690.9510857142845,0.49988913690476194,0.00884465451276305,0.00036133723066456014,0.6666650061003235,True,19
0.1,24,-691.2000000000146,0.5,1.0105496686365867e-11,0.0,0.6666666666666667,True,19
3.5,24,-253.62285714268987,0.03144543650793651,0.07147102411032648,0.04628240459993514,0.3151273186866823,True,20
3.0,24,-275.1037714284588,0.03252951388888889,0.08375828429327303,0.057561244791666674,0.31570542844095084,True,20
2.5,24,-301.1444571428395,0.03420287698412698,0.10590786686258474,0.07731642806122453,0.3174785769798514,True,20
2.0,24,-335.2315428571656,0.038318204365079364,0.13037115546483669,0.12110707197774939,0.3149694787935938,True,20
1.5,24,-381.6084571428373,0.047024553571428575,0.19835253740489456,0.24449752907690842,0.30923567651933215,True,20
1.0,24,-518.6210285714185,0.21068055555555557,3.521989152924915,9.645670801587302,0.33244132406984284,True,20
0.5,24,-690.954171428572,0.49989211309523807,0.008450811698922835,0.0003243888180470833,0.6666651739630324,True,20
0.1,24,-691.2000000000146,0.5,-3.03164900590976e-11,0.0,0.6666666666666667,True,20
3.5,24,-253.56834285698247,0.03133382936507936,0.06926585084178041,0.046524495424360233,0.31689315704594967,True,21
3.0,24,-274.6198857141839,0.03287053571428571,0.08732196075584678,0.05780133744331069,0.3187267226186027,True,21
2.5,24,-301.7875428570887,0.03480109126984127,0.10245095371973245,0.07783229699546487,0.31745528192592876,True,21
2.0,24,-335.60137142857025,0.03754439484126985,0.13737428489796835,0.11659742345167216,0.30823854161484665,True,21
1.5,24,-381.9900571428868,0.04627405753968254,0.2002839448828407,0.23837273410336324,0.2967250534466853,True,21
1.0,24,-504.80057142856424,0.16864905753968254,2.5304842851472436,6.987006482107425,0.1960525683451365,True,21
0.5,24,-690.9507428571419,0.49988839285714287,0.008850452516021,0.00035668225621066085,0.6666650261663878,True,21
0.1,24,-691.2000000000146,0.5,1.0105496686365867e-11,0.0,0.6666666666666667,True,21
3.5,24,-252.92639999982458,0.03129315476190476,0.06830006157434745,0.046005362447359935,0.31492354167887815,True,22
3.0,24,-275.01691428559235,0.03259250992063492,0.08789861324264144,0.05898571465183294,0.30252851975244577,True,22
2.5,24,-302.663085714308,0.0346202876984127,0.09906176433923165,0.0782179432964852,0.3142033533329316,True,22
2.0,24,-335.9648000000061,0.03807514880952381,0.1308812876190536,0.1195944876523525,0.3014907547202985,True,22
1.5,24,-380.949371428584,0.04557514880952381,0.19961008567397698,0.22148164491213163,0.3170234398032509,True,22
1.0,24,-513.6823999999788,0.1994407242063492,3.2024829741270273,8.335194585282027,0.29726307840397015,True,22
0.5,24,-690.9563428571419,0.4998940972222222,0.008651843628386915,0.00032289335314317213,0.666665181240924,True,22
0.1,24,-691.2000000000152,0.5,-5.0527483431829335e-11,0.0,0.6666666666666667,True,22
3.5,24,-252.6849142855389,0.03100347222222222,0.07088912388541825,0.04483197647392294,0.3204252172478045,True,23
3.0,24,-275.0660571427541,0.0325890376984127,0.0842760101184181,0.0602267549957483,0.2968787229298654,True,23
2.5,24,-302.0403428571099,0.03459573412698412,0.10469801139591356,0.07879175028344682,0.30699197287708946,True,23
2.0,24,-335.43977142856164,0.03783606150793651,0.1316874285487428,0.12054200281675163,0.3065830139574114,True,23
1.5,24,-382.0602285714027,0.04617237103174603,0.19798182182915489,0.23764921369520037,0.3040679843896019,True,23
1.0,24,-508.4549714285724,0.1808313492063492,2.7603347537188307,7.408057874716557,0.24398368736435738,True,23
0.5,24,-690.9644571428577,0.49989484126984124,0.00835313188427891,0.00032555442182058414,0.6666651686589503,True,23
0.1,24,-691.2000000000152,0.5,-5.0527483431829335e-11,0.0,0.6666666666666667,True,23
3.5,24,-253.16948571410464,0.030924355158730158,0.07160751300106645,0.04428307247125042,0.3187562211676165,True,24
3.0,24,-275.2581714284778,0.03243501984126984,0.08203044071302025,0.0580946324168556,0.29178756606896017,True,24
2.5,24,-302.3146285713844,0.034502232142857144,0.10162934055691343,0.08114013932823129,0.29731243902244764,True,24
2.0,24,-335.63885714285834,0.037896825396825394,0.13531680498867774,0.11838321995464851,0.30865497715873436,True,24
1.5,24,-381.710171428566,0.04694717261904762,0.19606767149406673,0.25448758312074815,0.28521330176782966,True,24
1.0,24,-518.5153142857125,0.21475124007936508,3.4903202475959714,9.118531528876135,0.355508592465022,True,24
0.5,24,-690.9278857142893,0.49988169642857144,0.00953848879685716,0.00037524596086413453,0.6666649422685256,True,24
0.1,24,-691.2000000000152,0.5,-5.0527483431829335e-11,0.0,0.6666666666666667,True,24
3.5,24,-253.2147428569712,0.03132986111111111,0.07174789274652554,0.04669098554421775,0.30637150569519456,True,25
3.0,24,-275.65142857136516,0.03255282738095238,0.08556333459309096,0.05821899790958049,0.3170018878112094,True,25
2.5,24,-301.33942857143654,0.0344156746031746,0.1072226380045322,0.07826446009070297,0.31425470662797717,True,25
2.0,24,-335.6422857142998,0.03831721230158731,0.1369249382086208,0.12126686463647948,0.30503549646562433,True,25
1.5,24,-382.3154285714279,0.04578968253968254,0.19863956059461885,0.24049477097505662,0.2753443793744924,True,25
1.0,24,-508.75188571426634,0.18743849206349206,2.791484076167914,7.445497820861679,0.2762651392101231,True,25
0.5,24,-690.943314285715,0.4998893849206349,0.009387526890754493,0.00034503146256881223,0.6666650802878394,True,25
0.1,24,-691.2000000000146,0.5,-3.03164900590976e-11,0.0,0.6666666666666667,True,25
3.5,24,-253.44617142838493,0.03132366071428572,0.07068920224719889,0.04601590126943632,0.3153045392701648,True,26
3.0,24,-274.73839999990196,0.03249479166666667,0.08731729271605981,0.05836362243716928,0.29943760260663554,True,26
2.5,24,-301.90182857139814,0.034518849206349206,0.09837598954739304,0.07748193877551023,0.30598870270382805,True,26
2.0,24,-336.3421714285591,0.03828199404761905,0.13195172315194112,0.12116210301516439,0.3036586248933443,True,26
1.5,24,-381.56731428572607,0.0463985615079365,0.19403106277654225,0.22714348920540467,0.32515350690859013,True,26
1.0,24,-509.90354285714614,0.18657614087301588,2.6980041647166217,7.361712988059806,0.27905278883566,True,26
0.5,24,-690.9420571428577,0.49988839285714287,0.0088109706096778,0.0003279124149493384,0.6666651576459137,True,26
0.1,24,-691.2000000000146,0.5,1.0105496686365867e-11,0.0,0.6666666666666667,True,26
3.5,24,-251.7670857141081,0.031230654761904758,0.06942785423851303,0.044256599408811194,0.3261979809861941,True,27
3.0,24,-274.6153142855844,0.03228174603174603,0.08425899356010362,0.057410695389266825,0.31522858517354113,True,27
2.5,24,-301.3312000000019,0.034990575396825395,0.10413012642540707,0.08069590810657597,0.3163609073489634,True,27
2.0,24,-335.5587428571429,0.03838913690476191,0.1334249755045486,0.12253732240291937,0.3039595392550474,True,27
1.5,24,-382.1668571428501,0.046353670634920636,0.19556638347190236,0.24105932530234309,0.2977173699867006,True,27
1.0,24,-510.44868571426963,0.18245386904761904,2.931532392834571,7.994988813917235,0.2341397025962223,True,27
0.5,24,-690.9523428571442,0.4998958333333334,0.008905497594241751,0.00030297619040808854,0.6666652722759108,True,27
0.1,24,-691.2000000000152,0.5,-5.0527483431829335e-11,0.0,0.6666666666666667,True,27
3.5,24,-253.0854857141105,0.0314327876984127,0.0700288250192038,0.045119005415856825,0.3176223506118291,True,28
3.0,24,-274.94617142847767,0.032773561507936505,0.08433397369362079,0.05763013216883976,0.3182951801929452,True,28
2.5,24,-301.978399999971,0.03499206349206349,0.10177063865397132,0.08395028707482997,0.2875992315766409,True,28
2.0,24,-336.1964571428439,0.03829836309523809,0.13000820883788342,0.12144393847434817,0.2981680878427774,True,28
1.5,24,-381.5704000000037,0.04596031746031746,0.20404299238092521,0.22965359637188232,0.31863641050800007,True,28
1.0,24,-503.6559999999896,0.16985863095238093,2.3266901111109695,6.5115271789966,0.2467097287000739,True,28
0.5,24,-690.9684571428579,0.4998993055555555,0.008037852518302517,0.0003117321429151332,0.6666652332094429,True,28
0.1,24,-691.2000000000146,0.5,1.0105496686365867e-11,0.0,0.6666666666666667,True,28
3.5,24,-252.5383999998434,0.03154910714285714,0.07227151923548995,0.046200554381276335,0.31450786500308525,True,29
3.0,24,-275.3595428570268,0.032707341269841275,0.08443480771982223,0.05934652097505662,0.30350540024377126,True,29
2.5,24,-301.67199999999264,0.03480729166666667,0.10400094730158647,0.07794823343253957,0.31397350798449186,True,29
2.0,24,-335.2885714285693,0.037955109126984125,0.13103631731862228,0.11796229760133221,0.3235573711678337,True,29
1.5,24,-382.18400000001355,0.046381200396825396,0.20244851499120597,0.2374905262424412,0.3084807491703889,True,29
1.0,24,-509.5130285714176,0.18905332341269845,2.989428931496453,7.964767709431678,0.2714193869792416,True,29
0.5,24,-690.9291428571441,0.4998809523809524,0.009631482992214538,0.0003695861677499579,0.6666649664688603,True,29
0.1,24,-691.2000000000152,0.5,-5.0527483431829335e-11,0.0,0.6666666666666667,True,29
3.5,24,-253.73142857126618,0.03104861111111111,0.06883937896246604,0.045545621315192714,0.3120538142283916,True,30
3.0,24,-274.4945142856005,0.032752728174603174,0.08785212162005629,0.0578899225127551,0.3119127248244178,True,30
2.5,24,-301.7176000000162,0.03460689484126984,0.101803523479361,0.07671489193594112,0.3163521723356717,True,30
2.0,24,-335.85268571427156,0.03830034722222222,0.13759196983561928,0.11886023722718257,0.317775540726138,True,30
1.5,24,-381.8580571428621,0.0466063988095238,0.19450635863949522,0.24267649544123227,0.30375421039454054,True,30
1.0,24,-508.7187428571247,0.18594618055555556,2.697125838526012,7.4132033296130935,0.2940973689067926,True,30
0.5,24,-690.9270857142866,0.49988120039682543,0.009543714830619542,0.0003552692034958227,0.666665032107508,True,30
0.1,24,-691.2000000000152,0.5,-5.0527483431829335e-11,0.0,0.6666666666666667,True,30
3.5,24,-252.93222857125085,0.031589285714285716,0.06834197297606716,0.04805361775186263,0.2971404295172234,True,31
3.0,24,-274.91177142844515,0.032567460317460314,0.08617949487527901,0.05790103760393052,0.31574223857424266,True,31
2.5,24,-302.00525714284873,0.03501264880952381,0.10241096375146704,0.07990407821712017,0.31448101750535584,True,31
2.0,24,-334.608457142851,0.038087797619047625,0.13398169514738356,0.1157090260062357,0.3348717466813299,True,31
1.5,24,-381.8953142856854,0.04522891865079365,0.20098512415216524,0.23145274071712024,0.2885529501587182,True,31
1.0,24,-520.189371428555,0.21655009920634918,2.9879128197507168,8.334765486819734,0.3827632611373558,True,31
0.5,24,-683.4342857142843,0.3878980654761905,0.7665724716559149,32.81207390695856,0.5586350808872513,True,31
0.1,24,-691.2000000000152,0.5,-5.0527483431829335e-11,0.0,0.6666666666666667,True,31
3.5,24,-252.9563428569738,0.03167832341269841,0.0696120590050421,0.04517282627753484,0.3272206868292262,True,32
3.0,24,-274.5145142856119,0.032961309523809525,0.08691877550010736,0.05886082766439914,0.32317675146661196,True,32
2.5,24,-302.9319999999939,0.03430233134920635,0.10172773142856588,0.07796324760487532,0.31556148081129587,True,32
2.0,24,-335.98205714286996,0.038387896825396825,0.1381450586791541,0.11860107709750559,0.3168479011873093,True,32
1.5,24,-382.3404571428444,0.04621875,0.1979976171226969,0.23435115939153428,0.3169946515565031,True,32
1.0,24,-513.602171428557,0.19641493055555556,3.3202826902269305,8.83845025421627,0.28392252407783436,True,32
0.5,24,-690.185028571433,0.4923234126984127,0.10511463392281763,2.2270263390022684,0.6614058237566758,True,32
0.1,24,-691.2000000000152,0.5,-5.0527483431829335e-11,0.0,0.6666666666666667,True,32
3.5,24,-252.52068571411147,0.031051339285714286,0.07026431739368676,0.04501837745991255,0.3026500126502958,True,33
3.0,24,-276.45999999988936,0.03288715277777778,0.08552600749559178,0.0594191680720899,0.3201026153110068,True,33
2.5,24,-301.6653714285442,0.03469593253968254,0.10799241293786811,0.07825440425170063,0.31717689800856885,True,33
2.0,24,-335.7579428571349,0.03792137896825396,0.1325202045124835,0.11820136761267014,0.30375022833334464,True,33
1.5,24,-382.31611428570056,0.04625223214285714,0.2090031065154669,0.23875037507086172,0.29852297373336034,True,33
1.0,24,-511.7159999999864,0.18661111111111112,3.14912013095232,7.980805305555556,0.24773451705376204,True,33
0.5,24,-690.9658285714281,0.49989707341269846,0.008148081543266825,0.00031864902201661494,0.6666652012877274,True,33
0.1,24,-691.2000000000146,0.5,1.0105496686365867e-11,0.0,0.6666666666666667,True,33
3.5,24,-253.26194285697824,0.03137227182539683,0.07094973804617824,0.04591413539642042,0.30962784479991734,True,34
3.0,24,-274.8141714284698,0.032533482142857145,0.08441057854370397,0.05790519150368477,0.30219109467184446,True,34
2.5,24,-302.3019428571368,0.03463814484126985,0.10019725291973978,0.07839013717403615,0.31266909215412464,True,34
2.0,24,-335.6302857142856,0.038309275793650795,0.13607499872447684,0.11850054264101469,0.3084270158658071,True,34
1.5,24,-382.0082285714301,0.046461557539682535,0.19826520348706927,0.23363194706632662,0.318473363930703,True,34
1.0,24,-509.3529142857097,0.1741899801587302,2.9319060715645517,8.13249498455215,0.18167584629402178,True,34
0.5,24,-690.9421714285807,0.49988343253968254,0.009110427571916565,0.00037521967120568434,0.6666649410367416,True,34
0.1,24,-691.2000000000152,0.5,-5.0527483431829335e-11,0.0,0.6666666666666667,True,34
3.5,24,-252.8914285712397,0.031155009920634923,0.06921941783515599,0.047465847819484895,0.2990803392568998,True,35
3.0,24,-275.22879999988595,0.03235615079365079,0.08564364952381587,0.05793620559334846,0.30896375220405514,True,35
2.5,24,-301.8874285713954,0.03463020833333333,0.10283427038548527,0.08006322787698421,0.30801541744735783,True,35
2.0,24,-336.1242285714057,0.03817609126984128,0.13382667477891472,0.1200616589427436,0.30455470412550656,True,35
1.5,24,-381.54102857144744,0.04588715277777778,0.19747061470394486,0.23872630175264553,0.2905231412826925,True,35
1.0,24,-507.11462857141254,0.18202256944444442,2.5485751245124044,6.798741276041672,0.2789933905469161,True,35
0.5,24,-690.9732571428577,0.4998960813492063,0.008211858864847777,0.00036305548474757643,0.6666650001716731,True,35
0.1,24,-691.2000000000146,0.5,1.0105496686365867e-11,0.0,0.6666666666666667,True,35
3.5,24,-252.71188571411773,0.03108358134920635,0.0686339887250507,0.045416856565840616,0.30220360273758884,True,36
3.0,24,-275.76171428560014,0.03267286706349206,0.08062402059711553,0.05741659380905147,0.32350541221424034,True,36
2.5,24,-302.6661714285564,0.03457118055555555,0.10328051069025403,0.07729385089285724,0.30724035772843505,True,36
2.0,24,-335.2860571428677,0.03831572420634921,0.13058706344102372,0.11966577875212574,0.3071122220063146,True,36
1.5,24,-381.28422857145847,0.04573958333333334,0.1958826387603893,0.23779067261904735,0.2973902725700591,True,36
1.0,24,-506.3767999999909,0.18356547619047622,2.379415414761954,6.713149217120174,0.313734197900578,True,36
0.5,24,-690.9578285714308,0.4998921130952381,0.008613046620464755,0.0003412538973641688,0.6666650971354364,True,36
0.1,24,-691.2000000000152,0.5,-5.0527483431829335e-11,0.0,0.6666666666666667,True,36
3.5,24,-252.80834285698558,0.031047867063492066,0.06845447669212734,0.04536607927397145,0.3098526487651665,True,37
3.0,24,-274.7067428570499,0.032498759920634925,0.08386442465103351,0.05764859428146253,0.3210088330341567,True,37
2.5,24,-301.6803428571277,0.0345922619047619,0.1000351085387754,0.0804187276643991,0.2995851275778023,True,37
2.0,24,-335.54411428572934,0.03810243055555556,0.1330878507879763,0.11619485825892845,0.3219281192078681,True,37
1.5,24,-382.13748571430864,0.04649181547619048,0.1995775136407179,0.24171626925075562,0.2997589823328216,True,37
1.0,24,-515.0845714285757,0.2002073412698413,3.105324487528176,8.204903213718815,0.32198547754624307,True,37
0.5,24,-690.9334857142876,0.4998856646825397,0.00922991165377122,0.00033067453226820476,0.6666651446504823,True,37
0.1,24,-691.2000000000152,0.5,-5.0527483431829335e-11,0.0,0.6666666666666667,True,37
3.5,24,-253.1619428570126,0.03124330357142857,0.07116924079966232,0.0451203866111921,0.32101739429074516,True,38
3.0,24,-275.1137142856089,0.032759672619047615,0.08815068020911344,0.05809407396778157,0.31679019890236326,True,38
2.5,24,-301.881942857146,0.03441889880952381,0.10145654752290284,0.07945271075680269,0.30635234517998045,True,38
2.0,24,-335.5285714285455,0.03856473214285714,0.1344131823979511,0.12029644896187644,0.3196697680021622,True,38
1.5,24,-381.88468571426546,0.04646676587301587,0.20113866383474455,0.242103663170824,0.3012705625510238,True,38
1.0,24,-505.62159999999454,0.16793774801587305,2.3577158566665983,6.753550785678847,0.21815870849592633,True,38
0.5,24,-690.9597714285715,0.4998943452380953,0.00827098376208192,0.00031352919495830633,0.666665223634084,True,38
0.1,24,-691.2000000000146,0.5,1.0105496686365867e-11,0.0,0.6666666666666667,True,38
3.5,24,-253.11645714268155,0.031362599206349207,0.07184818481004013,0.04521673432944608,0.3141461008010894,True,39
3.0,24,-275.7062857141828,0.03215798611111111,0.08356921415972948,0.05728623487103168,0.2922336561091068,True,39
2.5,24,-302.43565714284915,0.034390873015873014,0.10046684682448863,0.0781955371882086,0.3174239917721753,True,39
2.0,24,-335.55851428573027,0.038424851190476186,0.1316522688832088,0.11968101543013053,0.32250887611084855,True,39
1.5,24,-382.5347428571367,0.046650297619047626,0.1983197476341575,0.2374171193310654,0.302674445791581,True,39
1.0,24,-513.1338285714313,0.20035590277777776,2.7994022394331193,7.631387109375007,0.3484877227934633,True,39
0.5,24,-674.4737142857135,0.17783382936507938,0.5003755986387356,36.476836261621294,-0.12009943974068804,True,39
0.1,24,-691.2000000000152,0.5,-5.0527483431829335e-11,0.0,0.6666666666666667,True,39
3.5,24,-252.87371428554266,0.03121502976190476,0.07111623670692792,0.04440349772230317,0.3273383430353932,True,40
3.0,24,-274.94137142848643,0.0323812003968254,0.08656475140085683,0.05868825915296669,0.29242819659150154,True,40
2.5,24,-302.02217142858325,0.03468377976190476,0.10766086662675661,0.07838071109693878,0.3265870966009725,True,40
2.0,24,-335.5924571428622,0.03834250992063492,0.13253116578232493,0.11985020888251138,0.315944719606577,True,40
1.5,24,-382.04182857141683,0.04598288690476191,0.1930725124112081,0.23467008198696132,0.28390177408222506,True,40
1.0,24,-523.6466285714116,0.22465302579365082,3.5217187649885897,9.129404811472497,0.3801232879726957,True,40
0.5,24,-690.9590857142856,0.4998960813492063,0.008708057686211154,0.00030849199268701,0.6666652467103491,True,40
0.1,24,-691.2000000000152,0.5,-5.0527483431829335e-11,0.0,0.6666666666666667,True,40
3.5,24,-252.73222857127445,0.03155753968253968,0.06942632671758132,0.04716895853579532,0.310267404219719,True,41
3.0,24,-275.57702857133603,0.03244791666666667,0.08176145023683737,0.05723820271164019,0.3235662227748308,True,41
2.5,24,-301.981714285684,0.03451364087301587,0.10504833886620973,0.07719126585884355,0.3102409204429174,True,41
2.0,24,-336.0718857142901,0.038107886904761905,0.13312589205781933,0.11629508926799885,0.32506686488316916,True,41
1.5,24,-382.34502857142445,0.045850942460317456,0.19784324151170254,0.2337280886007181,0.30675302203847377,True,41
1.0,24,-512.3252571428544,0.196406001984127,3.118228713922892,8.234657480123294,0.294746132701993,True,41
0.5,24,-690.9505142857133,0.4998936011904762,0.008654105306050042,0.0003128514030237284,0.6666652274056736,True,41
0.1,24,-691.2000000000146,0.5,1.0105496686365867e-11,0.0,0.6666666666666667,True,41
3.5,24,-252.79439999982628,0.031334325396825395,0.07021310861030536,0.04687283770651118,0.3097328954413606,True,42
3.0,24,-274.11862857133275,0.032796875,0.08454617424035017,0.05892558143187823,0.3126801331567808,True,42
2.5,24,-302.4668571428425,0.03482118055555556,0.10449554566894625,0.08027800168650782,0.3036961657720737,True,42
2.0,24,-335.4513142857227,0.038117311507936506,0.13372818253400787,0.11897385698341842,0.3151400158031875,True,42
1.5,24,-382.4336000000285,0.046631448412698416,0.20171778850087804,0.2371428967309146,0.3106745245286181,True,42
1.0,24,-521.5605714285604,0.21790897817460317,3.458006666099714,9.218239658411282,0.36554682052721144,True,42
0.5,24,-690.9293714285741,0.4998849206349206,0.009688215512950491,0.0003488310657608906,0.6666650623668198,True,42
0.1,24,-691.2000000000146,0.5,1.0105496686365867e-11,0.0,0.6666666666666667,True,42
3.5,24,-251.9564571426713,0.03144667658730159,0.07048596388355945,0.0460580473659702,0.3132972412397663,True,43
3.0,24,-274.93908571418996,0.032896577380952384,0.08303552761654312,0.06015247872968629,0.2957444632397882,True,43
2.5,24,-301.72639999998705,0.03463318452380952,0.10175998100317682,0.07674093139172339,0.3273308591937515,True,43
2.0,24,-335.89359999999635,0.03806374007936508,0.13640726892857125,0.12074818011266998,0.29575755679863047,True,43
1.5,24,-381.5689142857287,0.046156498015873015,0.19713392810278751,0.2373039113520406,0.29600834881495364,True,43
1.0,24,-511.1486857142845,0.18648809523809526,2.259909872992921,6.946334807256232,0.3161325239662819,True,43
0.5,24,-690.9564571428589,0.4998911210317461,0.008683341405736024,0.00034894267283647196,0.6666650618985838,True,43
0.1,24,-691.2000000000146,0.5,1.0105496686365867e-11,0.0,0.6666666666666667,True,43
3.5,24,-252.86479999979954,0.031213045634920635,0.07156471749918583,0.04428995382855522,0.32150807325528563,True,44
3.0,24,-274.88365714273175,0.03257589285714286,0.08405519318719958,0.057439747307256206,0.3149337302629459,True,44
2.5,24,-302.98320000000314,0.03475818452380953,0.10004573747301847,0.07995416631235826,0.30604157020888334,True,44
2.0,24,-336.0014857143157,0.03833432539682539,0.13269392761337587,0.12099634892290262,0.31224739814193814,True,44
1.5,24,-381.42662857145206,0.045830357142857145,0.1965601583371249,0.22596785374149664,0.32486671774744325,True,44
1.0,24,-511.6227428571204,0.1906187996031746,3.286209260748314,8.95271500761763,0.2525518985261007,True,44
0.5,24,-690.9606857142917,0.4998921130952381,0.00847593324013158,0.00035018246878237846,0.6666650566130174,True,44
0.1,24,-691.2000000000146,0.5,-3.03164900590976e-11,0.0,0.6666666666666667,True,44
3.5,24,-251.87508571411843,0.03134722222222223,0.07207717960294173,0.044535292517006754,0.3301473797985379,True,45
3.0,24,-274.4142857141704,0.032720238095238094,0.08524601001512183,0.05717740003779287,0.3196910912034855,True,45
2.5,24,-302.4503999999818,0.03461433531746032,0.0993626721777764,0.0782049571286848,0.30510855594291975,True,45
2.0,24,-335.0826285714288,0.03783085317460317,0.1289819970011384,0.1182803791808391,0.31594430123774975,True,45
1.5,24,-382.2534857142811,0.046596230158730156,0.20089743991934764,0.24876910015117176,0.2889307520605924,True,45
1.0,24,-502.2191999999786,0.1631780753968254,2.18783658222224,5.632187841695009,0.1986877409344926,True,45
0.5,24,-690.9407999999992,0.4998881448412698,0.009398836824806899,0.00034322555277910283,0.6666650879160649,True,45
0.1,24,-691.2000000000152,0.5,-5.0527483431829335e-11,0.0,0.6666666666666667,True,45
3.5,24,-252.69314285695646,0.03117609126984127,0.07113155958165682,0.04527276882896017,0.3174190066788406,True,46
3.0,24,-274.7993142855983,0.032609871031746035,0.08047206340136003,0.057183717297335554,0.32312755110887315,True,46
2.5,24,-301.597485714265,0.03470213293650794,0.10562747760907061,0.07564127606292516,0.3224608066646272,True,46
2.0,24,-336.1551999999744,0.03764756944444444,0.13365129158729713,0.11914886222718274,0.2987766480161069,True,46
1.5,24,-381.4148571428445,0.045452628968253965,0.19971817183171497,0.22916276395975071,0.2953449667877902,True,46
1.0,24,-508.7611428571122,0.18001512896825397,2.8952780136053966,7.326063171733277,0.23618532389594882,True,46
0.5,24,-690.9519999999986,0.4998926091269841,0.00869161904888137,0.00031558326253033897,0.6666652140491811,True,46
0.1,24,-691.2000000000146,0.5,1.0105496686365867e-11,0.0,0.6666666666666667,True,46
3.5,24,-253.14171428555858,0.031634920634920634,0.07189337016984661,0.04690489650145769,0.3076466707500818,True,47
3.0,24,-275.88251428561387,0.032753224206349206,0.0811498947241068,0.05906539681358658,0.3045013057233985,True,47
2.5,24,-301.7768000000251,0.03427901785714286,0.10475624413968035,0.07813321472505666,0.30555727378934483,True,47
2.0,24,-335.79645714284214,0.03761011904761905,0.13232737550455592,0.11461247987528331,0.32715609971744986,True,47
1.5,24,-381.84948571430544,0.04588839285714286,0.20468079124212737,0.231704259164777,0.30080135861482715,True,47
1.0,24,-509.88057142855996,0.19238789682539684,2.7197936502266202,7.254381828798184,0.2992688354660369,True,47
0.5,24,-690.9744000000005,0.49990773809523814,0.007801480633740236,0.00024515419496040636,0.6666655376167903,True,47
0.1,24,-691.2000000000146,0.5,1.0105496686365867e-11,0.0,0.6666666666666667,True,47
3.5,24,-251.80605714271198,0.031207093253968254,0.0693608240844119,0.04552315224125365,0.3154545657210638,True,48
3.0,24,-274.6556571427397,0.03241691468253968,0.08544338833710888,0.05716175329506802,0.3099515434142278,True,48
2.5,24,-301.7788571428582,0.03485515873015873,0.1028027710657625,0.0809375950113378,0.29724999160797116,True,48
2.0,24,-335.91177142860187,0.03820486111111112,0.12761217696146332,0.12328841121031722,0.2993827937352861,True,48
1.5,24,-381.9710857143103,0.046444940476190466,0.20161586284706978,0.22941079091080913,0.32461164950558663,True,48
1.0,24,-504.0339428571385,0.1691329365079365,2.653435936303898,7.141557003401362,0.19262356370186862,True,48
0.5,24,-690.9483428571434,0.4998874007936508,0.009066230927904447,0.000365354591828293,0.6666649867491194,True,48
0.1,24,-691.2000000000152,0.5,-5.0527483431829335e-11,0.0,0.6666666666666667,True,48
3.5,24,-252.98777142839268,0.03127256944444444,0.07272561534730353,0.04558813895975061,0.3220370407677411,True,49
3.0,24,-275.7750857141684,0.03260838293650793,0.08372636174351135,0.057765016428099114,0.3145952137555236,True,49
2.5,24,-302.5646857142823,0.03417460317460318,0.10140445358367692,0.0763424140589569,0.31801997648322267,True,49
2.0,24,-335.93531428569287,0.03783854166666666,0.13524262836735565,0.11272976500496043,0.3313097760333439,True,49
1.5,24,-382.3957714285587,0.046850446428571425,0.19736231424536121,0.23625820103458073,0.31942656717879536,True,49
1.0,24,-504.5546285714233,0.17845362103174603,2.4841511880044385,6.659958382050739,0.26759574247992857,True,49
0.5,24,-690.9307428571407,0.4998762400793651,0.009445738231685633,0.00042531172053017485,0.6666647125711012,True,49
0.1,24,-691.2000000000146,0.5,1.0105496686365867e-11,0.0,0.6666666666666667,True,49
3.5,24,-252.91999999981752,0.031129464285714285,0.07179084548106753,0.04481549445254294,0.3167636870284054,True,50
3.0,24,-274.96331428558557,0.032706101190476185,0.08661090440665124,0.05798651690051025,0.31629242565380455,True,50
2.5,24,-302.5369142857035,0.03460044642857143,0.10313765005350434,0.07785422220804986,0.30985383348815443,True,50
2.0,24,-336.06011428570747,0.038196180555555556,0.13767295535148427,0.1227275536954365,0.3052828708359687,True,50
1.5,24,-381.7717714285933,0.0465173611111111,0.20319846803728,0.2325639794973549,0.3220367908577152,True,50
1.0,24,-516.1402285714142,0.20892881944444444,3.4741450673696415,9.081431908978178,0.3280549624986735,True,50
0.5,24,-690.9386285714363,0.4998814484126984,0.009321780588733317,0.00039055527215481334,0.6666648709853142,True,50
0.1,24,-691.2000000000152,0.5,-5.0527483431829335e-11,0.0,0.6666666666666667,True,50
3.5,24,-252.65679999980827,0.031202876984126982,0.07125593408486802,0.04599212321833495,0.3069880491054845,True,51
3.0,24,-275.5090285713298,0.03290972222222222,0.08342574044847122,0.05853227910052909,0.3078839190555249,True,51
2.5,24,-302.25462857142713,0.034626984126984124,0.10417094246168644,0.08055683877551026,0.30829532208578525,True,51
2.0,24,-335.4700571428277,0.038022073412698414,0.13122394121882053,0.12275471185870176,0.29473927815329615,True,51
1.5,24,-382.2991999999874,0.04591939484126985,0.20660619880070527,0.23322589264455756,0.30042187227837214,True,51
1.0,24,-507.38354285715866,0.17440873015873015,2.762937069478438,7.901219860544219,0.1970529807279633,True,51
0.5,24,-690.9695999999994,0.4998950892857143,0.008548185397861138,0.0003479358701632407,0.6666650668360836,True,51
0.1,24,-691.2000000000146,0.5,1.0105496686365867e-11,0.0,0.6666666666666667,True,51
3.5,24,-252.36148571413062,0.031195436507936505,0.07188983188670778,0.04439250890832526,0.3184259055739953,True,53
3.0,24,-274.53794285703145,0.03269766865079365,0.08415525359285109,0.05887514681358655,0.3191532664118639,True,53
2.5,24,-302.090285714275,0.03492212301587302,0.10687199600907156,0.07894476139455779,0.3300348464600227,True,53
2.0,24,-335.818514285733,0.03800892857142857,0.1336233234467209,0.11809152664399097,0.3070587295209021,True,53
1.5,24,-382.0672000000088,0.04646006944444444,0.19673104818343465,0.23264933085317474,0.3186059952985806,True,53
1.0,24,-506.193257142853,0.17917088293650796,2.5954456353513504,7.041237142538263,0.2690214716860124,True,53
0.5,24,-690.9723428571438,0.4999030257936508,0.007944846802678917,0.00027636897672778105,0.6666653944928942,True,53
0.1,24,-691.2000000000152,0.5,-5.0527483431829335e-11,0.0,0.6666666666666667,True,53
3.5,24,-253.04799999983288,0.031309275793650795,0.07234048979591758,0.0460337896724166,0.31122351658213765,True,52
3.0,24,-275.40845714277623,0.03270287698412699,0.08696907791383558,0.05816101941609973,0.3129373113474281,True,52
2.5,24,-302.1250285714335,0.034962797619047616,0.10194085138865679,0.08006781604308397,0.3169890599284567,True,52
2.0,24,-336.226400000014,0.0385625,0.13267255464287095,0.12481068849206348,0.29758424502636627,True,52
1.5,24,-381.8776000000419,0.0467061011904762,0.19595570631396117,0.24018762374811004,0.30184603913326913,True,52
1.0,24,-507.37542857140727,0.1739188988095238,2.675433078798,7.193225443558674,0.20532410234799425,True,52
0.5,24,-690.958857142859,0.4998958333333333,0.008810149658933774,0.00032182539679581623,0.6666651868257614,True,52
0.1,24,-691.2000000000152,0.5,-5.0527483431829335e-11,0.0,0.6666666666666667,True,52
3.5,24,-253.10845714268305,0.031082589285714286,0.0724982486908207,0.045861813400955596,0.3125438752153358,True,54
3.0,24,-275.22925714274766,0.032618799603174604,0.08313359149408342,0.05930949592545347,0.3004054879214145,True,54
2.5,24,-301.93302857143885,0.03505282738095238,0.10181950332516862,0.07759971812641721,0.3284162202474131,True,54
2.0,24,-335.08148571429155,0.03830505952380952,0.13594910221655077,0.11922489873866225,0.3187264185028478,True,54
1.5,24,-382.25257142856225,0.04628968253968254,0.19301236482742415,0.23844383975812528,0.31112163169897267,True,54
1.0,24,-513.8687999999875,0.20113963293650794,2.6004612266665896,7.260866247696994,0.3634630430344137,True,54
0.5,24,-690.9722285714346,0.49989781746031753,0.008167342493026,0.00032924149653013046,0.6666651525702385,True,54
0.1,24,-691.2000000000146,0.5,1.0105496686365867e-11,0.0,0.6666666666666667,True,54
3.5,24,-252.22114285697043,0.030991815476190475,0.07383207140544512,0.0448852174339974,0.31642628250573557,True,55
3.0,24,-274.8191999998433,0.03260863095238096,0.08667883541446557,0.057912952522675656,0.31662733074222704,True,55
2.5,24,-302.33634285713214,0.03467931547619047,0.10031580136417485,0.07894947662981869,0.31309402651228513,True,55
2.0,24,-336.3603428571369,0.03815104166666666,0.1351114602664375,0.12068757750496042,0.307872199164795,True,55
1.5,24,-382.3383999999978,0.046066220238095236,0.20088165763667754,0.24110777775415732,0.285462135688223,True,55
1.0,24,-513.6582857142752,0.19287549603174603,2.9487334671201904,7.816010690334471,0.3006303389134908,True,55
0.5,24,-690.9368000000031,0.49988392857142855,0.009186865397674005,0.00037932086172887125,0.6666649245851883,True,55
0.1,24,-691.2000000000152,0.5,-5.0527483431829335e-11,0.0,0.6666666666666667,True,55
3.5,24,-252.18742857128848,0.031032490079365076,0.06972687750473747,0.04562040280814711,0.30878407926811835,True,56
3.0,24,-274.9199999998817,0.032303819444444444,0.08408826278660113,0.05911440616732805,0.29969901700273494,True,56
2.5,24,-302.04651428570963,0.034553819444444446,0.10459922122812713,0.07756023184523808,0.3247827464506964,True,56
2.0,24,-335.8282285714279,0.03796354166666666,0.1315127096995449,0.11874791381448419,0.3126247913563317,True,56
1.5,24,-381.76240000000917,0.04666691468253968,0.21155206610229121,0.2420536441562739,0.3002799908263284,True,56
1.0,24,-509.4493714285546,0.17844866071428572,2.4506091808614454,7.25861401555414,0.27024655129517305,True,56
0.5,24,-690.9689142857126,0.49989880952380955,0.008459638640084045,0.0003185612244713809,0.6666652013813505,True,56
0.1,24,-691.2000000000152,0.5,-5.0527483431829335e-11,0.0,0.6666666666666667,True,56
3.5,24,-252.98331428554349,0.031059275793650795,0.06898664664538423,0.045313245454729485,0.3120236203000918,True,57
3.0,24,-275.2350857141796,0.032562748015873014,0.0816144891685573,0.057085543638983396,0.3096288232019775,True,57
2.5,24,-302.59234285709783,0.03457217261904762,0.10326665038003638,0.07858360225340137,0.3078093484357388,True,57
2.0,24,-335.53588571427036,0.03805406746031746,0.1353240888832248,0.11990925531462582,0.3030088618108475,True,57
1.5,24,-382.3116571428628,0.046124255952380955,0.20248815793393865,0.23627050904667407,0.3154098100925611,True,57
1.0,24,-512.9386285714107,0.2006125992063492,3.306804889591452,8.641704970946709,0.3014482650144238,True,57
0.5,24,-690.9274285714293,0.4998782242063492,0.009488505668640655,0.0003752777069259139,0.6666649397943539,True,57
0.1,24,-691.2000000000146,0.5,1.0105496686365867e-11,0.0,0.6666666666666667,True,57
3.5,24,-253.28994285695768,0.03150719246031746,0.07291720788746214,0.04657620293772266,0.3133231266259652,True,58
3.0,24,-275.86102857132516,0.032734871031746035,0.0847459393902693,0.057356349572467824,0.3129175514464946,True,58
2.5,24,-302.17885714285,0.03464905753968254,0.10296503138321794,0.07770719919217693,0.3164928756719412,True,58
2.0,24,-335.1036571428579,0.03835664682539682,0.13245347137756072,0.11727218473639461,0.32727503483575615,True,58
1.5,24,-381.096457142863,0.04602554563492064,0.19699814728139448,0.2247230814200678,0.3243846687872537,True,58
1.0,24,-520.7758857142649,0.22076537698412696,3.4006613714058807,8.773521546343545,0.3796388552651717,True,58
0.5,24,-690.921142857146,0.49988070436507936,0.009898086170627115,0.0003551331490960763,0.6666650326040027,True,58
0.1,24,-691.2000000000152,0.5,-5.0527483431829335e-11,0.0,0.6666666666666667,True,58
3.5,24,-252.85794285699205,0.03127926587301587,0.07228139007080026,0.04521853818432141,0.31937831652223825,True,59
3.0,24,-275.82742857132087,0.03315451388888889,0.08269347921389644,0.05864245510912701,0.3160946808501318,True,59
2.5,24,-301.6629714285678,0.034409226190476185,0.10098305088073377,0.07820560311791395,0.30201471656764334,True,59
2.0,24,-336.15177142858624,0.03815277777777778,0.13332889124715544,0.11641963888888884,0.3214121511800345,True,59
1.5,24,-382.5437714285726,0.046387648809523806,0.20161734881328836,0.24019302189625852,0.30220379480264614,True,59
1.0,24,-508.4017142856955,0.18912103174603173,2.8763085663264167,7.67400477267574,0.28784281313902893,True,59
0.5,24,-690.9845714285747,0.49990649801587306,0.007583108845412628,0.000291019770330081,0.6666653286802904,True,59
0.1,24,-691.2000000000152,0.5,-5.0527483431829335e-11,0.0,0.6666666666666667,True,59
3.5,24,-252.62125714267017,0.03174231150793651,0.06857957314821538,0.04836452031705542,0.3054505561375517,True,60
3.0,24,-275.08479999987327,0.03240054563492063,0.08395475922398075,0.05870557774707108,0.2927740197338391,True,60
2.5,24,-301.90628571427646,0.03491220238095238,0.10150923029477983,0.08084327159863952,0.3114553683355564,True,60
2.0,24,-336.06640000001937,0.03766964285714286,0.1344557451190427,0.11436239625850336,0.325859293237035,True,60
1.5,24,-382.2716571428636,0.046513144841269845,0.19887893042076388,0.23328685560752066,0.3332471661636506,True,60
1.0,24,-506.0886857142772,0.17318824404761904,2.7102095198184646,7.321936436189062,0.20989988593051145,True,60
0.5,24,-690.9236571428681,0.499875,0.010184605533140711,0.0004085873015924335,0.6666647873941969,True,60
0.1,24,-691.2000000000146,0.5,1.0105496686365867e-11,0.0,0.6666666666666667,True,60
3.5,24,-253.24971428553144,0.031196428571428573,0.07261163547594598,0.046039918853255556,0.31655962026314843,True,61
3.0,24,-274.80719999989685,0.03257440476190476,0.08609547500882288,0.05928508125472402,0.3003056010316699,True,61
2.5,24,-301.9989714285666,0.03466121031746031,0.10514422827755576,0.07712711853741501,0.3050485016721003,True,61
2.0,24,-335.9542857143061,0.03820436507936508,0.13789314058954638,0.12112993197278901,0.30782580892931544,True,61
1.5,24,-381.7708571428741,0.045832341269841266,0.20026848047368898,0.23335271126228296,0.2964910069413357,True,61
1.0,24,-510.68137142855153,0.18774379960317458,3.1365358856236423,8.007032479839859,0.25444857738475746,True,61
0.5,24,-690.9532571428597,0.499890625,0.008861652516012933,0.00035278621035672586,0.6666650444747071,True,61
0.1,24,-691.2000000000152,0.5,-5.0527483431829335e-11,0.0,0.6666666666666667,True,61
3.5,24,-252.53234285695325,0.03129340277777778,0.07049659130176686,0.046877737032312954,0.30170555971084845,True,62
3.0,24,-275.76685714277545,0.032606894841269836,0.08305417082387807,0.05695395359741126,0.316184817140025,True,62
2.5,24,-302.19919999998655,0.03500644841269841,0.10497137759998118,0.07988456184807252,0.30268335629459997,True,62
2.0,24,-335.4711999999998,0.03839236111111111,0.13237510130952362,0.12192869890873008,0.3069632837255005,True,62
1.5,24,-382.16114285714775,0.04668923611111111,0.19982659511212356,0.23524948032407428,0.31706052035692545,True,62
1.0,24,-500.2749714285537,0.1583690476190476,2.1109814322901204,5.342553431972792,0.21976906079678316,True,62
0.5,24,-690.9396571428579,0.4998886408730159,0.008999792834300833,0.0003195435799163704,0.6666651956190082,True,62
0.1,24,-691.2000000000152,0.5,-5.0527483431829335e-11,0.0,0.6666666666666667,True,62
3.5,24,-252.58445714267444,0.03138045634920635,0.07337464020361607,0.0479273295675413,0.29660148128388175,True,63
3.0,24,-275.39279999988435,0.032681795634920636,0.08627817342151076,0.05780687205924037,0.3239846893375067,True,63
2.5,24,-301.720228571415,0.03470436507936508,0.1041211403029552,0.07982234716553287,0.298605179353693,True,63
2.0,24,-335.8531428571368,0.038153273809523804,0.1346643297902435,0.12055357929421777,0.30427171932815966,True,63
1.5,24,-382.29748571428024,0.046563740079365076,0.20345820499875836,0.23370105761054455,0.321468386239382,True,63
1.0,24,-507.717142857145,0.17921453373015875,2.5196764937639577,6.89720994015731,0.2735041196362098,True,63
0.5,24,-690.9502857142852,0.49988764880952385,0.009030455784037864,0.00036889108551818595,0.6666649706881803,True,63
0.1,24,-691.2000000000146,0.5,1.0105496686365867e-11,0.0,0.6666666666666667,True,63
3.5,24,-253.22342857126057,0.031091517857142856,0.07116568832429897,0.04545086936143508,0.3097668849274312,True,64
3.0,24,-275.6845714284863,0.03251190476190476,0.08398486369362307,0.05825824659863946,0.3080959442304513,True,64
2.5,24,-302.2467428570907,0.03469394841269842,0.10184777403718423,0.07868493486394544,0.30682780689461064,True,64
2.0,24,-335.8667428571589,0.038066468253968255,0.13064403879818404,0.11729463832199537,0.31987150703533784,True,64
1.5,24,-382.0832000000062,0.04619419642857143,0.1995468280775741,0.22277985579648518,0.3290987238617349,True,64
1.0,24,-509.46868571427575,0.17961507936507934,3.185494349183551,8.20702426077098,0.20966767893485516,True,64
0.5,24,-690.9099428571435,0.4998722718253969,0.010065900771830153,0.0003775350764172458,0.6666649285098328,True,64
0.1,24,-691.2000000000152,0.5,-5.0527483431829335e-11,0.0,0.6666666666666667,True,64
3.5,24,-251.7446857141253,0.03136631944444444,0.072769044831321,0.04492754939058958,0.3174258503928422,True,65
3.0,24,-275.6237714284993,0.032522073412698416,0.07889354178886618,0.05890086875236197,0.29791920403608463,True,65
2.5,24,-301.2462857142705,0.03489707341269841,0.10139897315193795,0.07963611075680276,0.306782791419417,True,65
2.0,24,-335.70879999999414,0.038015128968253965,0.1375130368254026,0.11927881007298757,0.3140975128960708,True,65
1.5,24,-382.34479999997444,0.04637375992063492,0.1981104531217024,0.25158325205498844,0.2673207395289068,True,65
1.0,24,-509.3430857142741,0.18393402777777776,2.5098860429930534,6.658578270833338,0.299141210729553,True,65
0.5,24,-690.9770285714285,0.49990228174603174,0.00790554185853883,0.000299515589578192,0.6666652886277112,True,65
0.1,24,-691.2000000000152,0.5,-5.0527483431829335e-11,0.0,0.6666666666666667,True,65
3.5,24,-252.61679999982738,0.03100694444444444,0.0701073911629419,0.04682134353741501,0.29945553369545574,True,66
3.0,24,-274.27417142844735,0.03220386904761905,0.0857369281909822,0.05701214432161751,0.3138346951178185,True,66
2.5,24,-301.6649142857163,0.03472147817460317,0.10364139456143473,0.0817669641581633,0.3012771769168693,True,66
2.0,24,-335.89394285716156,0.03787053571428572,0.13273202276643462,0.11721755179988654,0.3215903899830843,True,66
1.5,24,-382.2659428571458,0.04685590277777778,0.1949776676341526,0.23622290889550274,0.32251538562433146,True,66
1.0,24,-510.8347428571232,0.187843998015873,3.020256952018422,8.039966313456631,0.26698861153009334,True,66
0.5,24,-690.9531428571418,0.4998938492063492,0.008896181406776628,0.0003243208616545701,0.6666651748199841,True,66
0.1,24,-691.2000000000152,0.5,-5.0527483431829335e-11,0.0,0.6666666666666667,True,66
3.5,24,-253.27725714268257,0.030841765873015875,0.07004362446017975,0.04463753931810817,0.3081449316863054,True,67
3.0,24,-275.4244571427396,0.03271949404761904,0.084866754104308,0.05788954288312549,0.31717867234449626,True,67
2.5,24,-301.3898285714095,0.034446676587301585,0.10382089824581069,0.07949728853458055,0.3034645082657025,True,67
2.0,24,-335.0489142857016,0.03791815476190476,0.14063683852606346,0.12059061444161004,0.31124498447756044,True,67
1.5,24,-382.2139428571778,0.0467296626984127,0.19857364188458262,0.2361648385298563,0.31905834659811916,True,67
1.0,24,-503.3165714285503,0.1717981150793651,2.031920852607527,5.700261476048748,0.3039823981611973,True,67
0.5,24,-690.955314285715,0.4998963293650794,0.008562641179903747,0.0002961505101950479,0.666665303470123,True,67
0.1,24,-691.2000000000152,0.5,-5.0527483431829335e-11,0.0,0.6666666666666667,True,67
3.5,24,-252.10559999985733,0.03152281746031746,0.07201303572400508,0.04550475785552317,0.3201922338835975,True,68
3.0,24,-275.128342857035,0.03272544642857143,0.08067144336357081,0.057468518506708255,0.31626912532690055,True,68
2.5,24,-301.25085714285586,0.03455679563492064,0.10264847519274756,0.07819200837585033,0.3120519046368688,True,68
2.0,24,-335.90651428573506,0.03854166666666666,0.13265247662131843,0.12135515873015887,0.3127279831576959,True,68
1.5,24,-381.95325714283905,0.04618055555555556,0.20330328766945452,0.23308267195767163,0.3082200876610671,True,68
1.0,24,-504.93702857142216,0.16757911706349204,2.472016131496528,6.7817781306335085,0.1999555771072843,True,68
0.5,24,-690.9406857142872,0.4998893849206349,0.00915652054148571,0.0003321346372331391,0.6666651389650349,True,68
0.1,24,-691.2000000000152,0.5,-5.0527483431829335e-11,0.0,0.6666666666666667,True,68
3.5,24,-252.6713142855198,0.031071676587301592,0.07052764334121753,0.046496538295675384,0.30213950813287427,True,69
3.0,24,-275.42777142844926,0.03269642857142857,0.08351773482238822,0.058462393424036294,0.3000611212023705,True,69
2.5,24,-301.34799999997557,0.034515873015873014,0.10431711555556022,0.07791042766439917,0.31555234124371134,True,69
2.0,24,-335.7931428571363,0.03824255952380952,0.13172793594104507,0.12063995826247173,0.3136182998431307,True,69
1.5,24,-381.80537142857696,0.04645882936507936,0.1896513357621671,0.24011933852985634,0.30055975721358597,True,69
1.0,24,-505.4545142857209,0.1690406746031746,2.5899926183898665,7.114137146258504,0.20939635852008687,True,69
0.5,24,-690.9725714285746,0.49989856150793655,0.008257950114057167,0.000335864441538547,0.6666651232448246,True,69
0.1,24,-691.2000000000152,0.5,-5.0527483431829335e-11,0.0,0.6666666666666667,True,69
3.5,24,-252.37748571411615,0.03113045634920635,0.06994537681707377,0.045472421404276,0.3064368181245326,True,70
3.0,24,-274.91005714277617,0.03265997023809524,0.08431318375157086,0.05792162432681397,0.3165552681504641,True,70
2.5,24,-302.1986285714514,0.035219494047619045,0.1076032629696177,0.08009828479308388,0.31713362914324417,True,70
2.0,24,-335.642628571447,0.038350942460317464,0.1344300843027213,0.11818205851403052,0.3173935316811156,True,70
1.5,24,-382.45085714284306,0.046033730158730156,0.20055511186697397,0.23142168216175368,0.3120708624015248,True,70
1.0,24,-514.1556571428356,0.19312971230158726,2.917145872018005,7.968972378082491,0.2970363212553867,True,70
0.5,24,-690.932571428575,0.49988268849206347,0.009522394557279767,0.0003804755527596626,0.6666649180655567,True,70
0.1,24,-691.2000000000146,0.5,1.0105496686365867e-11,0.0,0.6666666666666667,True,70
3.5,24,-252.93039999982742,0.031135912698412697,0.07095918389375505,0.045494314868804654,0.31767101707659695,True,71
3.0,24,-274.7566857141781,0.032433283730158725,0.08470997318971811,0.05890453230111496,0.30241867426365965,True,71
2.5,24,-302.15782857139413,0.034625,0.10472872503945836,0.0783629015873015,0.3184482189214215,True,71
2.0,24,-335.60628571429703,0.03793477182539682,0.1355956177721017,0.12218258912627564,0.2900935754748223,True,71
1.5,24,-382.28719999999606,0.045316716269841274,0.20129960021163973,0.2277859720096369,0.30994318055348125,True,71
1.0,24,-512.4475428571357,0.19610218253968253,3.1073103615417494,8.095686442176866,0.2997733915210913,True,71
0.5,24,-690.9436571428608,0.49988913690476194,0.009308113469968602,0.00033554357986531613,0.6666651225525735,True,71
0.1,24,-691.2000000000146,0.5,1.0105496686365867e-11,0.0,0.6666666666666667,True,71
3.5,24,-252.71748571408503,0.031199156746031746,0.0708524461400412,0.044754889202704866,0.33371258906041845,True,72
3.0,24,-275.81405714275456,0.03320436507936508,0.0849369812824478,0.05997117819349966,0.31292360224384697,True,72
2.5,24,-302.21165714283336,0.0346798115079365,0.10343258447529176,0.0777885736819729,0.32725982939128506,True,72
2.0,24,-335.4918857143013,0.03847048611111111,0.13251048233559637,0.12342187909226186,0.3121662741208052,True,72
1.5,24,-381.888799999992,0.04574801587301587,0.19717239880071843,0.2249461466364323,0.31887028275349016,True,72
1.0,24,-505.0446857142812,0.1756081349206349,2.424856533310655,6.571989558390026,0.24243575484086122,True,72
0.5,24,-690.9354285714272,0.4998792162698412,0.009467553285099307,0.0004023406321707057,0.6666648168185894,True,72
0.1,24,-691.2000000000152,0.5,-5.0527483431829335e-11,0.0,0.6666666666666667,True,72
3.5,24,-253.09622857125157,0.03151934523809524,0.07002050170947773,0.04779106539520565,0.30864379792589824,True,73
3.0,24,-274.5674285712967,0.032526289682539684,0.08220924861425542,0.059296375236205595,0.2991435958902041,True,73
2.5,24,-301.6813714285654,0.03487326388888889,0.10546523376325544,0.07659504136904768,0.3269386931960583,True,73
2.0,24,-335.5733714285348,0.03791121031746031,0.1302815176360418,0.11565224340986413,0.3165930706669521,True,73
1.5,24,-382.59679999997957,0.046332837301587305,0.19382986864199925,0.22341325122826888,0.3336376133380985,True,73
1.0,24,-507.11885714286234,0.18153571428571427,2.803916188208455,7.672232840702947,0.24199452581907455,True,73
0.5,24,-690.9825142857179,0.49990823412698415,0.007495654512442545,0.00025716411563436736,0.6666654828133955,True,73
0.1,24,-691.2000000000152,0.5,-5.0527483431829335e-11,0.0,0.6666666666666667,True,73
3.5,24,-252.62937142842242,0.031360119047619046,0.07290991337128788,0.04634976174279236,0.3109288298587902,True,74
3.0,24,-275.32068571417574,0.032514880952380955,0.08333398050894299,0.058920162509448246,0.3136960328281788,True,74
2.5,24,-301.5910857143009,0.03453373015873016,0.10414357157732108,0.07773169501133788,0.316777406569977,True,74
2.0,24,-335.6896000000077,0.03852976190476191,0.1339123092063801,0.1201476774376417,0.31250363824833227,True,74
1.5,24,-382.18982857140406,0.04665947420634921,0.20361480553287106,0.24197571426209347,0.3008967414841095,True,74
1.0,24,-507.0793142857071,0.1748893849206349,3.0066563007707776,7.545758726048749,0.19385306737109176,True,74
0.5,24,-690.9376000000116,0.49988343253968254,0.009686928253763149,0.0003811720521298412,0.6666649138772616,True,74
0.1,24,-691.2000000000146,0.5,1.0105496686365867e-11,0.0,0.6666666666666667,True,74
3.5,24,-252.74354285696415,0.03109077380952381,0.074097585198748,0.04582476753320376,0.30295566736221946,True,75
3.0,24,-274.7983999998759,0.03241319444444444,0.08471357975307922,0.05631677414021176,0.3199253665952535,True,75
2.5,24,-302.3684571428307,0.03458953373015873,0.10338730457686324,0.07848334431689337,0.3113999639928623,True,75
2.0,24,-336.05485714287073,0.03798561507936508,0.1340161541949922,0.11943014873866223,0.309874130800039,True,75
1.5,24,-381.8610285714149,0.04534672619047619,0.20077084750819604,0.23348738085789883,0.28078731204658114,True,75
1.0,24,-509.3009142857017,0.17546304563492063,2.505208034262978,6.9107246637967705,0.24701304639474952,True,75
0.5,24,-690.953485714285,0.49988764880952385,0.008917038641003374,0.00037781965693639563,0.666664929926613,True,75
0.1,24,-691.2000000000152,0.5,-5.0527483431829335e-11,0.0,0.6666666666666667,True,75
3.5,24,-253.141828571253,0.03133134920634921,0.07075489456986396,0.04642734062196306,0.30359819252032516,True,76
3.0,24,-275.14114285703613,0.03247395833333334,0.08277098960695499,0.05713226066468248,0.30879211180187427,True,76
2.5,24,-301.49611428567914,0.034771081349206354,0.10300294501225532,0.07805808093820853,0.31686496187751534,True,76
2.0,24,-336.4380571428747,0.03826909722222222,0.12802056185373406,0.12245561222718257,0.30345509664071624,True,76
1.5,24,-381.54479999999165,0.04675892857142857,0.20424209333330867,0.2368933053665911,0.3051405697413545,True,76
1.0,24,-504.3633142857181,0.17474603174603173,2.4111002031519697,6.758071578231299,0.2516703624579999,True,76
0.5,24,-690.9636571428579,0.49989856150793655,0.00841209759689971,0.0003011422193210933,0.6666652808695962,True,76
0.1,24,-691.2000000000152,0.5,-5.0527483431829335e-11,0.0,0.6666666666666667,True,76
3.5,24,-252.42879999982006,0.03139186507936508,0.07080060807256112,0.0461994940071266,0.31442230032330454,True,77
3.0,24,-274.05348571419086,0.032322172619047615,0.08551824886872392,0.056074507168839854,0.31905311412366955,True,77
2.5,24,-301.60399999999885,0.03423040674603175,0.09973391301587173,0.08072829805839,0.28433466544685304,True,77
2.0,24,-335.64114285714794,0.03802058531746032,0.1329045827664509,0.12138402776006235,0.3030109844130785,True,77
1.5,24,-381.9391999999926,0.045902281746031746,0.2024602164374413,0.23540650784202583,0.2952205177384021,True,77
1.0,24,-512.7614857142793,0.20173040674603174,2.756932504104043,7.495803106257089,0.3489359937951485,True,77
0.5,24,-690.9492571428596,0.49989136904761905,0.008652912834400518,0.0003078341836797449,0.6666652489832119,True,77
0.1,24,-691.2000000000146,0.5,1.0105496686365867e-11,0.0,0.6666666666666667,True,77
3.5,24,-253.27108571412933,0.0316014384920635,0.07256254915266105,0.04629947269800771,0.32194034181916364,True,78
3.0,24,-274.70457142843185,0.032399305555555556,0.08583147083646665,0.056836002976190486,0.3213364877831365,True,78
2.5,24,-301.73005714283977,0.03492956349206349,0.09979299031654794,0.08028572993197275,0.3039789855333578,True,78
2.0,24,-336.0382857142688,0.038360367063492065,0.13606702253402622,0.12331858416595798,0.30522924952929964,True,78
1.5,24,-381.54799999996413,0.046630704365079365,0.2010296596119902,0.2305010576105444,0.31911537054312,True,78
1.0,24,-506.00937142856554,0.1784637896825397,2.4526884189568694,6.5067297209467085,0.2616456957853247,True,78
0.5,24,-690.9558857142872,0.49989136904761905,0.008603311020124238,0.0003385881519157863,0.6666651090731556,True,78
0.1,24,-691.2000000000152,0.5,-5.0527483431829335e-11,0.0,0.6666666666666667,True,78
3.5,24,-252.8277714283953,0.03137078373015873,0.07061497330001068,0.04574355999959505,0.30714089430009706,True,79
3.0,24,-275.20822857132487,0.03252604166666667,0.08654506630385882,0.05881642071759256,0.2988820182448573,True,79
2.5,24,-301.9551999999813,0.034720238095238096,0.10150725201269072,0.07855912607709753,0.3151302063883268,True,79
2.0,24,-335.63919999997995,0.03784647817460317,0.13480941242063535,0.11802626472151372,0.31632858633491856,True,79
1.5,24,-381.7789714285633,0.046258680555555556,0.2000212813706224,0.2383721602182538,0.28899911565986736,True,79
1.0,24,-517.3641142857091,0.20834375,3.051183716644017,8.535757874007942,0.34688083170254747,True,79
0.5,24,-690.981942857149,0.499904761904762,0.007728211879617043,0.0002841938773912034,0.6666653585826721,True,79
0.1,24,-691.2000000000146,0.5,1.0105496686365867e-11,0.0,0.6666666666666667,True,79
3.5,24,-252.74788571413933,0.03143427579365079,0.06973831285852172,0.046349782869695516,0.3073669422808727,True,80
3.0,24,-274.7915428570315,0.03262673611111111,0.08338481865457427,0.059493804315476226,0.30081011436238314,True,80
2.5,24,-302.24457142857165,0.034546875,0.10030363863944836,0.07796166597222232,0.3125383053198273,True,80
2.0,24,-335.73702857141444,0.03816121031746031,0.13173812017573205,0.11932185452097523,0.3143958288588713,True,80
1.5,24,-381.72217142854623,0.046209821428571426,0.197105026344178,0.2389167345993954,0.29392351353602697,True,80
1.0,24,-511.5527999999914,0.1924717261904762,2.9363891480953095,8.209874499858277,0.2943251079149295,True,80
0.5,24,-690.9414857142871,0.4998851686507937,0.009382254513588527,0.0003652658021167099,0.6666649863848249,True,80
0.1,24,-691.2000000000152,0.5,-5.0527483431829335e-11,0.0,0.6666666666666667,True,80
3.5,24,-253.19531428552168,0.03126587301587302,0.06808647567032039,0.04643363200518299,0.3099279615095608,True,81
3.0,24,-275.87234285702283,0.03305109126984127,0.08479567475687255,0.05813940093537408,0.3310786276244967,True,81
2.5,24,-301.945600000027,0.03465228174603175,0.10192034620952553,0.07954430946712011,0.30739625576441687,True,81
2.0,24,-335.991771428582,0.037869295634920634,0.13403528807255802,0.11886774162060662,0.3098616738044506,True,81
1.5,24,-381.62845714282736,0.04593377976190476,0.19172544216677506,0.23140171426209377,0.31577266197228737,True,81
1.0,24,-514.3326857142716,0.19800892857142857,3.126977688865938,8.575303132653065,0.2972627637191819,True,81
0.5,24,-690.9310857142899,0.4998851686507937,0.009688924353314279,0.0003503848496784201,0.6666650551625678,True,81
0.1,24,-691.2000000000146,0.5,1.0105496686365867e-11,0.0,0.6666666666666667,True,81
3.5,24,-253.08239999982828,0.03086483134920635,0.06842043067055882,0.04442888717808549,0.3184291063535333,True,82
3.0,24,-275.43234285707325,0.032780753968253966,0.08285500103552912,0.05766617554799698,0.31720850217892604,True,82
2.5,24,-301.65279999996807,0.03428174603174603,0.10512242560000029,0.07662156780045352,0.312518308964959,True,82
2.0,24,-335.8331428571908,0.03825,0.1367045034013788,0.12093859523809526,0.29807658502381673,True,82
1.5,24,-382.15794285712525,0.04731026785714286,0.20082745352484369,0.24243964888038516,0.3148379922391755,True,82
1.0,24,-511.55142857142465,0.1946706349206349,3.021467967686931,7.870297911564629,0.29491176743316805,True,82
0.5,24,-690.9734857142836,0.4999005456349207,0.007917975149515163,0.00029168076805063947,0.666665323870243,True,82
0.1,24,-691.2000000000152,0.5,-5.0527483431829335e-11,0.0,0.6666666666666667,True,82
3.5,24,-253.3629714283965,0.031139880952380954,0.07040714614095123,0.04441920618723676,0.3250438076138984,True,83
3.0,24,-275.064571428453,0.03228323412698413,0.08332272304106583,0.05753692417800445,0.30872408557845954,True,83
2.5,24,-302.5180571428241,0.03507316468253968,0.10422828085622718,0.0796969214143991,0.3132930547456806,True,83
2.0,24,-336.1178285714195,0.038275049603174606,0.13380202969954602,0.11986159607071989,0.3132300501111931,True,83
1.5,24,-381.79371428568805,0.04629861111111111,0.19653746510459627,0.2427583386243386,0.2952071589835069,True,83
1.0,24,-512.1237714285639,0.19076835317460317,2.960346261020277,7.945135782171201,0.2817137706586106,True,83
0.5,24,-690.9427428571454,0.4998926091269842,0.008874376324254425,0.00029574199255932854,0.6666653049536786,True,83
0.1,24,-691.2000000000152,0.5,-5.0527483431829335e-11,0.0,0.6666666666666667,True,83
3.5,24,-252.6714285712598,0.031475694444444445,0.07019112661390288,0.045409275793650804,0.3228249093026937,True,84
3.0,24,-274.8772571427587,0.032458829365079364,0.08431860172335752,0.05898530947656844,0.298386391918283,True,84
2.5,24,-301.7394285714019,0.03497048611111111,0.10536602848072006,0.08025058105158735,0.31435032114478567,True,84
2.0,24,-335.8225142857104,0.03821974206349207,0.13413343078797071,0.12287407164115638,0.30709924378849685,True,84
1.5,24,-382.10159999998325,0.04698611111111111,0.19670272289245694,0.24180577513227525,0.31454642533996247,True,84
1.0,24,-511.135999999996,0.18641989087301586,3.2868462222221146,8.279237988059808,0.23615452682552096,True,84
0.5,24,-690.9705142857166,0.4998993055555555,0.008255232290038193,0.0003107400793957993,0.6666652369982078,True,84
0.1,24,-691.2000000000152,0.5,-5.0527483431829335e-11,0.0,0.6666666666666667,True,84
3.5,24,-252.9149714284079,0.031147073412698418,0.06879960380212627,0.04675782287617422,0.29673012311577207,True,85
3.0,24,-274.44571428562875,0.0324077380952381,0.08442778029729602,0.057970164588057344,0.30100672874525636,True,85
2.5,24,-301.9573714285566,0.034483878968253966,0.10257011109661107,0.07598423297902492,0.331096157383894,True,85
2.0,24,-336.4096000000088,0.03775744047619048,0.13270440444442025,0.11479147810374152,0.3290875155954158,True,85
1.5,24,-381.8713142857005,0.04669246031746032,0.20010080245905287,0.23749216515495092,0.3166836983722845,True,85
1.0,24,-507.2475428571412,0.17787301587301588,2.75082242503413,7.490198346938773,0.22392250399304248,True,85
0.5,24,-690.9553142857229,0.4998921130952381,0.008728990387478715,0.0003273650084452129,0.6666651600271228,True,85
0.1,24,-691.2000000000152,0.5,-5.0527483431829335e-11,0.0,0.6666666666666667,True,85
3.5,24,-252.92411428552933,0.031108382936507938,0.07084570799945199,0.04625938369574014,0.30405714580251053,True,86
3.0,24,-274.2587428570526,0.03255679563492063,0.08643491636179994,0.05788648713860553,0.3130503612830182,True,86
2.5,24,-301.9953142856938,0.03467857142857143,0.10478302882176649,0.0805755530612245,0.30474212349549956,True,86
2.0,24,-335.9774857142995,0.038087053571428574,0.13425259745465862,0.11834352875212577,0.31163782202243995,True,86
1.5,24,-381.58240000000944,0.045895089285714286,0.20834727421514584,0.2303196003165156,0.3117274975304658,True,86
1.0,24,-507.8929142857044,0.18215848214285715,2.5533796152153627,7.24551334435232,0.2773895170315517,True,86
0.5,24,-690.9456000000025,0.49988541666666664,0.00909595682888822,0.0003559067460265908,0.6666650286630054,True,86
0.1,24,-691.2000000000146,0.5,1.0105496686365867e-11,0.0,0.6666666666666667,True,86
3.5,24,-253.14331428555516,0.031357390873015874,0.07240426115786332,0.04642872844792678,0.30986419708458113,True,87
3.0,24,-275.23668571419313,0.03272718253968254,0.08627474920382312,0.05924605612244897,0.3071407967821975,True,87
2.5,24,-301.4781714285752,0.0346750992063492,0.10266162954739735,0.08057210742630387,0.3061478714219209,True,87
2.0,24,-335.0246857142945,0.03814756944444444,0.13546229503399823,0.12163441183035725,0.3056994763666946,True,87
1.5,24,-381.8971428571549,0.04665252976190476,0.1986091206853203,0.23915973145786085,0.3150007228354411,True,87
1.0,24,-504.5591999999987,0.1700860615079365,2.255696633809647,6.351856279443031,0.24826980907290785,True,87
0.5,24,-690.9401142857132,0.4998911210317461,0.008953190386414967,0.0002953712442312906,0.666665306127718,True,87
0.1,24,-691.2000000000152,0.5,-5.0527483431829335e-11,0.0,0.6666666666666667,True,87
3.5,24,-251.53302857125973,0.03177008928571429,0.07363238021933763,0.04749155319687399,0.30430778333152453,True,88
3.0,24,-274.8068571427546,0.03256299603174603,0.08749318316956395,0.057260765825774676,0.317029174841471,True,88
2.5,24,-302.8113142857044,0.0349000496031746,0.10314713904400075,0.08180610701530618,0.3108626523012251,True,88
2.0,24,-335.3516571428713,0.03832638888888889,0.1352170412188103,0.12305450992063484,0.3037193723731362,True,88
1.5,24,-382.33874285714774,0.04526215277777778,0.19353784534142046,0.2303451906415343,0.2911080422463467,True,88
1.0,24,-508.74262857141986,0.16809300595238094,2.496109841178976,6.900296662379537,0.2004250605351141,True,88
0.5,24,-690.9505142857151,0.49989112103174604,0.00868077197325571,0.00032116489512645785,0.666665188396733,True,88
0.1,24,-691.2000000000146,0.5,1.0105496686365867e-11,0.0,0.6666666666666667,True,88
3.5,24,-252.33417142840196,0.03128422619047619,0.07020442634828321,0.04471947841755751,0.32411969373971006,True,89
3.0,24,-275.8068571427532,0.032877976190476194,0.0864979891660363,0.0581533435374149,0.31789010861556644,True,89
2.5,24,-302.27462857142064,0.034879960317460316,0.10492914500136168,0.08030875147392293,0.31934709365309055,True,89
2.0,24,-335.69919999996085,0.03774032738095238,0.13147303047619768,0.11976364865008507,0.2950285361109102,True,89
1.5,24,-381.60685714287683,0.0458859126984127,0.19338987553540696,0.2353419278155705,0.29452579122184286,True,89
1.0,24,-501.3852571428424,0.16275396825396826,2.275823590907041,5.916472074263041,0.20871052200137175,True,89
0.5,24,-690.9360000000028,0.4998869047619048,0.009479174605075968,0.0003434002267184155,0.6666650870316564,True,89
0.1,24,-691.2000000000146,0.5,1.0105496686365867e-11,0.0,0.6666666666666667,True,89
3.5,24,-252.62685714269293,0.03132465277777778,0.07229417700958403,0.045446149163832196,0.3141661251396912,True,90
3.0,24,-274.3482285713427,0.032832093253968256,0.08352539125976757,0.0575715863449546,0.3307814817768675,True,90
2.5,24,-302.3936000000016,0.034635912698412694,0.10528969020952192,0.08029272811791395,0.312497795572084,True,90
2.0,24,-335.63771428573716,0.037831101190476196,0.13387247789115816,0.11589290630314616,0.3069849603267134,True,90
1.5,24,-381.62765714287997,0.046065228174603165,0.19113281366588597,0.2337589468773622,0.3084597790594996,True,90
1.0,24,-512.8558857142714,0.19137748015873016,3.0860252126755463,8.111888536139457,0.26608401266730786,True,90
0.5,24,-690.9228571428644,0.4998821924603175,0.009718673468240822,0.00034661104018951505,0.6666650716999949,True,90
0.1,24,-691.2000000000152,0.5,-5.0527483431829335e-11,0.0,0.6666666666666667,True,90
3.5,24,-252.78902857124285,0.031174107142857142,0.07386242544124078,0.04489545234045998,0.3281305675613102,True,91
3.0,24,-275.1567999998957,0.032718253968253966,0.0853679292416181,0.05845877739984888,0.3159832316053488,True,91
2.5,24,-302.18822857140935,0.0342671130952381,0.10588770754103785,0.0767628936366213,0.3187782604824848,True,91
2.0,24,-335.4014857142848,0.03786582341269841,0.13136067364513337,0.12142264340632092,0.29913827171738216,True,91
1.5,24,-381.80468571427883,0.046417658730158726,0.19186643808515563,0.2385324467120184,0.3002201296558017,True,91
1.0,24,-514.2882285714285,0.20159871031746032,2.8449011681629295,7.738251427295912,0.3301587174210301,True,91
0.5,24,-690.9165714285714,0.49986582341269836,0.010492299318381507,0.0004966212443839879,0.6666643863637246,True,91
0.1,24,-691.2000000000146,0.5,1.0105496686365867e-11,0.0,0.6666666666666667,True,91
3.5,24,-252.8386285712693,0.031178571428571427,0.06974582027117192,0.04501531681243932,0.31197771910534366,True,92
3.0,24,-274.5684571427367,0.03250967261904762,0.08783625428068094,0.05911225386196141,0.3072467306509198,True,92
2.5,24,-301.77005714284496,0.034791418650793646,0.10420453825306646,0.07856209125566896,0.3214571033548408,True,92
2.0,24,-335.8441142856988,0.03778298611111111,0.13431857995464547,0.11985364794146824,0.29806512970740406,True,92
1.5,24,-381.496571428576,0.04581696428571429,0.20445544948350647,0.2323452674792138,0.2933456590779925,True,92
1.0,24,-510.3334857142792,0.18448462301587304,2.701527557279052,7.6713445661848105,0.26209389632399605,True,92
0.5,24,-690.9300571428578,0.4998809523809524,0.009639996010567605,0.0003676020407432645,0.6666649753790539,True,92
0.1,24,-691.2000000000146,0.5,1.0105496686365867e-11,0.0,0.6666666666666667,True,92
3.5,24,-252.54434285696004,0.031253968253968256,0.06980053279836973,0.045068166342727554,0.3171372574925335,True,93
3.0,24,-275.0934857141886,0.032200396825396826,0.08404299666414525,0.0563191347316704,0.30709612038130396,True,93
2.5,24,-302.2030857142714,0.034500248015873015,0.10197599735509155,0.0777496595096372,0.3145336019701389,True,93
2.0,24,-335.32308571425403,0.038157490079365086,0.13148759110544006,0.11855801443806671,0.3177358465023258,True,93
1.5,24,-382.4771428571156,0.04672891865079365,0.19498045225496574,0.24230215606103567,0.29601727842329373,True,93
1.0,24,-503.5546285714313,0.1674578373015873,2.411465949909345,6.450916237953515,0.20552861226295915,True,93
0.5,24,-690.9333714285815,0.49988368055555554,0.00938631392434925,0.0003569330357038325,0.6666650245985484,True,93
0.1,24,-691.2000000000146,0.5,1.0105496686365867e-11,0.0,0.6666666666666667,True,93
3.5,24,-254.01942857126897,0.03162549603174603,0.06827614993751968,0.04638325846290898,0.3172410618265825,True,94
3.0,24,-274.39794285701424,0.03260441468253968,0.08373174521541303,0.05814654760723738,0.3134254646712826,True,94
2.5,24,-302.4222857142925,0.034676091269841273,0.10068341759637002,0.0772937557256235,0.3171572744462432,True,94
2.0,24,-336.1466285713914,0.03825198412698413,0.1376055493820824,0.12044621910430832,0.32207080680074274,True,94
1.5,24,-381.2196571428165,0.0465625,0.1997577265407062,0.240205224867725,0.3041791494331755,True,94
1.0,24,-504.99862857141477,0.16734970238095237,2.434251822131349,6.7964688734410466,0.20576418682353104,True,94
0.5,24,-690.9461714285733,0.4998881448412698,0.009000830748037616,0.00034024936228505,0.6666651008068611,True,94
0.1,24,-691.2000000000152,0.5,-5.0527483431829335e-11,0.0,0.6666666666666667,True,94
3.5,24,-253.78045714268183,0.03130605158730159,0.07034019854504993,0.04452159179624225,0.31951373155268814,True,95
3.0,24,-274.62308571416474,0.032806299603174605,0.08333586721087832,0.059022479391062005,0.31184442646753197,True,95
2.5,24,-301.6835428571029,0.03453918650793651,0.10211501365623311,0.0762404954081632,0.3254823712521734,True,95
2.0,24,-335.10971428573504,0.03860069444444445,0.13339908106577367,0.12260946279761893,0.3021648926198266,True,95
1.5,24,-381.4092571428405,0.04655381944444444,0.19860113317206274,0.242093820271164,0.30776335349574013,True,95
1.0,24,-511.7839999999803,0.1902690972222222,2.4893939206346354,6.9642164744543695,0.32200526393651874,True,95
0.5,24,-690.9257142857138,0.4998774801587302,0.00994612244984536,0.0003973897391951198,0.6666648393595322,True,95
0.1,24,-691.2000000000146,0.5,1.0105496686365867e-11,0.0,0.6666666666666667,True,95
3.5,24,-252.6481142855417,0.03142311507936508,0.07063697673930576,0.04587488658082284,0.3096735515955177,True,96
3.0,24,-275.4657142856241,0.03232316468253968,0.08419602765179156,0.056955877633692434,0.3087530742724315,True,96
2.5,24,-302.0988571428672,0.03489260912698413,0.10407972344670674,0.07826721982709743,0.31482466877499193,True,96
2.0,24,-335.34537142856044,0.03828298611111111,0.1311495579138548,0.12056706262400801,0.30875130096444303,True,96
1.5,24,-381.80445714287754,0.04649280753968254,0.20106001994452213,0.234233756590136,0.30821752689650816,True,96
1.0,24,-507.965714285701,0.17878125,2.606723990929671,6.905134576388889,0.255060689423537,True,96
0.5,24,-690.9437714285729,0.499890625,0.009036139317484211,0.000311119543663807,0.6666652341507673,True,96
0.1,24,-691.2000000000146,0.5,1.0105496686365867e-11,0.0,0.6666666666666667,True,96
3.5,24,-252.3830857141215,0.03134275793650793,0.07134596528483952,0.04492176996274703,0.3302142985212432,True,97
3.0,24,-275.52274285704647,0.03294171626984127,0.08425486274628372,0.057756814047146665,0.3296519287952112,True,97
2.5,24,-301.77188571426274,0.03440575396825397,0.1064575201233553,0.07776601224489801,0.30623622523788463,True,97
2.0,24,-335.73165714283033,0.0383311011904762,0.12811414340136984,0.12014901146187627,0.31493162142927134,True,97
1.5,24,-382.3041142857291,0.04666195436507936,0.1999495195666469,0.24329457480631173,0.29420596391992826,True,97
1.0,24,-509.32765714284534,0.18167410714285714,2.604675834716444,7.08599312287415,0.27835226840184335,True,97
0.5,24,-690.957942857147,0.4998940972222222,0.00861914521535962,0.00032884573416325225,0.6666651540843277,True,97
0.1,24,-691.2000000000152,0.5,-5.0527483431829335e-11,0.0,0.6666666666666667,True,97
3.5,24,-252.94057142838642,0.031066964285714285,0.06953775019668633,0.04439060329608035,0.32199613088054957,True,99
3.0,24,-275.0891428570287,0.03239831349206349,0.08144246182916819,0.0565487422052154,0.3212572381125929,True,99
2.5,24,-301.97485714284824,0.03433010912698413,0.10289242122448841,0.07889503173185937,0.30671116926106623,True,99
2.0,24,-335.66297142854984,0.038413442460317464,0.13675327890588404,0.11878591466482419,0.3290364819100202,True,99
1.5,24,-382.02422857144154,0.04675992063492063,0.1959201114235008,0.24322044368858636,0.3039646266703995,True,99
1.0,24,-507.3332571428537,0.1766344246031746,2.875697742494241,7.792571921060091,0.20488716628354597,True,99
0.5,24,-690.9585142857161,0.49989459325396823,0.008638206893616976,0.0003378950538568404,0.6666651137078736,True,99
0.1,24,-691.2000000000146,0.5,1.0105496686365867e-11,0.0,0.6666666666666667,True,99
3.5,24,-253.12239999980937,0.031134920634920637,0.0709897264269638,0.04388529219306765,0.3309185717198738,True,98
3.0,24,-275.0854857141877,0.03281150793650794,0.08622604181406457,0.05897910034013601,0.30686971417412245,True,98
2.5,24,-301.8410285714108,0.034531994047619044,0.10244819272199594,0.07435525384070302,0.33542718843752506,True,98
2.0,24,-335.5597714285766,0.03815178571428572,0.13189945632653158,0.11785661876417217,0.3197338599811538,True,98
1.5,24,-381.8523428571493,0.046531498015873016,0.19603114876289185,0.23217873145786078,0.31541532047856935,True,98
1.0,24,-507.1086857142708,0.17964260912698413,2.7993304444215834,6.994270664647111,0.2550928597977241,True,98
0.5,24,-690.9321142857152,0.49988467261904773,0.00947371101857344,0.0003542215843523877,0.6666650375784106,True,98
0.1,24,-691.2000000000146,0.5,1.0105496686365867e-11,0.0,0.6666666666666667,True,98
