T,L,E,Ms,Cv,chi_s,U,periodica,intento,tao
2.0,16,-141.9020444444607,0.05311414930555555,0.13030651848765729,0.10173683388792443,0.3188350480869958,False,1,5000
1.7,16,-153.21262222222006,0.05753072916666667,0.16189522871546524,0.1415609403186274,0.31353404047454736,False,1,5000
1.5,16,-162.22016888888874,0.06209904513888889,0.19231712093813436,0.18771729660365222,0.3157234554778978,False,1,5000
1.3,16,-173.3313777777772,0.06949305555555556,0.24965883950618986,0.27746352148622977,0.2970345997737167,False,1,5000
1.2,16,-180.3503111111107,0.07675277777777778,0.29638778547239003,0.3670544578446502,0.29613205693312195,False,1,5000
1.1,16,-188.80652444444576,0.08655633680555555,0.3696266761667485,0.5085428983568324,0.295233350405252,False,1,5000
1.0,16,-199.77579555555516,0.10348289930555556,0.49636707261450397,0.8242568438869595,0.2838556649404933,False,1,5000
0.9,16,-214.59943999999976,0.14079088541666668,0.691668619886957,1.6974172305362651,0.2951866266913262,False,1,5000
0.8,16,-234.7817333333201,0.2207215277777778,0.7949193393012698,4.260476671141973,0.4247383411630825,False,1,5000
0.7,16,-251.12705777770537,0.3296236111111111,0.4779859861194925,4.972638487389775,0.5835691489434808,False,1,5000
0.5,16,-263.53695999998916,0.44033727678571427,0.10618233417199008,0.27200422140306557,0.6632115980419191,False,1,15000
0.3,16,-267.2799085714273,0.4702589285714286,0.053668491700717726,0.1748673426870558,0.6654738791587431,False,1,15000
0.1,16,-269.79564571428455,0.49797488839285714,0.03146045096400484,0.021116198182369317,0.6666227181481157,False,1,15000
2.0,16,-141.98040000001302,0.05323871527777778,0.13254844776041708,0.1032011225887346,0.31452499278671886,False,2,5000
1.7,16,-153.03888888888864,0.05723263888888889,0.16378002043819156,0.1412567601670298,0.30861309306737994,False,2,5000
1.5,16,-162.1942311111104,0.06195112847222222,0.19269933728381577,0.18796102709747947,0.3100206107537974,False,2,5000
1.3,16,-173.38261333332977,0.06990885416666667,0.24873486998028368,0.2762404847756409,0.2992133524896379,False,2,5000
1.2,16,-180.3154488888882,0.07625069444444445,0.2947495310048195,0.3567297221193416,0.30548852226281686,False,2,5000
1.1,16,-188.8620799999983,0.08652795138888889,0.37578402299351826,0.5125299747404602,0.29090555314114297,False,2,5000
1.0,16,-199.39943111111083,0.10433168402777777,0.49714199873582743,0.8135901064795528,0.2925231695133068,False,2,5000
0.9,16,-214.44626666666503,0.13764513888888888,0.6607644882544396,1.6037036145747605,0.30875769407341913,False,2,5000
0.8,16,-233.13434666665867,0.2021118923611111,0.7643098461632912,3.86382682956935,0.382055466696573,False,2,5000
0.7,16,-251.05034666658673,0.33368151041666666,0.49858166358271966,4.604556979935518,0.5887165914742968,False,2,5000
0.5,16,-263.55397714284817,0.4399830357142857,0.10614969034872956,0.28646292408163276,0.6630532098562036,False,2,15000
0.3,16,-267.2791999999984,0.47028348214285715,0.05393886111038329,0.1752284481292321,0.6654717400835418,False,2,15000
0.1,16,-269.7985942857125,0.49800066964285716,0.030945656681069515,0.021023552423358183,0.6666229350569326,False,2,15000
2.0,16,-141.91015111112227,0.05322986111111111,0.13212997055061493,0.1039391480864198,0.3098660885473372,False,3,5000
1.7,16,-153.0736888888924,0.057253125,0.16150884658678152,0.140180331862745,0.31820555319709454,False,3,5000
1.5,16,-162.03993777777953,0.061874392361111114,0.19396774320315696,0.18917064577031883,0.30370804258901996,False,3,5000
1.3,16,-173.49510222222358,0.06965364583333333,0.2480087792020866,0.2732291546474358,0.31130816645690473,False,3,5000
1.2,16,-180.3050399999977,0.07678559027777777,0.2953803516184412,0.36382488602752083,0.29899110695506126,False,3,5000
1.1,16,-188.65419555555664,0.0854045138888889,0.3737017668072674,0.5044692417227833,0.2817961267311093,False,3,5000
1.0,16,-200.01934222222107,0.1057,0.5032560108099062,0.8703219002777778,0.2756457106039232,False,3,5000
0.9,16,-214.47471111111153,0.1408802951388889,0.6753855475442392,1.6765585252036175,0.3074151825205307,False,3,5000
0.8,16,-234.42398222221286,0.2179134548611111,0.7949123749980912,4.154329772451293,0.42122433852482655,False,3,5000
0.7,16,-251.25359999991747,0.34091328125,0.4528929132652709,4.017768540451396,0.6002280898562191,False,3,5000
0.5,16,-263.50457142855885,0.4396626116071429,0.109909423469162,0.280680209636472,0.6630691312824974,False,3,15000
0.3,16,-267.2817142857119,0.47033504464285714,0.05287209467168295,0.17221400080783175,0.6654918945000206,False,3,15000
0.1,16,-269.8008914285703,0.4980268973214286,0.030556832444972308,0.020550317570098287,0.6666239113357306,False,3,15000
2.0,16,-141.8354400000064,0.053108854166666664,0.1313982178881865,0.1030907305208334,0.3081318005610735,False,8,5000
1.7,16,-153.16524444444175,0.057431510416666665,0.16273466101713488,0.1421706151041667,0.3088690981893356,False,8,5000
1.5,16,-162.1253777777775,0.061880381944444444,0.1922808757167268,0.1869087820936214,0.308202883618213,False,8,5000
1.3,16,-173.36356444444664,0.06998098958333333,0.2522657349329727,0.27568849453792743,0.3068652864272753,False,8,5000
1.2,16,-180.1949422222224,0.07589140625,0.29325332566850154,0.35485662718460653,0.30208868480836026,False,8,5000
1.1,16,-188.5822222222171,0.08533854166666667,0.36509668401183354,0.4926294191919191,0.2995469680742302,False,8,5000
1.0,16,-199.74706666666842,0.10428993055555555,0.4914254438193666,0.8370729043209879,0.2847507205424086,False,8,5000
0.9,16,-214.7048888888884,0.13945633680555555,0.6718495160798261,1.702682211571931,0.29325049826192384,False,8,5000
0.8,16,-233.99813333332125,0.22328428819444446,0.8117080082465032,4.068300322567029,0.4398845261578622,False,8,5000
0.7,16,-251.32910222212763,0.3362485243055556,0.453360439294496,4.419233595433753,0.5937025773761754,False,8,5000
0.5,16,-263.5193371428477,0.43984073660714285,0.1098797645634022,0.29371459356505625,0.6629652932006942,False,8,15000
0.3,16,-267.2671657142842,0.47015825892857144,0.054173445979838815,0.1722689846513485,0.6654880861073216,False,8,15000
0.1,16,-269.7998285714277,0.49801919642857145,0.030828559943074645,0.020618574489716934,0.6666237664348966,False,8,15000
2.0,16,-141.9956888888968,0.05323342013888889,0.13093242282214845,0.10344668113329475,0.31077754581405004,False,5,5000
1.7,16,-153.0799555555579,0.05734375,0.16202454824798965,0.14244515931372548,0.3069126183370673,False,5,5000
1.5,16,-162.23061333333007,0.061907899305555555,0.19514871863704128,0.18737066481352876,0.3095257819090005,False,5,5000
1.3,16,-173.36591111111238,0.06968185763888889,0.2450414790662112,0.27293510323925707,0.3090716478567258,False,5,5000
1.2,16,-180.22752888889045,0.07642404513888888,0.2922466132096544,0.3620189862638248,0.2973894660837817,False,5,5000
1.1,16,-188.8531733333304,0.08623463541666666,0.37218338834708076,0.5061518800347222,0.2968245069118508,False,5,5000
1.0,16,-199.57567999999952,0.10365043402777778,0.48483307848894697,0.8400243406462189,0.27232985902910045,False,5,5000
0.9,16,-214.85575111110956,0.13964375,0.6743103879043167,1.7184095712962952,0.2935484864044752,False,5,5000
0.8,16,-233.73271111110134,0.21562638888888888,0.8114466266878838,4.11975755146605,0.41382281410723676,False,5,5000
0.7,16,-251.31654222213373,0.3406796006944444,0.4656208343909751,4.1083500257909025,0.5994220115773207,False,5,5000
0.5,16,-263.5576914285617,0.43998046875,0.10915574529781225,0.2999402064731953,0.6628976050498061,False,5,15000
0.3,16,-267.26965714285586,0.4700229910714286,0.054444364937151275,0.1856871084608732,0.6654064578356831,False,5,15000
0.1,16,-269.79973714285546,0.49801551339285716,0.0308642587185659,0.020738553539487725,0.6666235211899068,False,5,15000
2.0,16,-142.05915555555958,0.05313576388888889,0.132731224998075,0.10264352683641975,0.3142059306576185,False,4,5000
1.7,16,-153.20157333333563,0.05741189236111111,0.16281591841503923,0.14190715411106575,0.31139117225509805,False,4,5000
1.5,16,-162.13360888888857,0.061547743055555555,0.1958898167405765,0.18655774061213998,0.30386655847799804,False,4,5000
1.3,16,-173.35101333333245,0.06997222222222223,0.24886409505422935,0.27543246023266843,0.3045920398822586,False,4,5000
1.2,16,-180.4224977777786,0.07611987847222222,0.3019639336932143,0.36012861882555297,0.2975485934135942,False,4,5000
1.1,16,-188.5575022222249,0.08563055555555556,0.37513856801317347,0.49738416579685735,0.2953656184632335,False,4,5000
1.0,16,-199.86562666666765,0.10460381944444444,0.4902324541083374,0.8465853948765432,0.27810316592872264,False,4,5000
0.9,16,-214.57568888888574,0.13869539930555555,0.6825862786827117,1.7057567870348944,0.28157619835201675,False,4,5000
0.8,16,-234.3846399999856,0.2185865451388889,0.7925136641666163,4.174456402659623,0.41890246204683257,False,4,5000
0.7,16,-251.37837333323566,0.3379858506944444,0.4579074392239591,4.5568642432512165,0.5949254581443064,False,4,5000
0.5,16,-263.56894857141623,0.44057388392857144,0.10751914879801916,0.2671077693622266,0.6632552562686309,False,4,15000
0.3,16,-267.28246857142693,0.47025758928571426,0.05305124344722067,0.1736535282313175,0.6654818546434413,False,4,15000
0.1,16,-269.79877714285533,0.49800412946428574,0.030952987299315275,0.021004250988454487,0.6666229892945843,False,4,15000
2.0,16,-141.8658666666713,0.05316041666666667,0.13087699243055084,0.10302772138888888,0.31499519616527827,False,6,5000
1.7,16,-153.08616888889654,0.057274392361111114,0.15818933918193545,0.14213232502609838,0.3060387536617064,False,6,5000
1.5,16,-162.2188355555548,0.061684027777777775,0.19485723591755763,0.1830837062757203,0.3194724857318235,False,6,5000
1.3,16,-173.34313777777857,0.06992569444444445,0.25158974877476004,0.2762500505460587,0.301202923022738,False,6,5000
1.2,16,-180.37284444444597,0.07662612847222222,0.29428697530328546,0.36100242044592334,0.30363964604517313,False,6,5000
1.1,16,-188.8043555555572,0.08584930555555556,0.3708037495918917,0.5121894776655441,0.2816256533173992,False,6,5000
1.0,16,-199.74652444444132,0.10343342013888888,0.4914770239950883,0.7914586867110343,0.2992393696595692,False,6,5000
0.9,16,-214.34732444444327,0.13601805555555554,0.671794437785475,1.6536201835048026,0.27988727220736054,False,6,5000
0.8,16,-233.81418666665544,0.21173715277777777,0.814139526805535,4.153546245794752,0.3996594092121206,False,6,5000
0.7,16,-251.37883555545986,0.3405618923611111,0.4655698984877592,4.11688219926973,0.5988039650034427,False,6,5000
0.5,16,-263.5438399999858,0.44069486607142855,0.10963829102888667,0.2627466972193986,0.6633099750155484,False,6,15000
0.3,16,-267.2628114285697,0.4701080357142857,0.05481209741446946,0.17682355204082495,0.6654581454054778,False,6,15000
0.1,16,-269.79887999999823,0.4980058035714286,0.030970938564678356,0.020897467346827625,0.6666231912834109,False,6,15000
2.0,16,-141.95548444445762,0.05322291666666667,0.13296680092098256,0.10387543944444438,0.30927750335070703,False,9,5000
1.7,16,-153.11158222222517,0.05707092013888889,0.16154485904897217,0.139274711954203,0.31691289282692403,False,9,5000
1.5,16,-162.1738044444448,0.061936197916666665,0.19441448768053407,0.18623272887731482,0.3110315805340116,False,9,5000
1.3,16,-173.4054488888885,0.06973506944444445,0.25091942512803794,0.27896105011870825,0.29646003558871714,False,9,5000
1.2,16,-180.27779555555432,0.07650173611111111,0.3008563448422584,0.3558536683384776,0.31180307307365007,False,9,5000
1.1,16,-188.7673244444424,0.08648446180555555,0.3684554833751618,0.5054596527760246,0.297483862541709,False,9,5000
1.0,16,-199.6298488888921,0.10320112847222222,0.48820515859139846,0.8114630475906637,0.29101339660225733,False,9,5000
0.9,16,-214.75220444444508,0.1408275173611111,0.6603926698944549,1.6789340323023845,0.3078232030580468,False,9,5000
0.8,16,-234.42584888887563,0.2252896701388889,0.8204654096913621,4.075694785472126,0.4413350544266126,False,9,5000
0.7,16,-251.34876444435469,0.3329129340277778,0.45507351745053093,4.855322228700949,0.5877485682746462,False,9,5000
0.5,16,-263.5593599999856,0.44022265625,0.107286622171614,0.27585082254464055,0.6631476312025004,False,9,15000
0.3,16,-267.2684571428562,0.47005926339285714,0.054623979025968265,0.18438061903699085,0.665412841954746,False,9,15000
0.1,16,-269.8015999999988,0.4980293526785714,0.0304847142899689,0.020863053284472244,0.6666232940748442,False,9,15000
2.0,16,-141.83396444445054,0.053318315972222224,0.1301127345647295,0.10470591962866505,0.30950033137541333,False,0,5000
1.7,16,-153.28447111111717,0.05727335069444445,0.1644182630602633,0.1436848112733751,0.30284995375685775,False,0,5000
1.5,16,-162.25307555555872,0.06225616319444444,0.194178948855823,0.19071294305426947,0.30375362664895234,False,0,5000
1.3,16,-173.32911111111224,0.0695467013888889,0.24955567597616674,0.2724411388829532,0.305216313151475,False,0,5000
1.2,16,-180.44551111111213,0.07622925347222222,0.29561081652948773,0.3581185106079606,0.30141633843359705,False,0,5000
1.1,16,-188.72967999999582,0.08617291666666667,0.37268551705922665,0.5112812939393938,0.28960841913526514,False,0,5000
1.0,16,-199.8715644444433,0.10505043402777778,0.489240660925617,0.8319099773128857,0.2935871188152783,False,0,5000
0.9,16,-214.32591111111103,0.13599097222222223,0.6825484083123703,1.6513263857681755,0.2819697161141911,False,0,5000
0.8,16,-233.6154488888815,0.2111457465277778,0.7928935953684045,4.046752724245273,0.40357679145279746,False,0,5000
0.7,16,-250.76490666658506,0.3248597222222222,0.49168422984112164,4.94489711900353,0.5776242899671183,False,0,5000
0.5,16,-263.5593599999826,0.4405640625,0.1092639078854063,0.26953461660713174,0.6632340359454696,False,0,15000
0.3,16,-267.25866285714125,0.4700439732142857,0.05446750176234774,0.1800481416241695,0.6654385255940418,False,0,15000
0.1,16,-269.798582857141,0.49800223214285716,0.031067072637824815,0.020963647959177933,0.6666230550857717,False,0,15000
2.0,16,-142.05634666667333,0.05336354166666667,0.13027555571597205,0.10446408805555552,0.3145986997128297,False,10,5000
1.7,16,-153.03128000000123,0.05740173611111111,0.1603000519713632,0.14076540052650696,0.31595423125794675,False,10,5000
1.5,16,-162.213768888892,0.06200390625,0.1915528807406051,0.18609416637731485,0.3107356444688558,False,10,5000
1.3,16,-173.52902222222357,0.06976440972222223,0.24847444202920352,0.2754766343245487,0.3079709501364125,False,10,5000
1.2,16,-180.26715555555617,0.07569348958333333,0.2903734336366309,0.3521569072771993,0.30127775866283935,False,10,5000
1.1,16,-188.8482044444438,0.08638012152777778,0.36981020969063055,0.5113578935167645,0.2907831486326823,False,10,5000
1.0,16,-199.6880444444435,0.10505069444444444,0.4958885666589481,0.8377990087654323,0.29089226222953213,False,10,5000
0.9,16,-214.60991111111082,0.13819270833333333,0.6813199309461219,1.6581478472222224,0.29167591506000456,False,10,5000
0.8,16,-233.78772444443447,0.21232005208333332,0.7869633163767097,4.058713748242189,0.4084259540997779,False,10,5000
0.7,16,-251.28971555547068,0.3401666666666667,0.4665271896895399,4.137677638888881,0.5990994016980389,False,10,5000
0.5,16,-263.4229828571314,0.4331474330357143,0.11974946097757311,1.1641535905548324,0.656880621252495,False,10,15000
0.3,16,-267.282057142856,0.4703956473214286,0.053599816325484224,0.17424224038052216,0.6654805744618687,False,10,15000
0.1,16,-269.79743999999823,0.49799095982142855,0.031243868590991035,0.02110360328451577,0.6666227589643197,False,10,15000
2.0,16,-142.11956444445022,0.053288368055555556,0.12994323037029432,0.10428779907021601,0.31001960910306625,False,7,5000
1.7,16,-153.18744888889046,0.05759592013888889,0.1604808232149918,0.1427349196339416,0.3111145184378944,False,7,5000
1.5,16,-162.18866666666554,0.06198177083333333,0.19562983873457065,0.18721620254629628,0.3100623754881917,False,7,5000
1.3,16,-173.32479999999944,0.07021223958333334,0.2521624220907352,0.27794146334134595,0.30765150473629066,False,7,5000
1.2,16,-180.2866488888899,0.07588862847222222,0.29879795878257437,0.3593089841033309,0.2983511984674345,False,7,5000
1.1,16,-188.73816000000247,0.08615399305555556,0.36861877235761187,0.49647252027918043,0.30626618934732897,False,7,5000
1.0,16,-199.59127111110953,0.1026493923611111,0.4886492857024223,0.8162525261554787,0.2747932638382393,False,7,5000
0.9,16,-214.65726222222216,0.13807274305555556,0.6846147083660489,1.7240198096622086,0.28704551841446146,False,7,5000
0.8,16,-234.16640888887682,0.21570911458333333,0.7941887293398507,4.1378898149088545,0.41080254093783763,False,7,5000
0.7,16,-250.87899555547605,0.32091753472222223,0.4877311767641538,5.402189536761465,0.569793154911482,False,7,5000
0.5,16,-263.50634285712647,0.4388340401785714,0.11210658566346865,0.47494082137117744,0.6619939353686648,False,7,15000
0.3,16,-267.25747428571276,0.46999319196428574,0.05524174693315824,0.181276761043776,0.6654298208993065,False,7,15000
0.1,16,-269.7990285714271,0.49800602678571426,0.031063917089113595,0.0210269784439987,0.666622931886329,False,7,15000
2.0,16,-141.93647111112492,0.053176822916666665,0.1306400899221387,0.10380645311631947,0.3075481851346319,False,11,5000
1.7,16,-153.0414488888859,0.05722977430555556,0.1657054152709396,0.1408103742635711,0.31146601300777776,False,11,5000
1.5,16,-162.22348444444467,0.06165868055555555,0.1941247091681867,0.1859853332510289,0.3084646410123171,False,11,5000
1.3,16,-173.32605333333026,0.06996397569444444,0.24970003364725962,0.2777162642079179,0.3047083919886737,False,11,5000
1.2,16,-180.4117155555572,0.07623758680555555,0.29247186918636026,0.35533892256783717,0.3084458988414488,False,11,5000
1.1,16,-188.68236444444355,0.08626371527777778,0.3677046146423734,0.504732020615881,0.2954139396659764,False,11,5000
1.0,16,-199.81353777777858,0.10430277777777777,0.4840070618737684,0.8171472827469137,0.29609001560695125,False,11,5000
0.9,16,-214.74015111111402,0.13985677083333334,0.6786883332231944,1.722244550540123,0.28217190095543665,False,11,5000
0.8,16,-234.21873777776653,0.21596848958333334,0.8004311035571642,4.1437654348741315,0.41619671246486845,False,11,5000
0.7,16,-251.27937777768693,0.33767144097222224,0.4695640558703552,4.4183859523120566,0.5949839926657239,False,11,5000
0.5,16,-263.5759771428483,0.4404869419642857,0.10811755427744174,0.27212510734055684,0.6631942941569683,False,11,15000
0.3,16,-267.2848457142842,0.47034620535714283,0.05444628244883158,0.17873206628403676,0.6654507640246756,False,11,15000
0.1,16,-269.79693714285537,0.49798738839285717,0.030878478355589316,0.020812369610894166,0.6666233608045957,False,11,15000
2.0,16,-141.91456000001105,0.053183940972222225,0.13190498221111113,0.1029430535869984,0.31316057229850036,False,13,5000
1.7,16,-153.10821333333234,0.057373784722222224,0.16038629626681838,0.1422758772285765,0.3056389730510871,False,13,5000
1.5,16,-162.22420444444802,0.062030208333333337,0.19351092116200638,0.18796985629629615,0.30398456462984613,False,13,5000
1.3,16,-173.23985777777554,0.06959010416666667,0.24866863243187656,0.274802816826923,0.3051532646829923,False,13,5000
1.2,16,-180.45701333333471,0.07615147569444444,0.28872152576388843,0.3612629320585779,0.3000628512319692,False,13,5000
1.1,16,-188.6918311111103,0.08616223958333333,0.3649849429749114,0.5055350415246213,0.29866151394689333,False,13,5000
1.0,16,-199.43389333333306,0.10245920138888889,0.5015138737750817,0.8089759280478392,0.2766047694001671,False,13,5000
0.9,16,-214.44963555555245,0.13906710069444445,0.6760924054808822,1.6842761706768696,0.29420678328868677,False,13,5000
0.8,16,-234.32806222220933,0.21924809027777778,0.7939232100459214,4.140463144666279,0.424988812807656,False,13,5000
0.7,16,-250.75215111103054,0.3241275173611111,0.4873214590018585,5.079643657404646,0.576721298779644,False,13,5000
0.5,16,-263.51126857142407,0.43962935267857145,0.10928683735528466,0.3099140099425881,0.662866070980831,False,13,15000
0.3,16,-267.27098285714135,0.4702160714285714,0.053672780493090815,0.17193373197279982,0.6654915919655858,False,13,15000
0.1,16,-269.7988114285703,0.49800535714285715,0.03122444815630842,0.021029069387736854,0.666622920971347,False,13,15000
2.0,16,-141.92391111112124,0.052981857638888886,0.13068489478394696,0.10334762904996148,0.31253901572219234,False,12,5000
1.7,16,-153.04000000000153,0.05755755208333333,0.15780827566320896,0.14231936845383997,0.3105574131432096,False,12,5000
1.5,16,-162.11642666666606,0.06211493055555556,0.19501010869629454,0.18775235584362138,0.3098225120651684,False,12,5000
1.3,16,-173.2668088888861,0.06961501736111111,0.24829956164512554,0.27550830035464136,0.30526904128270704,False,12,5000
1.2,16,-180.2772355555551,0.0762375,0.2978584900718081,0.35785860092592603,0.3023309668365187,False,12,5000
1.1,16,-189.0010044444452,0.08768810763888889,0.3729987341166859,0.5244416861514453,0.29414104020780973,False,12,5000
1.0,16,-199.7020533333344,0.10259921875,0.4902792196416499,0.8188704277604169,0.27616102939216947,False,12,5000
0.9,16,-214.47264888888822,0.13928862847222223,0.6697896536622485,1.6597168402241942,0.3044431907199333,False,12,5000
0.8,16,-234.4858666666563,0.2196224826388889,0.7977619861111672,4.150493061340182,0.4231352425415622,False,12,5000
0.7,16,-250.9572088888026,0.3245056423611111,0.47747128710264697,5.04123043974592,0.5765610026896649,False,12,5000
0.5,16,-263.2873828571294,0.4200880580357143,0.12721354833524856,3.69457068162626,0.6448658340033723,False,12,15000
0.3,16,-267.2688114285696,0.47023292410714285,0.054481987296463155,0.17362458153700783,0.6654822277289284,False,12,15000
0.1,16,-269.79823999999866,0.4979950892857143,0.03159879000804721,0.021624831122437627,0.6666217139852854,False,12,15000
2.0,16,-141.89971555556352,0.05328255208333333,0.13246538012931808,0.10395493901909725,0.31065672565047164,False,16,5000
1.7,16,-152.9480266666704,0.0572203125,0.16421958035275325,0.13960207234477115,0.31639863012817837,False,16,5000
1.5,16,-161.98321777777616,0.06215807291666667,0.19209053572785073,0.18738103045138882,0.31137818898785574,False,16,5000
1.3,16,-173.40201777777875,0.06980381944444444,0.2512220484460157,0.27630281101614435,0.30653521346272616,False,16,5000
1.2,16,-180.15790222221767,0.07596128472222222,0.2965933599759928,0.35249227514789117,0.3071761603514015,False,16,5000
1.1,16,-188.6861955555545,0.08572864583333334,0.3742261295253063,0.5035217297348484,0.29154898724964917,False,16,5000
1.0,16,-199.4226488888903,0.10282196180555556,0.48848691286917756,0.8053235222202932,0.2829061673080805,False,16,5000
0.9,16,-214.52025777777976,0.13913203125,0.6787857952899418,1.6771000715856468,0.29122536944260735,False,16,5000
0.8,16,-234.01035555554265,0.21557786458333333,0.8083157300227571,4.074282947894967,0.4163004696662487,False,16,5000
0.7,16,-251.1367644443598,0.3346572916666667,0.4764326914866792,4.396142434126976,0.5915691488425829,False,16,5000
0.5,16,-263.5536799999911,0.44079252232142857,0.10791340447144648,0.2578279081568837,0.6633700832498267,False,16,15000
0.3,16,-267.276434285713,0.4701963169642857,0.05366587673481465,0.17638870449616206,0.6654645552442111,False,16,15000
0.1,16,-269.7973942857133,0.49799029017857144,0.031529490615866955,0.021344481855862796,0.666622267259913,False,16,15000
2.0,16,-142.0758400000073,0.05336059027777778,0.12951662615555293,0.10297984008873451,0.31522977376565653,False,14,5000
1.7,16,-153.17437333333547,0.05732005208333334,0.16189907869954273,0.14245519933619274,0.30850140798385917,False,14,5000
1.5,16,-162.19406222221997,0.06210651041666667,0.1940360869377097,0.1888761791550925,0.3086513467425547,False,14,5000
1.3,16,-173.3778666666619,0.06998836805555556,0.2456870662393133,0.2740362019883666,0.30778975412019416,False,14,5000
1.2,16,-180.30751111110916,0.07636727430555555,0.2999352346911424,0.3655019820585779,0.29375151014212275,False,14,5000
1.1,16,-188.44134222222013,0.08651961805555555,0.3650749574530365,0.5069676970468577,0.296166169742501,False,14,5000
1.0,16,-199.72076444444335,0.10272369791666666,0.4956961421617052,0.7825137555381949,0.2972590293182851,False,14,5000
0.9,16,-214.82623999999782,0.14135208333333332,0.6808721939095179,1.722318764197532,0.30472700803944797,False,14,5000
0.8,16,-234.70467555554436,0.22377213541666666,0.8034594694366514,4.094567573242188,0.43505846011464,False,14,5000
0.7,16,-250.697253333255,0.3194728298611111,0.48578106230679075,5.284012367920532,0.5694193580363556,False,14,5000
0.5,16,-263.55479999998795,0.4402046875,0.10710157750008875,0.27712106660713687,0.66312776221577,False,14,15000
0.3,16,-267.25482285714105,0.4700149553571429,0.054889590652212265,0.1767945412839822,0.6654579901241379,False,14,15000
0.1,16,-269.79639999999927,0.49798013392857143,0.03160922321967518,0.021443953954047856,0.6666220708009791,False,14,15000
2.0,16,-141.74591111112602,0.05308012152777778,0.13248937212770429,0.10312002865644282,0.3107074329431794,False,21,5000
1.7,16,-153.22852444443907,0.05776345486111111,0.16317691350751423,0.14273937429080427,0.3124712170043681,False,21,5000
1.5,16,-162.1029066666649,0.061871267361111114,0.19244971990000673,0.18577333327031892,0.30987946620885976,False,21,5000
1.3,16,-173.3940266666664,0.06957039930555556,0.2514717452728347,0.272716672007063,0.30472863764734637,False,21,5000
1.2,16,-180.28439111111078,0.07595373263888888,0.30291289522546255,0.3571390091804914,0.29537131290506957,False,21,5000
1.1,16,-188.66466666666858,0.08600928819444445,0.37424088469928224,0.5040485954527915,0.2861222995855818,False,21,5000
1.0,16,-199.53316444444457,0.10306927083333334,0.4902560647033738,0.8019085452083332,0.2845271106214673,False,21,5000
0.9,16,-214.51741333333416,0.13693689236111112,0.6674794876234436,1.6697988679505305,0.28340872909475046,False,21,5000
0.8,16,-234.14135111109837,0.2165287326388889,0.7638106030073643,4.054950299187404,0.42041717475472284,False,21,5000
0.7,16,-251.3930222221343,0.34386223958333334,0.47376877284891966,3.9643486914434485,0.602355512499134,False,21,5000
0.5,16,-263.5441714285641,0.4402154017857143,0.10662094239796716,0.2719471371173512,0.6631920142136652,False,21,15000
0.3,16,-267.27055999999845,0.4701666294642857,0.054433116348364924,0.17795825628188786,0.6654537877087043,False,21,15000
0.1,16,-269.7999314285696,0.4980162946428571,0.03091428388302119,0.020843588137751112,0.6666233115382164,False,21,15000
2.0,16,-141.81530666667248,0.05331180555555556,0.13125886841944734,0.10428371035493827,0.30829886890916336,False,17,5000
1.7,16,-153.13987555555596,0.05764227430555555,0.160716499882948,0.14307511968840783,0.309748021368504,False,17,5000
1.5,16,-162.04542222222213,0.06198585069444444,0.19238950451303558,0.18860679407278808,0.30877211315406894,False,17,5000
1.3,16,-173.39717333332996,0.0700015625,0.24864583952003774,0.27697788947649565,0.3068897261175635,False,17,5000
1.2,16,-180.3398933333365,0.07644262152777778,0.29828215564044036,0.36275996951999734,0.29394021564665374,False,17,5000
1.1,16,-188.65502222222304,0.08686753472222222,0.3656090281348805,0.5112586107673959,0.2953507484376542,False,17,5000
1.0,16,-199.5287111111129,0.10388116319444445,0.4950719813579667,0.8133986062480711,0.29181187195871316,False,17,5000
0.9,16,-214.49120888888646,0.13970234375,0.6839815031546437,1.6977481124807092,0.29579946582492733,False,17,5000
0.8,16,-234.2981155555385,0.22332786458333334,0.8061109483778138,4.111034586783853,0.4356649624264597,False,17,5000
0.7,16,-250.93192888880935,0.32685295138888887,0.48473721027675065,5.007358631735015,0.5799351440859358,False,17,5000
0.5,16,-263.53481142855554,0.44000970982142856,0.10928274364073332,0.2748610320854681,0.6631544338632616,False,17,15000
0.3,16,-267.2757714285693,0.4702650669642857,0.055113906462464814,0.1802328271152239,0.6654414748837221,False,17,15000
0.1,16,-269.79958857142736,0.49801160714285714,0.030335648170876077,0.02053029795924033,0.6666239435062267,False,17,15000
2.0,16,-141.97016000000255,0.0532875,0.13085786308264247,0.10360580402777775,0.3113634941188981,False,20,5000
1.7,16,-153.16918222222182,0.05740217013888889,0.16280699676523477,0.14059546849015075,0.31221793448505575,False,20,5000
1.5,16,-162.04578666666563,0.06165564236111111,0.19512311964321802,0.1853433133629115,0.3091523514701079,False,20,5000
1.3,16,-173.45855999999935,0.06930138888888888,0.24746268504931737,0.27194090410731264,0.3050567512306416,False,20,5000
1.2,16,-180.39705777777726,0.07673402777777778,0.29613046455739445,0.3603451990483538,0.30391218384198615,False,20,5000
1.1,16,-188.83146666666585,0.08670243055555556,0.3663847281909614,0.517589679180696,0.28966667088833087,False,20,5000
1.0,16,-199.80233777777752,0.10394991319444444,0.4998200619848774,0.8007206404147382,0.304049966239026,False,20,5000
0.9,16,-214.99895999999887,0.14320477430555556,0.6822717026028402,1.767248448300325,0.30328026069343583,False,20,5000
0.8,16,-234.2654044444298,0.2167052951388889,0.7808445938637386,4.073349963770736,0.41973005058359447,False,20,5000
0.7,16,-251.25304888879566,0.3401954861111111,0.4786516017736747,4.287964675088176,0.5984349832242539,False,20,5000
0.5,16,-263.24147428570154,0.4181081473214286,0.12825790889587552,3.731375542085445,0.6431412533099501,False,20,15000
0.3,16,-267.27471999999824,0.4700974330357143,0.05410252015723119,0.17662965211523368,0.6654603507840475,False,20,15000
0.1,16,-269.80021714285635,0.4980200892857143,0.030699981573434336,0.02060753826533812,0.6666237840916361,False,20,15000
2.0,16,-141.8516444444519,0.05319904513888889,0.13107915925154856,0.10373902911940586,0.30859649099589326,False,19,5000
1.7,16,-153.12566222222335,0.057467881944444445,0.160514075273501,0.1432373242329339,0.30305828015463077,False,19,5000
1.5,16,-162.16221333333294,0.062181597222222225,0.19460195322344967,0.18719866997942375,0.308187380559105,False,19,5000
1.3,16,-173.43469333333474,0.06979895833333333,0.24863715877548223,0.27664197670940194,0.299596050234883,False,19,5000
1.2,16,-180.43158222222266,0.07593619791666667,0.29793200685677396,0.35320342845775454,0.30821840908140896,False,19,5000
1.1,16,-188.8043377777794,0.08639123263888888,0.3689255590898695,0.506974420368617,0.2920562684064685,False,19,5000
1.0,16,-199.6654844444448,0.10273585069444445,0.49645276305892594,0.8157492008314038,0.27461384586767135,False,19,5000
0.9,16,-214.68403555555824,0.14036961805555556,0.6805950929294149,1.709490707810356,0.29837615914873605,False,19,5000
0.8,16,-234.60805333332377,0.22347421875,0.7767803333159405,4.09482072740885,0.4366696163131242,False,19,5000
0.7,16,-251.4871111110205,0.35214375,0.47685379188722593,3.328674309920636,0.6139082250757588,False,19,5000
0.5,16,-263.555051428559,0.4402483258928571,0.10617378879760508,0.28443606106506536,0.6630732006901591,False,19,15000
0.3,16,-267.2652457142837,0.4700143973214286,0.05381940090198138,0.17971576061860617,0.6654415238964073,False,19,15000
0.1,16,-269.7987428571421,0.4980021205357143,0.031152954096569367,0.021124336702769142,0.6666227260011024,False,19,15000
2.0,16,-141.87691555556023,0.05287369791666666,0.131891278209185,0.10220046679687506,0.31067581910015907,False,18,5000
1.7,16,-153.0668444444442,0.057196788194444445,0.16207701520782444,0.1410588125805646,0.30625959208675735,False,18,5000
1.5,16,-162.22838222222256,0.062043923611111114,0.19180255209204866,0.18833440777263372,0.31292844715630663,False,18,5000
1.3,16,-173.41072000000074,0.06984375,0.24791434647598604,0.2762283653846154,0.30478424833748363,False,18,5000
1.2,16,-180.33095999999833,0.07665946180555555,0.2965343597202994,0.3653704335632074,0.2944593849446897,False,18,5000
1.1,16,-188.85208888888906,0.08571788194444445,0.3688314152637675,0.5081030427539283,0.28539370959637156,False,18,5000
1.0,16,-199.5894933333353,0.10352708333333334,0.49313137434447185,0.8377511816666665,0.2701731634045631,False,18,5000
0.9,16,-214.40812444444242,0.13865685763888888,0.662284798279191,1.646862975975224,0.302248787685211,False,18,5000
0.8,16,-233.65945777776523,0.21073758680555554,0.808700710011001,3.9743811998239775,0.4011406362772769,False,18,5000
0.7,16,-251.0790222221338,0.32718020833333333,0.4700946635801288,4.975874692857139,0.5802247366169959,False,18,5000
0.5,16,-263.27307428569856,0.4188206473214286,0.12627613625340928,3.815625971371162,0.643547591363177,False,18,15000
0.3,16,-267.2736114285699,0.47022388392857145,0.05414358570874356,0.17704434060372404,0.6654616843591488,False,18,15000
0.1,16,-269.7968685714267,0.4979859375,0.031017598166727105,0.02093915446430117,0.6666230952591135,False,18,15000
2.0,16,-141.89965333334482,0.053143489583333335,0.13318055196597456,0.10148708297743053,0.3196042673954468,False,22,5000
1.7,16,-153.1355911111123,0.05728125,0.1611690755141114,0.1403249428104576,0.31084200144850094,False,22,5000
1.5,16,-162.18415111111312,0.062429253472222224,0.19246845279987054,0.1885853147826646,0.3089478990875536,False,22,5000
1.3,16,-173.2692088888886,0.06948619791666667,0.24537157173714663,0.27436401002938016,0.300756867829689,False,22,5000
1.2,16,-180.24759999999796,0.07593472222222222,0.29853430512152773,0.3576062020576132,0.2984090149948416,False,22,5000
1.1,16,-188.7117422222221,0.08635737847222222,0.372743115487903,0.5085056089208055,0.2921347747441633,False,22,5000
1.0,16,-199.724960000002,0.10348159722222222,0.4930273927889459,0.8297832105246914,0.27772259083169926,False,22,5000
0.9,16,-214.35225777777387,0.1339378472222222,0.6611766793777866,1.5538143533607685,0.29287630308896984,False,22,5000
0.8,16,-233.8611911110994,0.21767404513888888,0.7941718945524644,3.966028956826293,0.4237265596781742,False,22,5000
0.7,16,-250.89411555546766,0.3293990451388889,0.4915167449331184,4.817050597087186,0.5834429989681835,False,22,5000
0.5,16,-263.21685714284564,0.41320881696428574,0.12899163137763026,4.5951869119834186,0.6383588769805468,False,22,15000
0.3,16,-267.27323428571367,0.47008270089285714,0.053616029115093826,0.1803084345131841,0.6654384116425862,False,22,15000
0.1,16,-269.7997485714277,0.49801238839285716,0.03116783245786791,0.02116436603948557,0.6666226650525123,False,22,15000
2.0,16,-141.92843555555604,0.05305668402777778,0.13230907148140858,0.10304139046199845,0.31168601899047266,False,15,5000
1.7,16,-153.18566222222287,0.05746753472222222,0.16247467888749167,0.14239274160766163,0.3107562535673136,False,15,5000
1.5,16,-162.27759111111533,0.06184392361111111,0.19465481955542271,0.18826473332818927,0.30450170544732325,False,15,5000
1.3,16,-173.36693333333014,0.06983784722222222,0.2464925088757155,0.2774534974121557,0.30743227611727186,False,15,5000
1.2,16,-180.3801333333335,0.07639904513888889,0.2956640238715262,0.3510316700601211,0.3105385754659177,False,15,5000
1.1,16,-188.6621422222235,0.0864704861111111,0.3720211651665905,0.5025491028338945,0.30510506873742826,False,15,5000
1.0,16,-199.90126222222307,0.10405633680555555,0.48991922294320034,0.8497744590258489,0.26889741063048167,False,15,5000
0.9,16,-214.62581333333196,0.13856414930555555,0.6773805657612936,1.6951789907385983,0.2869341094347204,False,15,5000
0.8,16,-234.0624888888779,0.21871076388888888,0.7814211752990462,4.141262094174383,0.4255653207855252,False,15,5000
0.7,16,-251.22351999991295,0.33568368055555553,0.474669682970571,4.513658482760142,0.592232609683903,False,15,5000
0.5,16,-263.53833142855564,0.44024575892857143,0.11062114935521095,0.2790644872193866,0.6631104067870837,False,15,15000
0.3,16,-267.25541714285487,0.47007421875,0.05537444557148774,0.18014686197917723,0.6654382268966936,False,15,15000
0.1,16,-269.80009142856966,0.49801473214285713,0.030771425298325987,0.020957176530700394,0.6666230875636185,False,15,15000
2.0,16,-142.04075555556048,0.05343428819444444,0.1320994994425213,0.10455969138792442,0.30941494584283025,False,23,5000
1.7,16,-153.08145777777852,0.0576859375,0.1612275461472159,0.14261936074346404,0.31021088405861197,False,23,5000
1.5,16,-162.19893333333076,0.06164140625,0.19595918320987948,0.18538581934027776,0.31094089632669464,False,23,5000
1.3,16,-173.40519111111072,0.06986710069444445,0.24881520727299625,0.27170151922928526,0.3115693701840717,False,23,5000
1.2,16,-180.5867911111109,0.07638402777777778,0.2976988129723937,0.3628684363168724,0.29746433014420093,False,23,5000
1.1,16,-188.7372177777759,0.08622326388888889,0.3742824428708772,0.516392769248036,0.2767694805764096,False,23,5000
1.0,16,-200.03149333333093,0.10507803819444445,0.5060293617749778,0.856654062498071,0.27598981737679473,False,23,5000
0.9,16,-214.2616177777787,0.13682161458333333,0.6713950988324978,1.6118651422646608,0.30200783924835983,False,23,5000
0.8,16,-234.3577155555441,0.22310980902777777,0.7921621990503612,4.100711189175827,0.4379153597632971,False,23,5000
0.7,16,-250.65410666658977,0.3224322048611111,0.4925762650736827,5.0219201593887774,0.5749012638640456,False,23,5000
0.5,16,-263.5767885714163,0.44080636160714287,0.10572679599772528,0.2566548110650473,0.6633836752039244,False,23,15000
0.3,16,-267.26414857142714,0.4700482142857143,0.054977546660792444,0.18323518894556895,0.6654182323733882,False,23,15000
0.1,16,-269.79749714285526,0.49799084821428574,0.030733267294635873,0.020748660586633605,0.6666234840151796,False,23,15000
2.0,16,-141.99215111111596,0.05350763888888889,0.13196723497770435,0.10477684947530863,0.30870318028522004,False,25,5000
1.7,16,-153.2436800000006,0.05754366319444444,0.16312845728181807,0.14164517246618563,0.31709646373708367,False,25,5000
1.5,16,-162.1990755555598,0.06183064236111111,0.19411222073855722,0.18732069891846703,0.3131236538181803,False,25,5000
1.3,16,-173.3695288888923,0.0697828125,0.25513251859448055,0.2799004119123932,0.29612776598614865,False,25,5000
1.2,16,-180.16755555555974,0.07612725694444444,0.2994027579518191,0.36232393872813795,0.2931162962227928,False,25,5000
1.1,16,-188.7836088888903,0.08607039930555556,0.37345333375776396,0.5082945795437009,0.2888858961625983,False,25,5000
1.0,16,-199.63348444444236,0.10333993055555556,0.500535717503368,0.836064667098765,0.265714896571942,False,25,5000
0.9,16,-214.30769777777982,0.1377261284722222,0.6778583647859,1.6783790701624668,0.28278121939266887,False,25,5000
0.8,16,-234.35305777776753,0.21852630208333335,0.782612874247368,4.08453856595052,0.4261906542153513,False,25,5000
0.7,16,-250.2301333332513,0.30133046875,0.5018988270973881,6.1039421408482095,0.5406292749678757,False,25,5000
0.5,16,-263.5095199999946,0.4389638392857143,0.11277401247139096,0.41084840908162334,0.6621261639212552,False,25,15000
0.3,16,-267.2736114285695,0.47029341517857143,0.05415588729533738,0.17463651954718293,0.6654778984452216,False,25,15000
0.1,16,-269.7990628571421,0.4980066964285714,0.031217514077752632,0.021134260204078714,0.6666227213679081,False,25,15000
2.0,16,-142.1105333333447,0.05301310763888889,0.13101405831598,0.10373389224440588,0.30867181139562017,False,24,5000
1.7,16,-153.06790222222202,0.05763038194444445,0.1630129721131796,0.14367917619371814,0.3116360565721725,False,24,5000
1.5,16,-162.20257777777388,0.061997222222222224,0.19223114895747687,0.18871947368312753,0.3055818734692366,False,24,5000
1.3,16,-173.29054222221748,0.0694998263888889,0.24840128486449292,0.27393711858380804,0.3022905200077761,False,24,5000
1.2,16,-180.46640888888686,0.07607725694444445,0.29923025316337026,0.3585997972929526,0.3007859034625726,False,24,5000
1.1,16,-188.64423111111026,0.08652994791666667,0.3673600064850701,0.513778714883207,0.2926181806240925,False,24,5000
1.0,16,-199.7374044444432,0.10417560763888889,0.49074522229497575,0.8346933533777006,0.2909057224310557,False,24,5000
0.9,16,-214.50338666666514,0.14111961805555556,0.6827789227401126,1.7100696862054172,0.3031139115570921,False,24,5000
0.8,16,-233.88200888887764,0.21051744791666666,0.8187794371740774,4.106569297547744,0.39761037801764876,False,24,5000
0.7,16,-251.17773333324342,0.33597065972222223,0.4724911438490047,4.450838139539235,0.5931129151181153,False,24,5000
0.5,16,-262.8742628571163,0.3967610491071429,0.14747754284871917,6.097614378565041,0.6213159428416606,False,24,15000
0.3,16,-267.27402285714163,0.47026484375,0.054167933510345594,0.17630483281249573,0.6654663304893947,False,24,15000
0.1,16,-269.7996571428562,0.4980151785714286,0.03038923979943319,0.020399213775519343,0.6666242117932715,False,24,15000
2.0,16,-141.94825777779053,0.05318263888888889,0.1310645695184398,0.10263721364197526,0.318328265195173,False,27,5000
1.7,16,-153.09111111111233,0.05763654513888889,0.1593974782669117,0.14177976383328791,0.3136564946032835,False,27,5000
1.5,16,-162.17681777777534,0.06210946180555556,0.1939883879747539,0.1882748379616769,0.30647645193033457,False,27,5000
1.3,16,-173.44322666666477,0.0694359375,0.25056067120150827,0.27440304545940153,0.30726579170692925,False,27,5000
1.2,16,-180.35968000000324,0.07641770833333333,0.29358770033951487,0.35443328796296286,0.30685212856585853,False,27,5000
1.1,16,-188.90667555555243,0.08640885416666666,0.37117739286782025,0.5045511979166668,0.3022862105399007,False,27,5000
1.0,16,-199.8891999999985,0.10445755208333334,0.4965588360416575,0.8494626269270831,0.2792315421145217,False,27,5000
0.9,16,-214.6607911111103,0.13951770833333332,0.671265991494809,1.7097982348765437,0.29186960409264695,False,27,5000
0.8,16,-234.07941333332164,0.2141796875,0.7818852062327241,3.9602829318576394,0.4144717276708634,False,27,5000
0.7,16,-251.25211555546738,0.3408125,0.4714724239298514,4.1651421527777694,0.5990045562859212,False,27,5000
0.5,16,-263.56774857141994,0.4406696428571429,0.10702703329820906,0.26754005102039,0.6632509415001779,False,27,15000
0.3,16,-267.2674514285702,0.4700689732142857,0.053026736938793166,0.17506531543368453,0.6654718564671996,False,27,15000
0.1,16,-269.7966399999992,0.4979830357142857,0.03119201857089137,0.021083316836794097,0.6666228000428456,False,27,15000
2.0,16,-142.00636444444896,0.05332092013888889,0.1323404604432099,0.10335926210551699,0.3142657951717146,False,28,5000
1.7,16,-153.18436444444816,0.05747256944444445,0.1623804125463461,0.14196491120188817,0.3111845995726311,False,28,5000
1.5,16,-162.24338666666677,0.06182222222222222,0.19509800354446347,0.18725562646090532,0.3034489482694631,False,28,5000
1.3,16,-173.25223999999957,0.06956649305555555,0.2519693578550099,0.27417699899691356,0.3041017774424164,False,28,5000
1.2,16,-180.32130666666706,0.07637230902777778,0.2960089826369503,0.3655155904690714,0.2980476822836152,False,28,5000
1.1,16,-188.62183999999777,0.08670243055555556,0.372557803578999,0.5121922675645344,0.2987415257754482,False,28,5000
1.0,16,-199.65322666666293,0.10405859375,0.505290072177786,0.8264568190104167,0.2852735323064839,False,28,5000
0.9,16,-214.4817422222231,0.13783776041666668,0.6907718234964898,1.7145912575424374,0.2741749658922009,False,28,5000
0.8,16,-234.1376711110996,0.2176357638888889,0.8075060628162766,4.142270464660496,0.41861667351895093,False,28,5000
0.7,16,-251.32688888879653,0.34413758680555556,0.47764151510136804,3.8301505422591475,0.6040712254812399,False,28,5000
0.5,16,-263.5716571428473,0.4406200892857143,0.10401273387742549,0.2627719519387739,0.6633101831152898,False,28,15000
0.3,16,-267.2646971428559,0.4701228794642857,0.05443797096897167,0.17638829080569945,0.6654646486505622,False,28,15000
0.1,16,-269.79823999999815,0.4979982142857143,0.031402361418031426,0.021252866836718454,0.6666224649536224,False,28,15000
2.0,16,-141.81982222222703,0.05325217013888889,0.1323251162885839,0.1029267059944059,0.31767799599649105,False,26,5000
1.7,16,-153.02109333333638,0.05716857638888889,0.16167904106016232,0.14058782597585326,0.309662877277187,False,26,5000
1.5,16,-162.04787555555728,0.061929427083333335,0.1913736009607621,0.18850769119212957,0.3075244650583232,False,26,5000
1.3,16,-173.36555555555051,0.0697,0.24633788888434147,0.2729064916666666,0.30930045859348565,False,26,5000
1.2,16,-180.37764444444372,0.07641901041666667,0.2960845721396963,0.36315407116608783,0.29485915220791614,False,26,5000
1.1,16,-188.8315999999975,0.08608159722222222,0.36956299535122594,0.5064957989618405,0.2937321153065382,False,26,5000
1.0,16,-199.8350577777791,0.1039587673611111,0.4941554490320641,0.8325566724054787,0.28224204679377596,False,26,5000
0.9,16,-214.61581333332916,0.13899262152777778,0.68199049503075,1.687809471397034,0.2885334478200495,False,26,5000
0.8,16,-233.7016088888795,0.21117934027777777,0.7977344026037335,3.9939984283468366,0.4046705910467995,False,26,5000
0.7,16,-250.87153777769544,0.3307188368055556,0.476873601471316,4.599209741068663,0.5865892527873857,False,26,5000
0.5,16,-263.58828571427864,0.4404044642857143,0.1083582130099785,0.27498438408163395,0.6631546219525705,False,26,15000
0.3,16,-267.27852571428383,0.47031216517857144,0.054233754868467564,0.17488593740431213,0.6654742331738616,False,26,15000
0.1,16,-269.8018514285704,0.4980339285714286,0.030605803868866126,0.02073394591839417,0.6666235425846698,False,26,15000
2.0,16,-141.91389333334632,0.05313767361111111,0.13254760316597824,0.10245852110725312,0.31552019485795535,False,32,5000
1.7,16,-153.23239111111442,0.057311458333333336,0.16214387215003093,0.14069591732026135,0.3106364303284349,False,32,5000
1.5,16,-162.28066666666564,0.06214765625,0.1933708387345708,0.18921081471064807,0.30719225670081174,False,32,5000
1.3,16,-173.30136000000414,0.06921180555555556,0.2500223165664101,0.2733038900759734,0.303750950773946,False,32,5000
1.2,16,-180.37296888889364,0.07632925347222222,0.2959747250769418,0.35595898120981223,0.30231488074848845,False,32,5000
1.1,16,-188.78366222221888,0.08629253472222222,0.3732784541770895,0.5020759362724471,0.3011449415682247,False,32,5000
1.0,16,-199.67796444444681,0.103371875,0.48029818659225043,0.8085204044444443,0.29487908652412276,False,32,5000
0.9,16,-214.45182222222124,0.1366513888888889,0.6673448335238199,1.6623796892661178,0.2799778976552064,False,32,5000
0.8,16,-234.47083555554258,0.2191552951388889,0.7996732156824836,4.240083611687404,0.42228053861072223,False,32,5000
0.7,16,-251.30211555547805,0.3370693576388889,0.45703762021668015,4.326083442126872,0.5955879262452989,False,32,5000
0.5,16,-263.51807999999124,0.44024765625,0.1084957138284608,0.2695977668303584,0.663216660167823,False,32,15000
0.3,16,-267.27626285714115,0.47027700892857144,0.05382792557245213,0.1754559191751781,0.6654718515895123,False,32,15000
0.1,16,-269.80149714285534,0.49803515625,0.03032412443531029,0.02026080915179307,0.6666245069728002,False,32,15000
2.0,16,-142.00207111111752,0.0530859375,0.1312289645610356,0.10315136718750001,0.31026873278475187,False,29,5000
1.7,16,-152.99639111110636,0.057614409722222225,0.1629068931996267,0.14193052886256352,0.31419861841416963,False,29,5000
1.5,16,-162.1068355555561,0.06213237847222222,0.1926605855471861,0.1897048865419238,0.306152568063372,False,29,5000
1.3,16,-173.29260444444347,0.06939704861111111,0.2488012008320419,0.27210793845560316,0.30001854660661464,False,29,5000
1.2,16,-180.31608888888738,0.07573472222222222,0.29639667918380674,0.3507756377057616,0.3043224717591412,False,29,5000
1.1,16,-188.77266666666338,0.08611432291666667,0.3668786831382211,0.49985486046401495,0.2971288312676533,False,29,5000
1.0,16,-199.777262222223,0.10346727430555555,0.48791170266540007,0.8148448876369603,0.28153442108477233,False,29,5000
0.9,16,-214.67043555555088,0.13927994791666667,0.6828276864135915,1.7287414694251535,0.2799040899163603,False,29,5000
0.8,16,-233.74472888887877,0.2094907986111111,0.7804359550906969,4.100747358323689,0.39572249917643854,False,29,5000
0.7,16,-250.85767111103195,0.32148480902777776,0.4865090298912785,5.410631448343811,0.5716309836960487,False,29,5000
0.5,16,-263.52793142856376,0.439853125,0.10804684564072886,0.27578816928570404,0.663138890001213,False,29,15000
0.3,16,-267.2787885714269,0.47028973214285713,0.05379803154205042,0.17363839693878447,0.6654814852929807,False,29,15000
0.1,16,-269.7990057142839,0.49800859375,0.030517470952418073,0.02056767700892692,0.6666238752286364,False,29,15000
2.0,16,-141.91946666667607,0.05327326388888889,0.1330898816666597,0.10348756822530869,0.3113996345240051,False,33,5000
1.7,16,-153.1850666666683,0.05745095486111111,0.16367126720492087,0.14109076317969316,0.31569863046536384,False,33,5000
1.5,16,-162.24045333333422,0.062094010416666665,0.19143992433456938,0.1886950754513889,0.30744089141355746,False,33,5000
1.3,16,-173.3457333333327,0.06970486111111111,0.24740792040598936,0.2784664203466287,0.2995594047388448,False,33,5000
1.2,16,-180.18485333333172,0.07611293402777777,0.3019806469444614,0.3585964810940717,0.2984951703147565,False,33,5000
1.1,16,-188.69955555555364,0.08494314236111111,0.37553444036328815,0.4932898568585156,0.2949985392173179,False,33,5000
1.0,16,-199.76961777777709,0.10446831597222223,0.4953788108876722,0.8214284131462186,0.288055042960479,False,33,5000
0.9,16,-214.44636444444626,0.14038723958333332,0.6582675138484594,1.6644552745177472,0.3104707112322179,False,33,5000
0.8,16,-233.75846222221503,0.2100765625,0.7937824378236423,4.081568801302082,0.39786043300445395,False,33,5000
0.7,16,-250.47456888880888,0.3127935763888889,0.5011244077094517,5.564129442449293,0.5587704813371741,False,33,5000
0.5,16,-263.5285485714149,0.4401143973214286,0.10870451529763159,0.2714479870854518,0.663189035343552,False,33,15000
0.3,16,-267.26175999999776,0.4701331473214286,0.05474635365014062,0.17659702966625446,0.6654605216500634,False,33,15000
0.1,16,-269.79921142856955,0.49800725446428573,0.03087475708980491,0.020980356345603468,0.6666230309385311,False,33,15000
2.0,16,-142.1370755555619,0.05308446180555555,0.13158238331473981,0.10366669069348,0.31299942687119997,False,31,5000
1.7,16,-153.1373866666705,0.05711241319444445,0.16315669636293725,0.14055982295638159,0.3123901559579477,False,31,5000
1.5,16,-162.23574222221615,0.062206336805555554,0.1955604240821837,0.18885652046167692,0.30663981919152905,False,31,5000
1.3,16,-173.3229866666644,0.06945095486111111,0.25131586038132125,0.27709054394438526,0.29753832983260076,False,31,5000
1.2,16,-180.37880888888748,0.07607282986111111,0.29040424094307504,0.36088882156475066,0.30012336491802116,False,31,5000
1.1,16,-188.8484266666654,0.08612881944444445,0.3663089121763204,0.49542093221099864,0.3113309080924592,False,31,5000
1.0,16,-199.73026666666757,0.10419340277777778,0.4900344771527614,0.8288115646913581,0.28682643216071146,False,31,5000
0.9,16,-214.56920888888556,0.1395125,0.6785601397286938,1.660554784259258,0.29665436568490433,False,31,5000
0.8,16,-233.4872711110971,0.21728246527777778,0.8256383665488974,3.9723279734857253,0.4238533428614447,False,31,5000
0.7,16,-251.26501333324876,0.3435344618055556,0.4803313274148808,3.8393209317432664,0.6033301833056133,False,31,5000
0.5,16,-263.2834171428408,0.4194989955357143,0.12712520326317645,3.5859504048405597,0.6438919413532838,False,31,15000
0.3,16,-267.26837714285614,0.47005457589285715,0.05439092239814474,0.18356071725127285,0.6654187792345725,False,31,15000
0.1,16,-269.79885714285524,0.49800502232142857,0.030760204072066692,0.02078569435582267,0.6666234208742541,False,31,15000
2.0,16,-141.7769511111151,0.05312682291666666,0.13232589092214653,0.10310381033854171,0.3129557865245799,False,30,5000
1.7,16,-153.15218666667187,0.057364149305555556,0.16163235308630933,0.14019465751520518,0.31665651228182645,False,30,5000
1.5,16,-162.24448888888816,0.06198585069444444,0.19484886007887148,0.18766582185056585,0.30592879170525356,False,30,5000
1.3,16,-173.39821333333182,0.0696134548611111,0.2440173167505022,0.27613660997002626,0.30405180826026135,False,30,5000
1.2,16,-180.36937777777516,0.07682994791666667,0.3014778092796316,0.3679691011429398,0.2952700627856464,False,30,5000
1.1,16,-188.51680000000025,0.08609383680555556,0.3660858255279881,0.5024902872457208,0.2961020545015647,False,30,5000
1.0,16,-199.94535999999908,0.10456631944444444,0.489913962775006,0.836164608765432,0.2844314376969309,False,30,5000
0.9,16,-214.82783111110916,0.13919618055555555,0.6815420979420507,1.6305709199245546,0.30708889063641565,False,30,5000
0.8,16,-233.38104888887952,0.20316432291666667,0.7797027992747728,3.9549868098741303,0.37939569492071723,False,30,5000
0.7,16,-251.21733333325224,0.3381855034722222,0.48141653911578003,4.216122217788251,0.5960919492811263,False,30,5000
0.5,16,-263.5391999999862,0.44024017857142855,0.10720309714292853,0.2671453398979651,0.6632509287307337,False,30,15000
0.3,16,-267.26549714285534,0.4701118303571429,0.0544683709689606,0.17736608414116026,0.6654574731221378,False,30,15000
0.1,16,-269.80132571428385,0.4980299107142857,0.030527884888442706,0.02053497755106548,0.6666239394394156,False,30,15000
2.0,16,-141.9071644444635,0.05325182291666666,0.13201882660988318,0.10367883533854172,0.31032700661854906,False,34,5000
1.7,16,-153.18252444444636,0.057313194444444444,0.16012491401213413,0.14054156283587513,0.3121681855069629,False,34,5000
1.5,16,-162.16069333333178,0.061545052083333336,0.19381872509136303,0.18532868184027773,0.3057394866749873,False,34,5000
1.3,16,-173.2052088888903,0.06911328125,0.25047626864710737,0.26927549379006394,0.3089549578495341,False,34,5000
1.2,16,-180.3186755555578,0.07576397569444444,0.2960708034977561,0.3540782204845037,0.30289464026739066,False,34,5000
1.1,16,-188.63072000000426,0.08556388888888888,0.36365856955004916,0.4996534364197531,0.2923774716497165,False,34,5000
1.0,16,-199.4160266666674,0.10441163194444444,0.4876166355527687,0.8155988161959877,0.2982431742980599,False,34,5000
0.9,16,-214.20706666666854,0.13506510416666667,0.6607539086934295,1.57270134066358,0.29171939144114356,False,34,5000
0.8,16,-234.16275555554293,0.21493159722222221,0.7877898842109764,4.083636853433643,0.41223568871721894,False,34,5000
0.7,16,-251.32267555547216,0.34317309027777776,0.46093969349890224,4.003328430015435,0.6027999047480821,False,34,5000
0.5,16,-263.3821371428455,0.42951964285714284,0.1165545857777488,1.760459234591849,0.654108459688084,False,34,15000
0.3,16,-267.26718857142794,0.4701972098214286,0.05484315396226218,0.17633367252336996,0.6654638217586739,False,34,15000
0.1,16,-269.798422857141,0.4980034598214286,0.030820456947822088,0.02067597828443013,0.66662363374294,False,34,15000
2.0,16,-141.93501333334578,0.05316258680555556,0.1309213930770845,0.10416107784625767,0.31196194913586694,False,35,5000
1.7,16,-152.99382222222565,0.05761423611111111,0.16080253395863078,0.1426133820624546,0.3138432081082203,False,35,5000
1.5,16,-161.9971288888893,0.061967100694444444,0.19235195482456724,0.18892798055426963,0.3057729764476639,False,35,5000
1.3,16,-173.21895999999904,0.06954496527777777,0.251745314725477,0.2746440067604465,0.30487362481222036,False,35,5000
1.2,16,-180.35498666666754,0.07620616319444444,0.29630694570989113,0.35608669941968896,0.303097198332946,False,35,5000
1.1,16,-188.77774222222124,0.08677482638888889,0.3734169727538122,0.5260547921647025,0.2830987650176817,False,35,5000
1.0,16,-199.5504088888857,0.10418489583333333,0.49185818511077173,0.8173962690972223,0.296055313643628,False,35,5000
0.9,16,-214.36963555555567,0.13476519097222223,0.6668089967017342,1.634286265378515,0.27314562517308727,False,35,5000
0.8,16,-234.05304888887915,0.2158375,0.8045963218440199,4.103379082986112,0.4146134169064525,False,35,5000
0.7,16,-251.09190222214386,0.3393172743055556,0.49107218132938185,4.131013587894066,0.59739081044097,False,35,5000
0.5,16,-263.4903885714168,0.43450658482142857,0.11217819942635288,1.2898088581568885,0.6581505022322902,False,35,15000
0.3,16,-267.2682971428554,0.47016171875,0.0542356429933635,0.17635031674106,0.6654640456343772,False,35,15000
0.1,16,-269.8013942857126,0.49803035714285715,0.03082781204284401,0.020798408673456947,0.6666234084676967,False,35,15000
2.0,16,-141.76568888889616,0.05327630208333333,0.1299820100617275,0.1048993874913195,0.3065038407217281,False,36,5000
1.7,16,-153.19021333333214,0.05750555555555555,0.16225073078720423,0.14384383930646338,0.3086203638805741,False,36,5000
1.5,16,-162.2823022222237,0.062333940972222224,0.19092425252661213,0.18967637015303498,0.30976513036522235,False,36,5000
1.3,16,-173.36039111110844,0.06976597222222222,0.250534046326246,0.2771513835232669,0.3037888965369838,False,36,5000
1.2,16,-180.27088888888892,0.07606631944444445,0.297183416789901,0.35933399457304527,0.2980582653456322,False,36,5000
1.1,16,-188.89159999999734,0.08694800347222222,0.36922657432281414,0.5021358587945427,0.31211069446404693,False,36,5000
1.0,16,-199.59302222222587,0.10304722222222222,0.48983882369603293,0.8191101527469136,0.27925969441790477,False,36,5000
0.9,16,-214.72323555555624,0.1359048611111111,0.6727719248224514,1.6459147818587105,0.281217810093629,False,36,5000
0.8,16,-233.89598222220874,0.2110026909722222,0.786094986109198,4.098278045425829,0.40162760843477274,False,36,5000
0.7,16,-251.41039111102384,0.33743967013888887,0.454340522448352,4.485097007206248,0.5945441741369827,False,36,5000
0.5,16,-263.55890285713235,0.44017935267857144,0.10552460976305156,0.27382103922830936,0.6631649656408956,False,36,15000
0.3,16,-267.27910857142604,0.47037388392857143,0.053955362336132066,0.175250504889443,0.6654735268748027,False,36,15000
0.1,16,-269.79810285714103,0.49799542410714287,0.031430736942184005,0.021365991039488108,0.666622234008581,False,36,15000
2.0,16,-141.9464711111221,0.05303828125,0.1323499101478447,0.10321465374131944,0.3136568796045567,False,37,5000
1.7,16,-153.10158222222077,0.057205381944444446,0.16064127160664976,0.14096994367737833,0.30893635008346154,False,37,5000
1.5,16,-162.22007111111023,0.06216692708333333,0.19480021418874255,0.18809304582175926,0.3108412689951744,False,37,5000
1.3,16,-173.45399111111433,0.06956050347222222,0.24521466259843097,0.27038977539025416,0.3073143087413531,False,37,5000
1.2,16,-180.30008000000112,0.07579704861111111,0.29268484759066543,0.3523978344843108,0.30331527983518936,False,37,5000
1.1,16,-188.529173333333,0.08623107638888888,0.37287971915521784,0.5030620126192484,0.29435923285954146,False,37,5000
1.0,16,-199.69015999999849,0.10344852430555555,0.4924624551083241,0.7952957223591821,0.29476039295585765,False,37,5000
0.9,16,-214.69461333333433,0.14062890625,0.6919719193964482,1.773956689332563,0.2864831461392251,False,37,5000
0.8,16,-233.9134577777659,0.2154345486111111,0.7908987752236029,4.0082494173514664,0.4188037055891075,False,37,5000
0.7,16,-250.83426666657584,0.3188360243055556,0.48113380824846147,5.529306296624225,0.5680904141507461,False,37,5000
0.5,16,-263.5575199999893,0.44061060267857144,0.10668444675729916,0.26653636708545037,0.6632600371053445,False,37,15000
0.3,16,-267.2674399999986,0.47020379464285716,0.05444089114992797,0.17545688056972136,0.665470121548347,False,37,15000
0.1,16,-269.79823999999905,0.49800089285714283,0.031123790000719957,0.02086735510211213,0.6666232473799338,False,37,15000
2.0,16,-141.9072444444532,0.05320538194444444,0.13200386541474174,0.10294799240354946,0.31439774769045525,False,38,5000
1.7,16,-152.97736000000052,0.057254513888888886,0.16204683698482014,0.14178853124546123,0.3082889463112696,False,38,5000
1.5,16,-162.28048888888912,0.06184435763888889,0.1958870366220885,0.18820088373328195,0.3049957382624122,False,38,5000
1.3,16,-173.42531555555558,0.06921623263888889,0.24747164491488743,0.2710302311238723,0.30282372976196825,False,38,5000
1.2,16,-180.23895999999954,0.07572708333333333,0.2979871826369557,0.35377868541666674,0.2998076720295205,False,38,5000
1.1,16,-188.79623111110988,0.08600477430555556,0.36681189170084116,0.49987860264976147,0.29162168900113905,False,38,5000
1.0,16,-199.70695999999964,0.10286128472222222,0.485694185775003,0.8088209462885803,0.28684257097630195,False,38,5000
0.9,16,-215.00568888888807,0.1430487847222222,0.7060310167657341,1.8575257242712626,0.28664665450155435,False,38,5000
0.8,16,-233.7241688888773,0.2104796875,0.7817741907980568,3.9726942151909705,0.4023632289275816,False,38,5000
0.7,16,-250.31576888879624,0.31003819444444447,0.52843068494877,5.815777641093466,0.5547616650149997,False,38,5000
0.5,16,-263.2261714285511,0.4219650669642857,0.13039501204048065,2.790417051983411,0.6470676172317972,False,38,15000
0.3,16,-267.27036571428414,0.47023917410714283,0.05493609042572543,0.17592718272749627,0.6654659742675242,False,38,15000
0.1,16,-269.7991199999988,0.49801004464285714,0.031103268923970966,0.020922866709227605,0.6666231522241319,False,38,15000
2.0,16,-142.03612444445122,0.05311388888888889,0.131161551998769,0.10345830016975305,0.3129101360334805,False,39,5000
1.7,16,-153.01564444444983,0.05740208333333333,0.16069273916014265,0.1395867057189543,0.3172361523414078,False,39,5000
1.5,16,-162.11242666666405,0.061888020833333335,0.193855833758025,0.18536293402777773,0.3105257958209916,False,39,5000
1.3,16,-173.28263111110897,0.06979435763888889,0.2464618643406997,0.2805855532392568,0.29815552245932486,False,39,5000
1.2,16,-180.13509333333283,0.07536388888888888,0.2944242971527425,0.35450844125514436,0.29403334539507275,False,39,5000
1.1,16,-188.6851733333326,0.08539105902777777,0.37282612112947416,0.4975677398551488,0.3003537633256177,False,39,5000
1.0,16,-199.67576888888797,0.10385303819444444,0.5045710745135352,0.819567382775849,0.2841902454147456,False,39,5000
0.9,16,-214.77188444444397,0.14200399305555556,0.6896835163964964,1.7650866019461593,0.2889947862037604,False,39,5000
0.8,16,-234.3069511110985,0.21888550347222221,0.8083523635108224,4.241671533273053,0.4194209085198899,False,39,5000
0.7,16,-251.2310399999068,0.3282244791666667,0.460134836190236,5.116074753869039,0.5812532384815281,False,39,5000
0.5,16,-263.5112571428444,0.43984598214285714,0.11121087709148014,0.29312321173469513,0.6629663053614588,False,39,15000
0.3,16,-267.27307428571186,0.47034765625,0.05455791816441686,0.17471732328867046,0.6654770182918243,False,39,15000
0.1,16,-269.80110857142677,0.49802823660714285,0.03073523424177437,0.020740182111040895,0.6666235302271115,False,39,15000
2.0,16,-149.17850666667456,0.057263802083333336,0.1340582155305583,0.12046383290798612,0.310743738918725,True,1,5000
1.7,16,-160.70414222222226,0.06320928819444445,0.1621830818642398,0.17124884231912665,0.31247362036191184,True,1,5000
1.5,16,-169.88901333333322,0.06998758680555556,0.19951496019257953,0.2398413000913065,0.3057444604317867,True,1,5000
1.3,16,-181.79072,0.08206953125,0.2719849587376676,0.39089667990117555,0.29201220926714466,True,1,5000
1.2,16,-189.88751999999988,0.09464149305555555,0.36500464597995436,0.5912310588670266,0.25736560753463733,True,1,5000
1.1,16,-201.57475555555416,0.12118585069444444,0.6173567121722089,1.1869343421699636,0.2014688254610928,True,1,5000
1.0,16,-234.69240888884576,0.25247335069444443,2.6047657818468224,4.691173252220295,0.41200330057067225,True,1,5000
0.9,16,-288.0162311111014,0.4674314236111111,0.8084952315667623,0.3814188398062394,0.6608287041355437,True,1,5000
0.8,16,-300.1447999999999,0.4906490451388889,0.27592558637161696,0.03942023599295297,0.6660201361656897,True,1,5000
0.7,16,-304.77248000000117,0.49713428819444444,0.11377944997710596,0.010067451584550977,0.6665225828193124,True,1,5000
0.5,16,-307.08397714285746,0.4998852678571429,0.009215952848762754,0.00035977816325782896,0.6666629768995416,True,1,15000
0.3,16,-307.1995885714288,0.4999996651785714,8.570693934315286e-05,1.1159757680919333e-06,0.6666666597461842,True,1,15000
0.1,16,-307.2000000000003,0.5,-5.684341886080801e-12,0.0,0.6666666666666667,True,1,15000
2.0,16,-149.19539555556514,0.05750442708333333,0.13399306262931887,0.11916542978298617,0.3202854605913139,True,0,5000
1.7,16,-160.41703111111204,0.06282352430555556,0.16464889667906277,0.16959366429625086,0.3068706260627315,True,0,5000
1.5,16,-169.76453333333322,0.07000217013888889,0.20035342111109836,0.24014959410365222,0.3065315451901258,True,0,5000
1.3,16,-181.6654222222219,0.08169114583333334,0.27469339440428076,0.3920760465277775,0.28371505472267267,True,0,5000
1.2,16,-189.6714133333332,0.09421059027777778,0.365935432708358,0.5911892624164095,0.24301070323722274,True,0,5000
1.1,16,-201.6880533333316,0.12254184027777777,0.6137900752892709,1.1903146935956792,0.22048969147107889,True,0,5000
1.0,16,-236.403271111061,0.26119835069444447,2.624806847091236,4.774349508053621,0.4333028542240289,True,0,5000
0.9,16,-288.22273777776957,0.46798940972222225,0.7892724724264171,0.3708339063700174,0.6609393372717467,True,0,5000
0.8,16,-300.2090488888899,0.49078081597222223,0.27553248634069044,0.03992528205777113,0.6660166212949516,True,0,5000
0.7,16,-304.84656,0.49724010416666664,0.10945584741509211,0.00944450386906429,0.6665313549903916,True,0,5000
0.5,16,-307.08388571428605,0.4998824776785714,0.009305335509679935,0.0003918124426149916,0.6666626552702313,True,0,15000
0.3,16,-307.2000000000003,0.5,-6.315935428978668e-13,0.0,0.6666666666666667,True,0,15000
0.1,16,-307.2000000000003,0.5,-5.684341886080801e-12,0.0,0.6666666666666667,True,0,15000
2.0,16,-149.15226666667897,0.05722317708333333,0.13228080270832976,0.11946741172743053,0.3103058311890544,True,2,5000
1.7,16,-160.57699555555578,0.06349088541666667,0.16461090523473781,0.17370871093749998,0.30899580480131617,True,2,5000
1.5,16,-169.87287111111118,0.06992543402777777,0.2006261142381239,0.24261360894933137,0.30074216501524753,True,2,5000
1.3,16,-181.77871999999985,0.08172916666666667,0.2709592097238757,0.38790938034188016,0.2875413878600559,True,2,5000
1.2,16,-189.69710222222193,0.09349375,0.3556467991734912,0.5605600657407406,0.2705161204200699,True,2,5000
1.1,16,-201.68047999999837,0.12143411458333334,0.6304107246923802,1.1965566090751263,0.19278860381141316,True,2,5000
1.0,16,-236.91775999995744,0.26218203125,2.6182109415109096,4.76795347498264,0.43527368536840616,True,2,5000
0.9,16,-287.5108799999949,0.46262552083333336,0.884058679821675,0.8322628023919679,0.6569929340765812,True,2,5000
0.8,16,-300.13843555555525,0.49067491319444445,0.2764865887946221,0.03860152482397794,0.6660298675829377,True,2,5000
0.7,16,-304.79722666666703,0.49717387152777776,0.10987499537412877,0.009502774335875383,0.6665302901000725,True,2,5000
0.5,16,-307.0870628571427,0.49988794642857143,0.009052991992120951,0.00036232132653424287,0.6666629572359055,True,2,15000
0.3,16,-307.19986285714305,0.49999988839285714,2.8570612029296982e-05,3.7201317582002957e-07,0.6666666643597114,True,2,15000
0.1,16,-307.20000000000016,0.5,5.684341886080801e-12,0.0,0.6666666666666667,True,2,15000
2.0,16,-149.36264888889738,0.05756875,0.13481994314783918,0.12045302000000002,0.3096941580511601,True,5,5000
1.7,16,-160.67976888888944,0.06301623263888889,0.16414641669058386,0.17092305304897407,0.30896686863486844,True,5,5000
1.5,16,-169.84670222222243,0.069890625,0.2011175220142718,0.2375380277777778,0.3104114323889733,True,5,5000
1.3,16,-181.72056888888872,0.0823421875,0.2777207060238081,0.38996132964743585,0.28982243431205945,True,5,5000
1.2,16,-189.90239999999943,0.0959736111111111,0.3653312584876803,0.5971159023662553,0.2731098623264616,True,5,5000
1.1,16,-201.5575111111095,0.12011788194444445,0.6209468808284958,1.1640911851781708,0.1949522653094069,True,5,5000
1.0,16,-235.7270933332894,0.25766397569444444,2.6086064590113835,4.7778013840258495,0.4250556785334507,True,5,5000
0.9,16,-288.1692444444366,0.46809800347222225,0.7746329212010056,0.34566177957604477,0.6613608066128751,True,5,5000
0.8,16,-300.30449777777727,0.49097977430555556,0.26576585959867666,0.0350934689211968,0.6660845736019916,True,5,5000
0.7,16,-304.76175999999947,0.49712708333333333,0.11211725421763473,0.009891244444436407,0.6665250211974417,True,5,5000
0.5,16,-307.0919314285714,0.4998916294642857,0.0086478042123872,0.0003477816262602573,0.6666631016230624,True,5,15000
0.3,16,-307.199862857143,0.49999988839285714,2.857061392407761e-05,3.7201317582002957e-07,0.6666666643597114,True,5,15000
0.1,16,-307.20000000000016,0.5,5.684341886080801e-12,0.0,0.6666666666666667,True,5,15000
2.0,16,-149.14784000000725,0.05735954861111111,0.13342709309999634,0.11990129096836416,0.3140670427167829,True,6,5000
1.7,16,-160.75388444444422,0.06332673611111111,0.16500270031355885,0.1716768943173566,0.31488704937506706,True,6,5000
1.5,16,-169.8325688888888,0.06953663194444444,0.2007706893146835,0.23697284227880672,0.30864392873262647,True,6,5000
1.3,16,-181.59342222222205,0.08162265625,0.2702866850025763,0.3801151607772436,0.3001905934756398,True,6,5000
1.2,16,-189.67911111111061,0.09376744791666666,0.3653047818072963,0.5654056786892363,0.27680570283131345,True,6,5000
1.1,16,-201.51182222222124,0.12234618055555556,0.6166074976022877,1.1766712486251403,0.21177240870587521,True,6,5000
1.0,16,-236.53726222218015,0.26211484375,2.6257811804431412,4.7722264159548615,0.4362422005232912,True,6,5000
0.9,16,-287.9780444444375,0.4670197048611111,0.8123163995960258,0.43657538261102663,0.6604067073756268,True,6,5000
0.8,16,-300.2380266666669,0.49088767361111113,0.2710226845660912,0.03644198332368731,0.6660639477546177,True,6,5000
0.7,16,-304.8433600000006,0.4972329861111111,0.1074463499094236,0.009199709611991125,0.6665346304900348,True,6,5000
0.5,16,-307.09554285714313,0.4998982142857143,0.008314082449487614,0.00030005265305987905,0.6666635831240186,True,6,15000
0.3,16,-307.2000000000003,0.5,-6.315935428978668e-13,0.0,0.6666666666666667,True,6,15000
0.1,16,-307.2000000000003,0.5,-5.684341886080801e-12,0.0,0.6666666666666667,True,6,15000
2.0,16,-149.13379555556332,0.057290885416666666,0.13387149747654803,0.11928624124131948,0.3155945460181272,True,3,5000
1.7,16,-160.6257955555555,0.06283229166666666,0.163915094450423,0.16992883807189538,0.31158209707031426,True,3,5000
1.5,16,-169.90535111111083,0.06945347222222223,0.20032662004060992,0.23801051849794225,0.2995266087635938,True,3,5000
1.3,16,-181.62419555555525,0.08170842013888889,0.27962504396155646,0.39039500836746205,0.28668462641960035,True,3,5000
1.2,16,-189.88088888888873,0.09506744791666667,0.3705216220850479,0.6109408495225692,0.24264864689132326,True,3,5000
1.1,16,-201.40846222222132,0.122128125,0.6306991030751662,1.2007421593434338,0.2019378878084379,True,3,5000
1.0,16,-236.85185777772756,0.2641776909722222,2.567477328532078,4.6660617593962215,0.44296726119932406,True,3,5000
0.9,16,-288.0044622222096,0.4661019965277778,0.8051948971177509,0.5360260416130874,0.659590499221014,True,3,5000
0.8,16,-300.18030222222075,0.49069869791666665,0.2783738036958638,0.038565340950524885,0.6660294128691847,True,3,5000
0.7,16,-304.79804444444454,0.49717022569444447,0.10929339354988214,0.009636602179777957,0.6665285734511246,True,3,5000
0.5,16,-307.0993142857145,0.4999015625,0.008057314081270306,0.00029369946427948435,0.6666636494651577,True,3,15000
0.3,16,-307.1995885714287,0.4999996651785714,8.570694060633994e-05,1.1159757680919333e-06,0.6666666597461842,True,3,15000
0.1,16,-307.20000000000016,0.5,5.684341886080801e-12,0.0,0.6666666666666667,True,3,15000
2.0,16,-149.2721422222329,0.05721059027777778,0.13453800081358835,0.1206835046720679,0.3079676357517944,True,4,5000
1.7,16,-160.50376888888917,0.06294956597222222,0.16442727559101605,0.17067805119712243,0.3044706009505138,True,4,5000
1.5,16,-169.74865777777742,0.06929826388888889,0.20077995443402744,0.23380187004115216,0.3097304195496171,True,4,5000
1.3,16,-181.67335111111115,0.08193289930555556,0.2733877610665677,0.3914412709386869,0.2819149771026107,True,4,5000
1.2,16,-189.76044444444392,0.09441006944444444,0.36039726026660823,0.5874284644804528,0.25104002634143907,True,4,5000
1.1,16,-201.666702222221,0.12170581597222223,0.6282373354719459,1.198971605637977,0.20168787742479977,True,4,5000
1.0,16,-237.57404444440215,0.2692276909722222,2.6631039239503593,4.745340559396222,0.4510333938198059,True,4,5000
0.9,16,-287.74547555554506,0.46420355902777777,0.8665547302408317,0.7083725230945643,0.6580640585740218,True,4,5000
0.8,16,-300.17187555555256,0.4906613715277778,0.2803565003394403,0.04005537094666778,0.6660076375309869,True,4,5000
0.7,16,-304.78775111111173,0.49717039930555557,0.10912862252198188,0.009437556743269024,0.6665312559007891,True,4,5000
0.5,16,-307.0873371428574,0.499890625,0.008976244562518332,0.0003211071428665946,0.6666633667314035,True,4,15000
0.3,16,-307.1997257142859,0.4999997767857143,5.713959265247266e-05,7.440051064122599e-07,0.6666666620528839,True,4,15000
0.1,16,-307.20000000000016,0.5,5.684341886080801e-12,0.0,0.6666666666666667,True,4,15000
2.0,16,-148.9905422222307,0.05719331597222222,0.1352239334802512,0.12037305296199852,0.31335760156981507,True,7,5000
1.7,16,-160.68629333333374,0.06328637152777777,0.16424207833909896,0.17222565985725324,0.3114445811972749,True,7,5000
1.5,16,-169.91793777777752,0.06972065972222222,0.201434975332783,0.23737332159979432,0.3042466335722085,True,7,5000
1.3,16,-181.91199999999984,0.0818359375,0.2746916995397811,0.3829174345619659,0.2944795269723528,True,7,5000
1.2,16,-189.81585777777764,0.09410920138888888,0.36357098065500854,0.5816081805491258,0.25693710791805435,True,7,5000
1.1,16,-202.31786666666451,0.12419288194444444,0.6647522350780197,1.2700668265923116,0.1885956173159412,True,7,5000
1.0,16,-235.17514666662234,0.25700373263888887,2.5942916982667157,4.617678295738813,0.425022737755125,True,7,5000
0.9,16,-287.5647466666525,0.46413307291666667,0.886934747311471,0.633746866493057,0.6581857760840746,True,7,5000
0.8,16,-300.23223111111184,0.4908527777777778,0.272226298285183,0.03651304162807456,0.666061906461362,True,7,5000
0.7,16,-304.83345777777845,0.49721015625,0.10721669961201641,0.009259589062498972,0.6665336635528185,True,7,5000
0.5,16,-307.0881371428572,0.49988995535714287,0.008962193991919776,0.00033531762754535066,0.6666632240377912,True,7,15000
0.3,16,-307.20000000000016,0.5,6.315935428978668e-13,0.0,0.6666666666666667,True,7,15000
0.1,16,-307.20000000000016,0.5,5.684341886080801e-12,0.0,0.6666666666666667,True,7,15000
2.0,16,-149.2602666666758,0.057369965277777775,0.13329250861110964,0.11939041897762348,0.3124794507122707,True,8,5000
1.7,16,-160.68961777777884,0.06309644097222222,0.16515037093382898,0.17128236696509627,0.3089455130780199,True,8,5000
1.5,16,-169.83448888888904,0.06947439236111111,0.20136972504802644,0.23698191354809667,0.2996939798606735,True,8,5000
1.3,16,-181.86323555555524,0.08244409722222222,0.27470153974066563,0.39431793160018985,0.28829384032731653,True,8,5000
1.2,16,-189.69102222222205,0.09410711805555555,0.36485869821674616,0.5884726482188789,0.2619615733099596,True,8,5000
1.1,16,-201.6711999999979,0.12203958333333334,0.6328507141873155,1.1991211896464644,0.21135011509958113,True,8,5000
1.0,16,-234.7635733332908,0.25207890625,2.5434055945667353,4.674930498454859,0.41354211259427154,True,8,5000
0.9,16,-287.84728888888236,0.4668293402777778,0.8074902787684466,0.41859807982681396,0.6605121323552547,True,8,5000
0.8,16,-300.13471999999916,0.4906671875,0.275670995208177,0.03814947387152934,0.6660357254364729,True,8,5000
0.7,16,-304.7890311111119,0.4971681423611111,0.11125380274894289,0.009551435380836486,0.6665295939801466,True,8,5000
0.5,16,-307.0841371428571,0.49988169642857144,0.009379675420404965,0.00038658418365855596,0.6666627020369433,True,8,15000
0.3,16,-307.1994285714287,0.4999994419642857,0.00012458900376562573,2.6039009289509827e-06,0.6666666505913397,True,8,15000
0.1,16,-307.20000000000016,0.5,5.684341886080801e-12,0.0,0.6666666666666667,True,8,15000
2.0,16,-149.1443022222316,0.05730763888888889,0.1334688593552542,0.12038758308641984,0.3097638909263266,True,9,5000
1.7,16,-160.61696000000023,0.06267239583333334,0.16558043589388038,0.16899981368464045,0.30672909399761217,True,9,5000
1.5,16,-169.83584000000002,0.06943342013888888,0.20084343662222814,0.2387200216962449,0.3005941804577448,True,9,5000
1.3,16,-181.72723555555518,0.08248376736111111,0.2738499907597318,0.3874956665939577,0.3000464183576015,True,9,5000
1.2,16,-189.73054222222214,0.09363871527777778,0.3592669284559196,0.5811361022312241,0.26142116333139553,True,9,5000
1.1,16,-201.70734222222086,0.12218888888888889,0.6498195516334774,1.2344574679854095,0.18358216539805206,True,9,5000
1.0,16,-234.39902222217512,0.2506740451388889,2.5118071629323993,4.661422839072145,0.412178059216428,True,9,5000
0.9,16,-287.8339911110984,0.4664868923611111,0.8250090714160183,0.4529458546789221,0.6601531790749042,True,9,5000
0.8,16,-300.2872177777752,0.49085078125,0.26743607959875954,0.03850862220052598,0.6660369019432557,True,9,5000
0.7,16,-304.8161777777771,0.4972065972222222,0.11007523784340321,0.009458051146395974,0.6665310810430667,True,9,5000
0.5,16,-307.09497142857134,0.49989754464285713,0.00833421204060869,0.00030757191326813427,0.666663508477952,True,9,15000
0.3,16,-307.2000000000003,0.5,-6.315935428978668e-13,0.0,0.6666666666666667,True,9,15000
0.1,16,-307.2000000000003,0.5,-5.684341886080801e-12,0.0,0.6666666666666667,True,9,15000
2.0,16,-149.29523555556474,0.05720677083333333,0.13358017054042648,0.11979647329861115,0.3111766109812324,True,10,5000
1.7,16,-160.55658666666716,0.06320694444444444,0.16338673550174607,0.17178115384894704,0.30905280570929294,True,10,5000
1.5,16,-169.90058666666658,0.06966892361111111,0.20295286668641033,0.23825789943930045,0.298119190794188,True,10,5000
1.3,16,-181.79855999999975,0.08155772569444444,0.27482547186720285,0.38706461890877264,0.2817941317832058,True,10,5000
1.2,16,-189.7118222222221,0.0947717013888889,0.36534416658090174,0.5852233428176439,0.26972456679972057,True,10,5000
1.1,16,-201.47018666666585,0.12098732638888889,0.6192957359412117,1.1584590118616727,0.21182705786786094,True,10,5000
1.0,16,-235.47623111106915,0.2566526909722222,2.555493383402194,4.685122219674,0.42623437465864455,True,10,5000
0.9,16,-287.6708977777684,0.46489409722222225,0.8582208898888208,0.6175779826817518,0.6588415064996647,True,10,5000
0.8,16,-300.09832888888735,0.4905185763888889,0.2771787481460563,0.04199845901812438,0.6659858491242545,True,10,5000
0.7,16,-304.7978844444442,0.4971631076388889,0.10959486227993788,0.009618378634814104,0.666528727257697,True,10,5000
0.5,16,-307.08850285714277,0.49989207589285717,0.008823470335300954,0.0003188132078975059,0.6666633920783974,True,10,15000
0.3,16,-307.2000000000003,0.5,-6.315935428978668e-13,0.0,0.6666666666666667,True,10,15000
0.1,16,-307.2000000000003,0.5,-5.684341886080801e-12,0.0,0.6666666666666667,True,10,15000
2.0,16,-149.08008888889373,0.05725651041666667,0.13380029165895735,0.12001672547743053,0.30665700025256193,True,11,5000
1.7,16,-160.60362666666757,0.06287092013888888,0.16321465926950335,0.1694174456143339,0.31093313632147,True,11,5000
1.5,16,-169.79857777777758,0.06947578125,0.20105381130314173,0.234637981840278,0.31086267876800056,True,11,5000
1.3,16,-181.86307555555507,0.08178315972222222,0.2776562051252876,0.38915321082027543,0.29031415779158765,True,11,5000
1.2,16,-189.79658666666631,0.09434791666666667,0.3574396867592237,0.5830572682870369,0.2663698804934066,True,11,5000
1.1,16,-201.44748444444272,0.12147803819444444,0.6365056685634143,1.2044466131295595,0.19172544866305152,True,11,5000
1.0,16,-235.90479999995162,0.2583256944444444,2.4897629863888824,4.631139522098767,0.4312739723713842,True,11,5000
0.9,16,-287.4320533333299,0.46290616319444444,0.9237001892866256,0.7751156720657567,0.6571574271412782,True,11,5000
0.8,16,-300.14513777777717,0.4907169270833333,0.27411396432110985,0.03731958313802686,0.6660488903832232,True,11,5000
0.7,16,-304.79608888888947,0.4971765625,0.11068105719327462,0.00941198005952921,0.6665314412758876,True,11,5000
0.5,16,-307.0952457142858,0.49989955357142857,0.008346539681951981,0.0002970663265244866,0.6666636166619999,True,11,15000
0.3,16,-307.19986285714316,0.49999988839285714,2.8570611397703437e-05,3.7201317582002957e-07,0.6666666643597114,True,11,15000
0.1,16,-307.2000000000003,0.5,-5.684341886080801e-12,0.0,0.6666666666666667,True,11,15000
2.0,16,-149.08586666667475,0.057044444444444446,0.13381322333333756,0.11948624507716049,0.3089823249756849,True,12,5000
1.7,16,-160.57774222222326,0.06311527777777778,0.16381212354053612,0.1715169302106027,0.30948632286529754,True,12,5000
1.5,16,-169.77260444444414,0.06937916666666667,0.1997684994891655,0.23616325166666652,0.3036780126269726,True,12,5000
1.3,16,-181.64737777777748,0.08183958333333333,0.2783246933851886,0.39001880747863266,0.2871378973705989,True,12,5000
1.2,16,-189.82311111111088,0.09462447916666666,0.3630344885974345,0.6007397835069447,0.24878405850120544,True,12,5000
1.1,16,-201.78145777777596,0.12235208333333333,0.6596505888695006,1.241610981313131,0.17960395745467883,True,12,5000
1.0,16,-236.02261333328622,0.2588722222222222,2.5213252247110916,4.606831085524689,0.432435325683563,True,12,5000
0.9,16,-288.0199999999911,0.4670462673611111,0.8032653549383122,0.41831390575918054,0.6605621579824033,True,12,5000
0.8,16,-300.110577777777,0.4906510416666667,0.2758908209875343,0.03811458333332851,0.6660361617453652,True,12,5000
0.7,16,-304.7729066666679,0.4971434027777778,0.11201886476189375,0.009697513051136752,0.6665276026093515,True,12,5000
0.5,16,-307.09017142857164,0.4998957589285714,0.008621526326351159,0.00029666864797661674,0.6666636175312759,True,12,15000
0.3,16,-307.19986285714305,0.49999988839285714,2.8570612029296982e-05,3.7201317582002957e-07,0.6666666643597114,True,12,15000
0.1,16,-307.20000000000016,0.5,5.684341886080801e-12,0.0,0.6666666666666667,True,12,15000
2.0,16,-149.23267555556401,0.05757986111111111,0.13391909622098552,0.12059333294753083,0.3121023974720397,True,14,5000
1.7,16,-160.68709333333302,0.06337039930555556,0.1660149300692119,0.17202250620801554,0.3110435288044867,True,14,5000
1.5,16,-169.84014222222214,0.0696548611111111,0.19998447403896888,0.2351325543004116,0.30980555160245127,True,14,5000
1.3,16,-181.73192888888875,0.08215659722222222,0.27692712671414976,0.3963248974121557,0.28301936077560896,True,14,5000
1.2,16,-189.60428444444443,0.09364878472222223,0.35765778199502074,0.5647877450552982,0.2708356528882844,True,14,5000
1.1,16,-201.7733866666651,0.12184644097222222,0.6355054729017542,1.2035787716733306,0.1990872448967429,True,14,5000
1.0,16,-236.28899555550862,0.26041397569444447,2.5976615339062334,4.843359402081401,0.43092800166585665,True,14,5000
0.9,16,-287.78289777776683,0.4651809027777778,0.8759802424264514,0.6306333687928698,0.6588223443941217,True,14,5000
0.8,16,-300.1440177777796,0.4906875,0.28094884027591854,0.038550182291663404,0.666029564614525,True,14,5000
0.7,16,-304.81923555555574,0.4972153645833333,0.10904875101049102,0.009269711086322527,0.6665336749938244,True,14,5000
0.5,16,-307.0980114285717,0.4998963169642857,0.008173473926945007,0.00033891555484899527,0.6666631924164426,True,14,15000
0.3,16,-307.19986285714316,0.49999988839285714,2.8570611397703437e-05,3.7201317582002957e-07,0.6666666643597114,True,14,15000
0.1,16,-307.2000000000003,0.5,-5.684341886080801e-12,0.0,0.6666666666666667,True,14,15000
2.0,16,-149.1232533333416,0.05732100694444445,0.13349788688611497,0.12177156226466046,0.304399440649025,True,13,5000
1.7,16,-160.51034666666646,0.06279991319444445,0.16494855532102626,0.17021148553808096,0.3056768980280621,True,13,5000
1.5,16,-169.75781333333336,0.06949869791666667,0.19916942873580487,0.23952325665509244,0.30088529381690476,True,13,5000
1.3,16,-181.7523555555552,0.08191284722222222,0.2729019030608636,0.39561516130104457,0.2806416234080522,True,13,5000
1.2,16,-189.8642311111109,0.09462491319444444,0.35881427146006295,0.5820445260400594,0.2680729823322733,True,13,5000
1.1,16,-202.00801777777565,0.12315208333333333,0.6499699485756487,1.2082325881313134,0.19725912657344147,True,13,5000
1.0,16,-237.08616888883864,0.26600225694444446,2.6401716069026406,4.8182677320293195,0.4448349174825693,True,13,5000
0.9,16,-287.7149688888788,0.4654740451388889,0.8111027860250201,0.5415034140924984,0.6595058825070388,True,13,5000
0.8,16,-300.20508444444647,0.49076605902777776,0.27158356617285045,0.038109843689726475,0.6660386720591556,True,13,5000
0.7,16,-304.7917333333323,0.49715086805555553,0.10968755045352589,0.009830898137132798,0.6665259472849705,True,13,5000
0.5,16,-307.0958171428574,0.49989866071428574,0.00817440519176671,0.00030054551019986775,0.6666635798656679,True,13,15000
0.3,16,-307.19986285714305,0.49999988839285714,2.8570612029296982e-05,3.7201317582002957e-07,0.6666666643597114,True,13,15000
0.1,16,-307.20000000000016,0.5,5.684341886080801e-12,0.0,0.6666666666666667,True,13,15000
2.0,16,-149.1718577777842,0.05738532986111111,0.13143044879969779,0.12022857904996143,0.3135075568766029,True,16,5000
1.7,16,-160.5649955555564,0.06293637152777778,0.1655543607326231,0.1688018498899327,0.3109820141209638,True,16,5000
1.5,16,-169.91114666666653,0.06917100694444445,0.199020910834564,0.2360101433899177,0.30387915470793114,True,16,5000
1.3,16,-181.70828444444453,0.08267682291666667,0.27540422581562685,0.39700613727296996,0.2829424784814575,True,16,5000
1.2,16,-189.70940444444386,0.09511137152777778,0.36859091073731226,0.6020403139644419,0.2476231526198548,True,16,5000
1.1,16,-201.58332444444298,0.12228845486111112,0.6196582391143555,1.1802586539544744,0.20192672616343654,True,16,5000
1.0,16,-236.21935999995014,0.25955503472222224,2.6584280914556473,4.86850895934413,0.42787927200959897,True,16,5000
0.9,16,-287.96910222220527,0.4657004340277778,0.8078431326871283,0.593792690841476,0.6592853314277831,True,16,5000
0.8,16,-300.209511111112,0.4907801215277778,0.2729616874516338,0.03796285115499565,0.6660406217791603,True,16,5000
0.7,16,-304.7727822222235,0.4971214409722222,0.11151212153927934,0.009791206677139794,0.6665260950573453,True,16,5000
0.5,16,-307.0874514285718,0.49989129464285714,0.008904932440373159,0.00031939619898935234,0.6666633854533959,True,16,15000
0.3,16,-307.19986285714316,0.49999988839285714,2.8570611397703437e-05,3.7201317582002957e-07,0.6666666643597114,True,16,15000
0.1,16,-307.2000000000003,0.5,-5.684341886080801e-12,0.0,0.6666666666666667,True,16,15000
2.0,16,-149.25477333334126,0.05737734375,0.13195857019722013,0.12027957256076394,0.31050108580039126,True,15,5000
1.7,16,-160.5801066666676,0.06283845486111111,0.1652776850096229,0.1702081889966866,0.3077216628738816,True,15,5000
1.5,16,-169.72083555555523,0.06951588541666667,0.19930549014595222,0.2389503185069442,0.3005025488786559,True,15,5000
1.3,16,-181.77543111111075,0.08209270833333333,0.273467851980445,0.38792994529914526,0.2952176055917385,True,15,5000
1.2,16,-189.62307555555478,0.09410329861111111,0.35496900308298823,0.5752886205954219,0.274559398519745,True,15,5000
1.1,16,-201.92163555555442,0.12328315972222222,0.6316773283705927,1.2034874802118407,0.21115623140472606,True,15,5000
1.0,16,-236.8051555555101,0.2625809027777778,2.6383416739506913,4.825454852191356,0.43566531401101916,True,15,5000
0.9,16,-288.1557866666597,0.46799305555555554,0.7995532614403247,0.34288852794925145,0.6611901953309778,True,15,5000
0.8,16,-300.17930666666757,0.4907737847222222,0.27646817631943316,0.037775381471840674,0.6660424277548869,True,15,5000
0.7,16,-304.8158222222217,0.4971978298611111,0.11122204056454284,0.0096059083967199,0.6665289972864663,True,15,5000
0.5,16,-307.0832228571431,0.4998847098214286,0.009321494848563816,0.0003563642283097579,0.6666630099790122,True,15,15000
0.3,16,-307.1997257142859,0.4999997767857143,5.713959265247266e-05,7.440051064122599e-07,0.6666666620528839,True,15,15000
0.1,16,-307.20000000000016,0.5,5.684341886080801e-12,0.0,0.6666666666666667,True,15,15000
2.0,16,-149.35015111111832,0.057022482638888886,0.1345755386061782,0.1189039918971837,0.30568879744347865,True,17,5000
1.7,16,-160.67018666666758,0.06314809027777778,0.16339698440600361,0.17112639438543936,0.3118049874064923,True,17,5000
1.5,16,-169.72639999999996,0.06942604166666666,0.19946075604937935,0.23639262481481507,0.3051778565200465,True,17,5000
1.3,16,-181.70465777777784,0.08169791666666666,0.26813336126160137,0.3867158333333335,0.2914498703353501,True,17,5000
1.2,16,-189.95063111111017,0.09559114583333334,0.3730467063365871,0.6004469777199073,0.256719581152954,True,17,5000
1.1,16,-201.46782222222106,0.1208052951388889,0.6182163715692467,1.1702840605201312,0.19722346880829855,True,17,5000
1.0,16,-234.96318222217684,0.2526681423611111,2.5609285382210203,4.749531967266588,0.41450993465536135,True,17,5000
0.9,16,-287.8731555555445,0.4664022569444444,0.8439817356728371,0.4948835602794964,0.6598665077899526,True,17,5000
0.8,16,-300.0641244444444,0.49042317708333333,0.29116370476653936,0.048723185221355436,0.6659098568353096,True,17,5000
0.7,16,-304.7869511111101,0.4971730902777778,0.1092083931569375,0.009308574856693294,0.6665329545211485,True,17,5000
0.5,16,-307.09257142857166,0.4998933035714286,0.008698530612036848,0.00033836775510565076,0.6666631971917067,True,17,15000
0.3,16,-307.20000000000016,0.5,6.315935428978668e-13,0.0,0.6666666666666667,True,17,15000
0.1,16,-307.20000000000016,0.5,5.684341886080801e-12,0.0,0.6666666666666667,True,17,15000
2.0,16,-149.23160888889547,0.057066319444444444,0.13437860762839549,0.1180965092438272,0.3121748447979643,True,18,5000
1.7,16,-160.53488000000084,0.0632375,0.16522685182237568,0.17122262843137245,0.3124648797855861,True,18,5000
1.5,16,-169.84458666666646,0.06960052083333333,0.20189727705678706,0.2405789958796296,0.29719727268292384,True,18,5000
1.3,16,-181.70595555555522,0.08113802083333334,0.2731413751187274,0.3884466493055555,0.283577174627197,True,18,5000
1.2,16,-189.82234666666645,0.09396666666666667,0.36789694783178184,0.5772560442129626,0.2670389000252288,True,18,5000
1.1,16,-201.88718222222056,0.1237045138888889,0.6533828775471564,1.2453878265712677,0.19426055765792416,True,18,5000
1.0,16,-236.29951999996172,0.26101536458333335,2.520489561599959,4.626350340260412,0.43725740558914905,True,18,5000
0.9,16,-287.4043199999971,0.46361597222222223,0.9296536137037211,0.7112920894718795,0.6578811987889474,True,18,5000
0.8,16,-300.15328000000034,0.4906609375,0.28126892576407764,0.039693510329854576,0.6660133787697675,True,18,5000
0.7,16,-304.8260622222222,0.4972200520833333,0.10910116110856471,0.00924676029267094,0.6665339345273626,True,18,5000
0.5,16,-307.0886857142859,0.4998875,0.008952106938522775,0.0003609307142937723,0.6666629644025107,True,18,15000
0.3,16,-307.19986285714316,0.49999988839285714,2.8570611397703437e-05,3.7201317582002957e-07,0.6666666643597114,True,18,15000
0.1,16,-307.2000000000003,0.5,-5.684341886080801e-12,0.0,0.6666666666666667,True,18,15000
2.0,16,-149.2645688888973,0.05723116319444444,0.13288548412839418,0.11973444173514664,0.31224777466567133,True,19,5000
1.7,16,-160.6186844444452,0.06317925347222222,0.1679760371647669,0.171010943599083,0.31171021636164054,True,19,5000
1.5,16,-169.92072888888873,0.06964105902777777,0.20196711512702828,0.23755448144933147,0.3045672384676329,True,19,5000
1.3,16,-181.56609777777737,0.08210590277777778,0.27242485817151435,0.39017571877967705,0.2928760501925538,True,19,5000
1.2,16,-189.74741333333313,0.09444522569444444,0.36307453938275974,0.5868162309011704,0.25724014825809005,True,19,5000
1.1,16,-201.8113599999986,0.123584375,0.657498986510533,1.2529750616161623,0.18597215755357355,True,19,5000
1.0,16,-237.34497777772785,0.26553498263888886,2.611744562932273,4.7456886374054825,0.4428358623053297,True,19,5000
0.9,16,-287.8968355555345,0.4643215277777778,0.8285012805837045,0.7391681836076774,0.6580944721358312,True,19,5000
0.8,16,-300.20634666666257,0.49069713541666665,0.28285409442698745,0.045012636089412084,0.6659512776383247,True,19,5000
0.7,16,-304.8158222222231,0.49719383680555557,0.11003383194747586,0.009566468449630099,0.6665294439926961,True,19,5000
0.5,16,-307.0831314285716,0.4998831473214286,0.009595446783578154,0.00039144637116805825,0.6666626605061429,True,19,15000
0.3,16,-307.1997257142859,0.4999997767857143,5.713959265247266e-05,7.440051064122599e-07,0.6666666620528839,True,19,15000
0.1,16,-307.20000000000016,0.5,5.684341886080801e-12,0.0,0.6666666666666667,True,19,15000
2.0,16,-149.42757333334183,0.057321875,0.1321082019750044,0.11876976166666658,0.31581561423903426,True,20,5000
1.7,16,-160.60986666666724,0.06296102430555556,0.1653812217416351,0.1716879178910221,0.3039799910767057,True,20,5000
1.5,16,-169.80659555555556,0.06924748263888889,0.20032656645212732,0.23836434752957825,0.297783082196836,True,20,5000
1.3,16,-181.6663288888886,0.08256232638888888,0.2757020926576078,0.4073603247803894,0.2784990314349497,True,20,5000
1.2,16,-189.8012977777776,0.09424869791666667,0.35398479481393175,0.5834698752170139,0.26150534185523544,True,20,5000
1.1,16,-201.79267555555398,0.12334626736111111,0.6390815302071434,1.223999814813061,0.20506559804348845,True,20,5000
1.0,16,-236.61022222217537,0.26510772569444446,2.666178480709874,4.752733671525846,0.4429358198611081,True,20,5000
0.9,16,-287.27151999998483,0.46281180555555557,0.9261881580111245,0.7386751233196126,0.6573345465391393,True,20,5000
0.8,16,-300.2521422222258,0.49083619791666666,0.26971100985901936,0.03651083504774277,0.66606132063376,True,20,5000
0.7,16,-304.782613333333,0.49716189236111114,0.1117590413604821,0.009648346491947077,0.6665283733031151,True,20,5000
0.5,16,-307.0835428571431,0.4998858258928571,0.009292946734376528,0.00034578106505023243,0.6666631161008162,True,20,15000
0.3,16,-307.199862857143,0.49999988839285714,2.857061392407761e-05,3.7201317582002957e-07,0.6666666643597114,True,20,15000
0.1,16,-307.20000000000016,0.5,5.684341886080801e-12,0.0,0.6666666666666667,True,20,15000
2.0,16,-149.2625600000067,0.05746501736111111,0.13230645575278288,0.11840415411940586,0.3181505892847952,True,21,5000
1.7,16,-160.43838222222269,0.0632140625,0.16548847397111796,0.1722314280637256,0.30970210578982704,True,21,5000
1.5,16,-169.74990222222223,0.06919661458333333,0.19897590198957638,0.2334464557291668,0.30780765600508053,True,21,5000
1.3,16,-181.7239288888886,0.08171684027777777,0.2723641392059429,0.3855254052647201,0.29096390480049483,True,21,5000
1.2,16,-189.8879288888887,0.09497708333333334,0.36484000307268616,0.5828898590277776,0.272625776578455,True,21,5000
1.1,16,-201.91233777777668,0.12325850694444444,0.6425083412294922,1.244199803865039,0.1921806382469342,True,21,5000
1.0,16,-236.32405333327543,0.2603212673611111,2.5676036913779683,4.726524608794367,0.4333122715524591,True,21,5000
0.9,16,-287.71784888888163,0.46566901041666664,0.8285426251471383,0.5360349621720751,0.6595435305701762,True,21,5000
0.8,16,-300.08403555555384,0.48954071180555553,0.2926562894887574,0.19130284027538025,0.6651533818932716,True,21,5000
0.7,16,-304.7378844444438,0.49711501736111113,0.11322729141857148,0.009716407007819125,0.6665272432362059,True,21,5000
0.5,16,-307.09378285714314,0.4998955357142857,0.008571431763357396,0.0003238769387934326,0.6666633430545733,True,21,15000
0.3,16,-307.199725714286,0.4999997767857143,5.713959138928557e-05,7.440051064122599e-07,0.6666666620528839,True,21,15000
0.1,16,-307.2000000000003,0.5,-5.684341886080801e-12,0.0,0.6666666666666667,True,21,15000
2.0,16,-149.16780444445826,0.05729652777777778,0.13359887662932124,0.12003495067901238,0.3104876116418449,True,22,5000
1.7,16,-160.55532444444444,0.06303463541666667,0.16643609501943857,0.17327818822508165,0.30205690855239364,True,22,5000
1.5,16,-169.8465066666664,0.06949991319444444,0.2019097635357904,0.23815507546167694,0.3023944973748883,True,22,5000
1.3,16,-181.71381333333326,0.08149097222222222,0.27496269588429584,0.3896065138651471,0.28551829645499527,True,22,5000
1.2,16,-189.72517333333332,0.0948907986111111,0.3580218101156952,0.5820406504565331,0.27263042405627647,True,22,5000
1.1,16,-201.97477333333148,0.12461215277777778,0.656065530495879,1.2520211787598203,0.20711534777424745,True,22,5000
1.0,16,-236.4448177777296,0.26206119791666665,2.5796838204431936,4.7000561766493085,0.4377747163239736,True,22,5000
0.9,16,-287.7295999999802,0.4651017361111111,0.8509026762687375,0.6419862766117983,0.6588596453239086,True,22,5000
0.8,16,-300.20321777777747,0.4907706597222222,0.267368513192423,0.03748804570794739,0.6660487641253934,True,22,5000
0.7,16,-304.7541688888886,0.4971200520833333,0.11287305093474619,0.009717349181548636,0.6665271583810785,True,22,5000
0.5,16,-307.0893485714288,0.49989073660714284,0.008850691583347725,0.0003374142793433066,0.6666632040176927,True,22,15000
0.3,16,-307.1995885714287,0.4999996651785714,8.570694060633994e-05,1.1159757680919333e-06,0.6666666597461842,True,22,15000
0.1,16,-307.20000000000016,0.5,5.684341886080801e-12,0.0,0.6666666666666667,True,22,15000
2.0,16,-149.33486222223212,0.05752447916666667,0.13398643290247847,0.11963429482638882,0.31445449272379655,True,23,5000
1.7,16,-160.69692444444473,0.06329904513888888,0.16426376316629912,0.1723884837679285,0.3107909775981842,True,23,5000
1.5,16,-169.85738666666632,0.06945946180555555,0.1996692332049545,0.2357267940727882,0.30745753289139854,True,23,5000
1.3,16,-181.75834666666626,0.08156692708333334,0.27346554923735156,0.38781832146100403,0.2887607288459697,True,23,5000
1.2,16,-189.91466666666622,0.09508611111111111,0.37141689814814943,0.6045060222736628,0.23272787348761614,True,23,5000
1.1,16,-201.66277333333105,0.1232576388888889,0.6436926507896764,1.2222720167227827,0.19945325797604807,True,23,5000
1.0,16,-236.3791999999582,0.2602407118055556,2.5864977544445935,4.742980934164734,0.43253370658671075,True,23,5000
0.9,16,-287.27751111110894,0.4631427083333333,0.9154593665599535,0.7169562688271628,0.6576159213156956,True,23,5000
0.8,16,-300.07432888888917,0.49052230902777777,0.2824786925904376,0.040404459661944614,0.6660020507287931,True,23,5000
0.7,16,-304.83891555555476,0.4972131076388889,0.1095558409648517,0.00946749331735727,0.6665307878256994,True,23,5000
0.5,16,-307.0854628571431,0.49988839285714287,0.009121019419580989,0.0003387117346846935,0.6666631896000585,True,23,15000
0.3,16,-307.20000000000016,0.5,6.315935428978668e-13,0.0,0.6666666666666667,True,23,15000
0.1,16,-307.20000000000016,0.5,5.684341886080801e-12,0.0,0.6666666666666667,True,23,15000
2.0,16,-149.25400888889638,0.057655815972222225,0.1335315680728506,0.1209834461564428,0.3111636764313237,True,24,5000
1.7,16,-160.45841777777807,0.06277881944444444,0.1658198394651605,0.16938576054829357,0.30682664222966394,True,24,5000
1.5,16,-169.9590755555556,0.06987986111111111,0.20045087012126966,0.24273113393004114,0.2987688270339469,True,24,5000
1.3,16,-181.71095111111066,0.08205407986111111,0.27464304545180734,0.3824854075127609,0.2944730719237568,True,24,5000
1.2,16,-189.93169777777746,0.09495824652777778,0.3668102615191929,0.5887748624598121,0.2683219552877828,True,24,5000
1.1,16,-202.02499555555383,0.123215625,0.6575562015753776,1.2851778739898991,0.17356517777404756,True,24,5000
1.0,16,-235.96723555551276,0.2569839409722222,2.5717763066059547,4.725925208285108,0.4253223088769039,True,24,5000
0.9,16,-287.771964444432,0.4666939236111111,0.8438763192667987,0.42865902221364316,0.6603340668385883,True,24,5000
0.8,16,-300.1693155555542,0.49061770833333335,0.27693075506176607,0.04533340312499412,0.6659583338852215,True,24,5000
0.7,16,-304.82364444444397,0.4972032986111111,0.10934565658857891,0.009608301576276648,0.6665289790340857,True,24,5000
0.5,16,-307.0867885714288,0.499890625,0.009068594212749304,0.0003224464285835893,0.6666633539493689,True,24,15000
0.3,16,-307.1998400000003,0.4999997767857143,3.8887777817661925e-05,1.4880527269648762e-06,0.6666666575110709,True,24,15000
0.1,16,-307.2000000000003,0.5,-5.684341886080801e-12,0.0,0.6666666666666667,True,24,15000
2.0,16,-149.1750755555631,0.05734748263888889,0.13398178222098878,0.11945323259162804,0.3143610283108331,True,25,5000
1.7,16,-160.59251555555633,0.06294409722222222,0.16342737526549592,0.17197847057007998,0.3057260195250153,True,25,5000
1.5,16,-169.89166222222195,0.07003914930555556,0.19907438856735224,0.23891728240612126,0.30637806891649944,True,25,5000
1.3,16,-181.74750222222247,0.08131822916666667,0.27760365606764426,0.3812754187499998,0.2864243698989627,True,25,5000
1.2,16,-189.74339555555517,0.09559644097222222,0.3682339588854333,0.6042640650061082,0.25650548733223677,True,25,5000
1.1,16,-201.58641777777555,0.12132517361111111,0.6214883851688858,1.1759551810535909,0.20598491324625756,True,25,5000
1.0,16,-236.23617777772856,0.25922526041666666,2.5420673873767896,4.749494520399306,0.4320527002539134,True,25,5000
0.9,16,-287.6552355555451,0.464396875,0.9242545595960553,0.7073565845679042,0.6580761836822057,True,25,5000
0.8,16,-300.14140444444473,0.4906141493055556,0.2746368130480014,0.04107515763647207,0.6659972177463884,True,25,5000
0.7,16,-304.79827555555465,0.4971876736111111,0.10973410327799649,0.00941875990961754,0.6665315806143413,True,25,5000
0.5,16,-307.0940571428568,0.49989765625,0.00843405530599739,0.00030512825892969886,0.6666635348940257,True,25,15000
0.3,16,-307.1997257142859,0.4999997767857143,5.713959265247266e-05,7.440051064122599e-07,0.6666666620528839,True,25,15000
0.1,16,-307.20000000000016,0.5,5.684341886080801e-12,0.0,0.6666666666666667,True,25,15000
2.0,16,-149.31290666667556,0.057585243055555554,0.13266938419722507,0.12039411851466053,0.31194418226440557,True,26,5000
1.7,16,-160.55669333333478,0.06322074652777777,0.16556612132255985,0.17061820895856042,0.31074123620159433,True,26,5000
1.5,16,-169.8674488888886,0.06961527777777778,0.20074129934924814,0.23675858664609054,0.30778592604310095,True,26,5000
1.3,16,-181.74268444444434,0.08204019097222222,0.2748992938300929,0.39732043030478387,0.2837712614145014,True,26,5000
1.2,16,-189.68065777777747,0.09476927083333334,0.36585546178928596,0.5997109462384261,0.2502203477391315,True,26,5000
1.1,16,-201.73934222222016,0.12367604166666667,0.6397030667850289,1.2030655452020205,0.2097430380411568,True,26,5000
1.0,16,-235.85660444439534,0.2576908854166667,2.5669733452394894,4.710012099149303,0.42655585800852613,True,26,5000
0.9,16,-288.0787733333253,0.46600876736111113,0.8180088267625638,0.5383840915616389,0.6594007997342,True,26,5000
0.8,16,-300.1157333333298,0.49064453125,0.2819500190971879,0.041156453450517105,0.6659986115506248,True,26,5000
0.7,16,-304.805564444444,0.4971923611111111,0.10787809783555626,0.00940805683422395,0.6665317779442226,True,26,5000
0.5,16,-307.0811428571431,0.49988270089285713,0.009463836734994402,0.00036505356504790143,0.6666629220961213,True,26,15000
0.3,16,-307.2000000000003,0.5,-6.315935428978668e-13,0.0,0.6666666666666667,True,26,15000
0.1,16,-307.2000000000003,0.5,-5.684341886080801e-12,0.0,0.6666666666666667,True,26,15000
2.0,16,-149.31374222223155,0.05724114583333333,0.13543175481357395,0.12043934343750007,0.3066816771009441,True,28,5000
1.7,16,-160.48677333333345,0.06337534722222223,0.1658113528296714,0.17402769034132162,0.3094301804581766,True,28,5000
1.5,16,-169.845493333333,0.06941866319444444,0.19846408588146383,0.2365436815727883,0.30601333962027233,True,28,5000
1.3,16,-181.7150044444442,0.08190130208333334,0.27429214481626246,0.38871602562767094,0.2876488074819442,True,28,5000
1.2,16,-189.79002666666665,0.09412447916666666,0.35610470702932184,0.580380528877315,0.26841761383249185,True,28,5000
1.1,16,-201.65031111110957,0.12218159722222222,0.6378532609937604,1.2062572583052753,0.196480209802105,True,28,5000
1.0,16,-235.42451555550943,0.2551776041666667,2.5830270411840104,4.764825105486111,0.41995619403586315,True,28,5000
0.9,16,-287.18645333332466,0.46190946180555553,0.9308815567078313,0.8639597740719375,0.6566400933688257,True,28,5000
0.8,16,-300.06472888888976,0.49055190972222223,0.2807154863404548,0.03884316897183382,0.6660239351994264,True,28,5000
0.7,16,-304.8332088888887,0.4972443576388889,0.10712136703432408,0.009025628237974308,0.6665371306706405,True,28,5000
0.5,16,-307.08692571428594,0.4998875,0.008995364824158969,0.00034619857143525223,0.6666631122968538,True,28,15000
0.3,16,-307.20000000000016,0.5,6.315935428978668e-13,0.0,0.6666666666666667,True,28,15000
0.1,16,-307.20000000000016,0.5,5.684341886080801e-12,0.0,0.6666666666666667,True,28,15000
2.0,16,-149.04067555556395,0.05729539930555556,0.13400087733209887,0.11834946291570209,0.31846888333892764,True,27,5000
1.7,16,-160.45646222222368,0.06288663194444444,0.16765313043018115,0.1742098219453524,0.2983067354386243,True,27,5000
1.5,16,-169.72543999999982,0.06923506944444445,0.19954280541233832,0.23694204251028786,0.30312995675905974,True,27,5000
1.3,16,-181.87509333333318,0.08209661458333334,0.2775386918869017,0.39637502669604696,0.2830095226560928,True,27,5000
1.2,16,-189.77013333333326,0.09454479166666667,0.3595791967592632,0.5859063266203701,0.2590953326531332,True,27,5000
1.1,16,-202.01564444444213,0.12307430555555555,0.6391336451382453,1.2082261506453424,0.21254737395050638,True,27,5000
1.0,16,-235.94021333328763,0.25795164930555553,2.5703426484330976,4.760369956386963,0.42662241767716713,True,27,5000
0.9,16,-287.49564444443325,0.46519652777777776,0.840403723670118,0.526509353360775,0.6594453287958677,True,27,5000
0.8,16,-300.1348799999994,0.4906482638888889,0.2800209923437435,0.03889049521605514,0.6660246429807801,True,27,5000
0.7,16,-304.796266666666,0.49717786458333335,0.10940465079350326,0.0093892468005866,0.6665319218364594,True,27,5000
0.5,16,-307.0815542857142,0.49988080357142856,0.009576790825349235,0.00039227918368567316,0.6666626511069549,True,27,15000
0.3,16,-307.19986285714305,0.49999988839285714,2.8570612029296982e-05,3.7201317582002957e-07,0.6666666643597114,True,27,15000
0.1,16,-307.20000000000016,0.5,5.684341886080801e-12,0.0,0.6666666666666667,True,27,15000
2.0,16,-149.14547555556493,0.057224565972222224,0.1334002634293192,0.11953361060088735,0.3120891119996584,True,29,5000
1.7,16,-160.50494222222278,0.0629912326388889,0.16456127753896407,0.17008922331041207,0.30819571249745836,True,29,5000
1.5,16,-169.78558222222182,0.06989800347222222,0.20151450330810247,0.2359650647826646,0.31239589691439407,True,29,5000
1.3,16,-181.63239111111068,0.08188081597222223,0.2766896196332787,0.39065079195008284,0.2847055681871806,True,29,5000
1.2,16,-189.81639111111107,0.09395269097222222,0.3612786114677549,0.5775245832931457,0.25822273651853755,True,29,5000
1.1,16,-201.51011555555422,0.12106614583333333,0.6238248820160839,1.152086470391414,0.20948492777982952,True,29,5000
1.0,16,-234.4146311110718,0.24771380208333332,2.5551365526803522,4.740769690260418,0.40176794550717654,True,29,5000
0.9,16,-287.87292444443057,0.4648819444444444,0.8290048408719451,0.6737326097393826,0.6586640147913319,True,29,5000
0.8,16,-300.07317333333276,0.4904807291666667,0.2805261738889619,0.047465388107630346,0.6659336611684541,True,29,5000
0.7,16,-304.8130488888873,0.49720755208333334,0.10911315506159183,0.009312308308529233,0.6665329868488392,True,29,5000
0.5,16,-307.08304000000004,0.49988415178571427,0.009319112743014557,0.00035919997449695984,0.6666629808052587,True,29,15000
0.3,16,-307.1995885714287,0.4999996651785714,8.570694060633994e-05,1.1159757680919333e-06,0.6666666597461842,True,29,15000
0.1,16,-307.20000000000016,0.5,5.684341886080801e-12,0.0,0.6666666666666667,True,29,15000
2.0,16,-149.33692444445188,0.05763784722222222,0.13309963555431992,0.12098208512345682,0.31022004906085265,True,30,5000
1.7,16,-160.47872000000072,0.06290885416666667,0.1639803591849234,0.17008348754084962,0.3102679719824004,True,30,5000
1.5,16,-169.92588444444434,0.06960217013888889,0.2045709077854604,0.23961521799254104,0.30125068238238195,True,30,5000
1.3,16,-181.71646222222216,0.08162517361111112,0.27136605259624014,0.3876504871735516,0.28872211234079226,True,30,5000
1.2,16,-189.75767111111068,0.09398446180555556,0.3607250392995414,0.5728867824057997,0.2670600650335525,True,30,5000
1.1,16,-201.70467555555473,0.12258194444444444,0.6062992464605687,1.1724618463524137,0.22237020991508671,True,30,5000
1.0,16,-236.02015999995368,0.25764027777777776,2.6640276346223573,4.901525913858027,0.4224634091905536,True,30,5000
0.9,16,-287.5780622222121,0.46619366319444444,0.8477194897790451,0.39145861496699297,0.660389487310072,True,30,5000
0.8,16,-300.23071999999854,0.49080147569444443,0.2736810021529478,0.03738189600453801,0.6660483103980437,True,30,5000
0.7,16,-304.7779555555548,0.49713246527777777,0.11274397178131412,0.009992076840837123,0.6665235549442334,True,30,5000
0.5,16,-307.07337142857165,0.49987433035714285,0.010207170611920446,0.00041155691327787736,0.6666624554695793,True,30,15000
0.3,16,-307.199725714286,0.4999997767857143,5.713959138928557e-05,7.440051064122599e-07,0.6666666620528839,True,30,15000
0.1,16,-307.2000000000003,0.5,-5.684341886080801e-12,0.0,0.6666666666666667,True,30,15000
2.0,16,-149.20990222222727,0.05752430555555556,0.13364826535524443,0.12038537577160496,0.3134567305943292,True,31,5000
1.7,16,-160.51598222222324,0.06344592013888889,0.16430146414797717,0.1741216416927651,0.3051354916308513,True,31,5000
1.5,16,-169.893653333333,0.06955590277777778,0.2036229825382634,0.23738066016460913,0.30613525886423887,True,31,5000
1.3,16,-181.59093333333306,0.08193376736111112,0.27529665417487786,0.3935326505683165,0.28511768910900714,True,31,5000
1.2,16,-189.8050844444438,0.09468489583333334,0.3633937763237406,0.5911503457754627,0.25941842767248746,True,31,5000
1.1,16,-201.88172444444302,0.12292100694444444,0.6458037828701232,1.1814750061377672,0.21764556575189575,True,31,5000
1.0,16,-234.99231999995962,0.25431553819444447,2.539302741822212,4.635044355275845,0.42114705238486616,True,31,5000
0.9,16,-287.3639288888793,0.4634504340277778,0.8942866608123619,0.6970395241748091,0.657811786945943,True,31,5000
0.8,16,-300.1464533333311,0.4906681423611111,0.2792237757637927,0.03922646602767976,0.6660203714486987,True,31,5000
0.7,16,-304.78597333333255,0.49714288194444445,0.11233323879822617,0.010013885041887858,0.6665234984700157,True,31,5000
0.5,16,-307.08297142857145,0.4998837053571429,0.009523719183562207,0.0003671826275422063,0.6666628992459149,True,31,15000
0.3,16,-307.19986285714305,0.49999988839285714,2.8570612029296982e-05,3.7201317582002957e-07,0.6666666643597114,True,31,15000
0.1,16,-307.20000000000016,0.5,5.684341886080801e-12,0.0,0.6666666666666667,True,31,15000
2.0,16,-149.16906666667415,0.05734939236111111,0.13302226000000061,0.11911148029996138,0.31360427982488304,True,32,5000
1.7,16,-160.60033777777872,0.06320460069444445,0.16361822360588432,0.17253160097925743,0.3095672660955624,True,32,5000
1.5,16,-169.95063111111085,0.0696625,0.2003903364998665,0.23859571740740737,0.3068154653329075,True,32,5000
1.3,16,-181.7351822222219,0.08148315972222223,0.27913737978230213,0.3867489366749762,0.28675329938881056,True,32,5000
1.2,16,-189.70682666666642,0.0937203125,0.3657671527083098,0.5871473814236113,0.23817233705029628,True,32,5000
1.1,16,-201.293635555555,0.12187161458333333,0.6172988763504058,1.1970655434185613,0.19827630331856594,True,32,5000
1.0,16,-236.502097777727,0.2611114583333333,2.5937098369765295,4.7306597530555585,0.4350536360019308,True,32,5000
0.9,16,-287.0728177777651,0.46010668402777777,0.961636808846025,1.003306264915551,0.6549899821785106,True,32,5000
0.8,16,-300.1137777777749,0.48947265625,0.28382133487649946,0.17505326334634752,0.6650784213929696,True,32,5000
0.7,16,-304.7706488888898,0.4971506076388889,0.11137782615009555,0.009514011174484187,0.6665301663221511,True,32,5000
0.5,16,-307.0904457142857,0.49989296875,0.008660180824563213,0.00032560790178592924,0.6666633248953235,True,32,15000
0.3,16,-307.1997257142859,0.4999997767857143,5.713959265247266e-05,7.440051064122599e-07,0.6666666620528839,True,32,15000
0.1,16,-307.20000000000016,0.5,5.684341886080801e-12,0.0,0.6666666666666667,True,32,15000
2.0,16,-149.08629333333957,0.0571625,0.13558062382221436,0.12021288180555562,0.30667678110290675,True,33,5000
1.7,16,-160.60755555555517,0.06327387152777778,0.1665093999636931,0.17270081900757994,0.31227428823587855,True,33,5000
1.5,16,-169.8796799999997,0.06954114583333333,0.20021634797035404,0.23926222865740732,0.2951167656651814,True,33,5000
1.3,16,-181.76800000000003,0.08206701388888889,0.2761291748849521,0.3891119276115861,0.292056290534906,True,33,5000
1.2,16,-189.60168888888845,0.09346996527777778,0.36050620368227965,0.5712554059349281,0.2690278423995409,True,33,5000
1.1,16,-201.87436444444242,0.12255243055555555,0.643197069187865,1.213324574887767,0.19602494907399515,True,33,5000
1.0,16,-234.8458488888491,0.2530456597222222,2.502479566369175,4.599176895455251,0.41987002750340363,True,33,5000
0.9,16,-287.9702577777606,0.467453125,0.8231981345388394,0.3795256481481444,0.660830425401387,True,33,5000
0.8,16,-300.07299555555636,0.49055329861111113,0.28173536027003004,0.039717235059795186,0.6660136560880053,True,33,5000
0.7,16,-304.7956088888885,0.49718411458333334,0.11101220456279111,0.009409326165672789,0.6665316020082305,True,33,5000
0.5,16,-307.09129142857165,0.4998954241071429,0.00863135072586374,0.00030132035074359464,0.6666635688639015,True,33,15000
0.3,16,-307.1997257142859,0.4999997767857143,5.713959265247266e-05,7.440051064122599e-07,0.6666666620528839,True,33,15000
0.1,16,-307.20000000000016,0.5,5.684341886080801e-12,0.0,0.6666666666666667,True,33,15000
2.0,16,-149.15562666667597,0.05729453125,0.13177760493332968,0.1199338965190972,0.3102638371756219,True,34,5000
1.7,16,-160.68414222222341,0.06305321180555555,0.16698395220256612,0.17243793104461702,0.3083138871750104,True,34,5000
1.5,16,-169.9244977777776,0.06971145833333334,0.19972748586610578,0.2388645038888888,0.3028820142829741,True,34,5000
1.3,16,-181.90209777777733,0.08205989583333333,0.2716276813142087,0.3939230488782052,0.28762209805890737,True,34,5000
1.2,16,-189.73391999999973,0.09389314236111111,0.36342106388117895,0.5702526456388246,0.27057139128532315,True,34,5000
1.1,16,-201.71567999999772,0.12297508680555555,0.6460630894306996,1.2204757577002667,0.193740462824725,True,34,5000
1.0,16,-235.59358222217787,0.25516961805555555,2.5803821724432225,4.790350079251542,0.42006745624257347,True,34,5000
0.9,16,-287.97784888887776,0.46706892361111113,0.807445370346094,0.42561725832475383,0.6604776397564014,True,34,5000
0.8,16,-300.1375111111136,0.49060078125,0.28184734717395793,0.04030230796440826,0.6660041918927341,True,34,5000
0.7,16,-304.79763555555473,0.4971887152777778,0.11078532958173797,0.009580624459865865,0.6665295067210639,True,34,5000
0.5,16,-307.08281142857163,0.4998818080357143,0.00940341935483957,0.00038905305483183383,0.6666626807934034,True,34,15000
0.3,16,-307.19986285714305,0.49999988839285714,2.8570612029296982e-05,3.7201317582002957e-07,0.6666666643597114,True,34,15000
0.1,16,-307.20000000000016,0.5,5.684341886080801e-12,0.0,0.6666666666666667,True,34,15000
2.0,16,-149.28903111111742,0.05732421875,0.13480753701728077,0.11913549804687495,0.31381376882072043,True,35,5000
1.7,16,-160.5813333333348,0.06294461805555555,0.1642888888888809,0.16896665658587515,0.3129801043890359,True,35,5000
1.5,16,-169.8237688888885,0.06970052083333333,0.20313042657393351,0.2399784432870371,0.2991971256120387,True,35,5000
1.3,16,-181.7726044444441,0.0824454861111111,0.2730765361377843,0.3898147673551759,0.29673327797312543,True,35,5000
1.2,16,-189.7702755555552,0.09418645833333333,0.366658232095338,0.572235836574074,0.2680796381919234,True,35,5000
1.1,16,-201.9001244444428,0.12416545138888889,0.6360744088113762,1.2015599765081364,0.22354398969117295,True,35,5000
1.0,16,-236.28268444440175,0.2589073784722222,2.5200424607393757,4.747764558701775,0.43096752942003924,True,35,5000
0.9,16,-288.08567111110216,0.46785,0.7788261274790896,0.3569354950617291,0.6611374874752776,True,35,5000
0.8,16,-300.1989688888882,0.49079817708333334,0.27424725913567366,0.03710249077690797,0.6660520634645386,True,35,5000
0.7,16,-304.8121066666672,0.4971920138888889,0.10784860478452175,0.009443306040566313,0.666531348241447,True,35,5000
0.5,16,-307.081965714286,0.49988415178571427,0.009345168195977749,0.00035562854593251814,0.6666630182511539,True,35,15000
0.3,16,-307.199565714286,0.49999955357142856,9.602356006629029e-05,2.2319728050964236e-06,0.666666652897789,True,35,15000
0.1,16,-307.2000000000003,0.5,-5.684341886080801e-12,0.0,0.6666666666666667,True,35,15000
2.0,16,-149.21891555556144,0.05713350694444445,0.13327351169876067,0.11997393934799383,0.30730731409835144,True,36,5000
1.7,16,-160.70106666666717,0.06316875,0.16761462504804822,0.17125168888888892,0.3131724641902315,True,36,5000
1.5,16,-169.81352888888887,0.069284375,0.1994744970529483,0.23538267703703722,0.30574635992554877,True,36,5000
1.3,16,-181.95543111111076,0.08253012152777778,0.2722880451099387,0.3956421637449548,0.2900536816466227,True,36,5000
1.2,16,-189.81313777777754,0.0935796875,0.36556037283863835,0.5743468212384262,0.25205472555728103,True,36,5000
1.1,16,-201.4616177777763,0.12165034722222222,0.611056728235928,1.1499719350729523,0.22555415265358858,True,36,5000
1.0,16,-235.2825422221738,0.25416171875,2.511092996976487,4.67975386526042,0.41973981695658646,True,36,5000
0.9,16,-287.30527999998554,0.4632473090277778,0.9444132143210447,0.7274607255637022,0.6576667586857949,True,36,5000
0.8,16,-300.1745777777777,0.4906801215277778,0.27915321682083766,0.04052691400221242,0.6660040163663,True,36,5000
0.7,16,-304.86648888888806,0.4972683159722222,0.10635704812274323,0.00915654497079897,0.6665353705647604,True,36,5000
0.5,16,-307.0823771428574,0.49988191964285716,0.009372397419838308,0.00037098619895914453,0.666662859692398,True,36,15000
0.3,16,-307.2000000000003,0.5,-6.315935428978668e-13,0.0,0.6666666666666667,True,36,15000
0.1,16,-307.2000000000003,0.5,-5.684341886080801e-12,0.0,0.6666666666666667,True,36,15000
2.0,16,-149.23447111111992,0.057569184027777776,0.1339402284811726,0.11934319462866516,0.3145983742000059,True,37,5000
1.7,16,-160.66920888888973,0.0632052951388889,0.1651163823960777,0.17037091432348395,0.3132297281937213,True,37,5000
1.5,16,-169.8745955555551,0.0696609375,0.19945338879779861,0.241097106435185,0.29980320002265315,True,37,5000
1.3,16,-181.6411022222219,0.08155885416666667,0.2755723607685216,0.39130247601495705,0.2779413378645673,True,37,5000
1.2,16,-189.81870222222173,0.09456440972222223,0.3594521183093175,0.5936063337127055,0.25878135291375715,True,37,5000
1.1,16,-201.65976888888665,0.12103958333333334,0.6382240046484883,1.2069909522727271,0.18462271333946845,True,37,5000
1.0,16,-235.88239999995508,0.25781805555555554,2.5626664775003576,4.658015964320992,0.42776843985859636,True,37,5000
0.9,16,-287.9675199999866,0.4655683159722222,0.8559547890123201,0.6080556254093811,0.6590007059915659,True,37,5000
0.8,16,-300.21550222222186,0.49072664930555554,0.2786675870292576,0.04017983159481098,0.6660095975482575,True,37,5000
0.7,16,-304.7999644444439,0.4971816840277778,0.11070907028494861,0.009595042193006569,0.6665291630445425,True,37,5000
0.5,16,-307.08873142857163,0.4998916294642857,0.008929408783615145,0.0003245673405558591,0.6666633332196088,True,37,15000
0.3,16,-307.1997257142859,0.4999997767857143,5.713959265247266e-05,7.440051064122599e-07,0.6666666620528839,True,37,15000
0.1,16,-307.20000000000016,0.5,5.684341886080801e-12,0.0,0.6666666666666667,True,37,15000
2.0,16,-149.31824000000873,0.05739713541666667,0.13226893030833153,0.1206478383246527,0.31036605253883454,True,38,5000
1.7,16,-160.4883022222227,0.06299722222222222,0.16533555850784423,0.17272042939360938,0.30166222979420054,True,38,5000
1.5,16,-169.72447999999972,0.06958637152777777,0.19911635774814032,0.23820578931970166,0.3000390658269684,True,38,5000
1.3,16,-181.85551999999964,0.08212873263888888,0.27827160630505665,0.39742714843156474,0.2754177614813522,True,38,5000
1.2,16,-189.70719999999957,0.09441623263888889,0.3630868047839976,0.5816769376527136,0.2588199122548265,True,38,5000
1.1,16,-201.54149333333186,0.12105789930555555,0.6141233387603318,1.1570245588366306,0.20535307444357598,True,38,5000
1.0,16,-235.329671111068,0.25343949652777775,2.5706320957577873,4.740349523285111,0.41661106149318816,True,38,5000
0.9,16,-287.2724266666489,0.46148663194444445,0.9678176383539564,0.9040976760202332,0.6559619263149421,True,38,5000
0.8,16,-300.18192000000016,0.49072569444444447,0.2785520847050193,0.038348317901224505,0.6660323446362743,True,38,5000
0.7,16,-304.75127111111055,0.49712057291666667,0.11153288465344974,0.009712989856142582,0.6665272986621331,True,38,5000
0.5,16,-307.0895542857145,0.49988973214285715,0.008953402252473097,0.0003518103061281863,0.6666630599534997,True,38,15000
0.3,16,-307.19986285714305,0.49999988839285714,2.8570612029296982e-05,3.7201317582002957e-07,0.6666666643597114,True,38,15000
0.1,16,-307.20000000000016,0.5,5.684341886080801e-12,0.0,0.6666666666666667,True,38,15000
2.0,16,-149.32181333334267,0.05748376736111111,0.1335562037333382,0.11950423189718368,0.316353918469362,True,39,5000
1.7,16,-160.64042666666765,0.06339982638888889,0.16342371371010886,0.1751018246686638,0.30058465979034477,True,39,5000
1.5,16,-169.83084444444432,0.06953802083333334,0.20050849644718483,0.23770943662037025,0.30208622331329815,True,39,5000
1.3,16,-181.7556444444442,0.08239661458333333,0.27638486739351315,0.3982572995592949,0.282651480750597,True,39,5000
1.2,16,-189.77745777777773,0.09515998263888889,0.3688862565809359,0.5995732059397504,0.2575182337575814,True,39,5000
1.1,16,-201.97063111111024,0.12308402777777777,0.6431609436752282,1.2224580120931543,0.2008079213329368,True,39,5000
1.0,16,-234.45329777773676,0.2508550347222222,2.5431732370319367,4.727382807677472,0.411089793466209,True,39,5000
0.9,16,-287.7612799999872,0.46426649305555556,0.8909768919616111,0.7116359257115887,0.6580625157951674,True,39,5000
0.8,16,-300.1929600000016,0.49045815972222223,0.27670173743059573,0.07505927834683845,0.6657525991732376,True,39,5000
0.7,16,-304.77797333333336,0.49714409722222225,0.11063456759631887,0.009550898368593559,0.6665295434640202,True,39,5000
0.5,16,-307.10484571428594,0.49990625,0.007684525966851652,0.0002879107142916837,0.6666637106094617,True,39,15000
0.3,16,-307.1995885714287,0.4999996651785714,8.570694060633994e-05,1.1159757680919333e-06,0.6666666597461842,True,39,15000
0.1,16,-307.20000000000016,0.5,5.684341886080801e-12,0.0,0.6666666666666667,True,39,15000
2.0,24,-324.9619999999959,0.0363929012345679,0.13169759857253716,0.10731385184499316,0.31673560435779424,False,0,5000
1.7,24,-350.41520000001293,0.03951176697530864,0.16284460468196485,0.1504883472398733,0.3104027797078641,False,0,5000
1.5,24,-371.1005955555483,0.04287966820987654,0.19959048532304965,0.20291686015032018,0.306494041271573,False,0,5000
1.3,24,-396.9797155555645,0.04915308641975309,0.26212032389961987,0.307742062161021,0.3028699151711436,False,0,5000
1.2,24,-413.39712888888437,0.05518171296296297,0.3168731982234715,0.4201412493569957,0.3038949280435771,False,0,5000
1.1,24,-434.6887555555504,0.06548649691358026,0.43899589041653714,0.6652603674865936,0.28547643902175424,False,0,5000
1.0,24,-465.9082399999983,0.08692407407407407,0.7103191537269393,1.3253717702469139,0.27296025588556005,False,0,5000
0.9,24,-518.5927111111163,0.16027337962962965,1.1933943686770845,5.086449960185182,0.33282796543695736,False,0,5000
0.8,24,-581.8299288888946,0.3441258101851852,0.671369040061462,5.869263715190974,0.6195353795408696,False,0,5000
0.7,24,-607.0476000000083,0.4116841435185185,0.2996390117788613,2.0010422023699297,0.6560561182623854,False,0,5000
0.5,24,-624.8509714285861,0.4552376488095238,0.07425776725600979,0.28357585521261797,0.6651392577636617,False,0,15000
0.3,24,-630.5328571428676,0.4784289186507936,0.03656876889619054,0.15383148559623194,0.6662113123728614,False,0,15000
0.1,24,-634.4860800000118,0.49861666666666676,0.02132945522437997,0.014365496824897406,0.6666533463017752,False,0,15000
2.0,24,-324.91819555557083,0.03632013888888889,0.13365748438927008,0.10800210016975308,0.31136602915091727,False,1,5000
1.7,24,-350.3724888889313,0.03953792438271605,0.164785646829796,0.15196962179809162,0.3085915373177539,False,1,5000
1.5,24,-370.9401688888802,0.04283190586419753,0.1983117508696321,0.20246202205704164,0.3062842114192774,False,1,5000
1.3,24,-396.71464000002726,0.0494337962962963,0.2601558540426703,0.31530114159544137,0.297393094084471,False,1,5000
1.2,24,-413.3733155555482,0.0553324074074074,0.31929870427490314,0.42886749495884835,0.3024767244503136,False,1,5000
1.1,24,-434.60485333331354,0.06570698302469136,0.4352824781920408,0.6642089875413086,0.2926784724260645,False,1,5000
1.0,24,-466.1501866666625,0.09046979166666666,0.7066301982419342,1.4235575055478407,0.2787071313713164,False,1,5000
0.9,24,-518.6314488888827,0.1579099922839506,1.2008462721733513,5.022304462230414,0.32166402848064113,False,1,5000
0.8,24,-581.8903111111131,0.3481477237654321,0.685569561128179,5.401860374741712,0.6236510295165507,False,1,5000
0.7,24,-606.9273244444547,0.4066636574074074,0.3022765244599144,3.4319511301146606,0.6508931672179162,False,1,5000
0.5,24,-624.9006171428641,0.45562906746031745,0.07299382275151503,0.28427278252831556,0.6651465550146272,False,1,15000
0.3,24,-630.4876571428678,0.4780791666666666,0.037711214664330014,0.16174252751330442,0.6661869948287448,False,1,15000
0.1,24,-634.4860114285841,0.4986152777777778,0.02153944044241345,0.014593352380920521,0.6666531380828148,False,1,15000
2.0,24,-324.81679999999733,0.03628441358024692,0.13061277873457458,0.10895193670096012,0.3078768412051528,False,2,5000
1.7,24,-350.27125333323903,0.039511689814814815,0.16286636781408273,0.1496628896105663,0.31162719554674545,False,2,5000
1.5,24,-371.045288888893,0.04311782407407407,0.1982886889788157,0.20406609339506177,0.31166247942662484,False,2,5000
1.3,24,-396.67408888887496,0.04940578703703705,0.26216036296580536,0.3097404917141497,0.3005751214223267,False,2,5000
1.2,24,-413.18883555558637,0.05499313271604938,0.3212176309312728,0.425499851334591,0.3001561214011741,False,2,5000
1.1,24,-434.5403911111153,0.06591246141975309,0.43331772603289936,0.6625876010093219,0.2996935967248058,False,2,5000
1.0,24,-465.83765333331934,0.08756331018518518,0.700382427476547,1.3370424520910504,0.2753899878265146,False,2,5000
0.9,24,-519.6347022222204,0.1613065972222222,1.1607362239467764,5.214951528455083,0.3325917498610278,False,2,5000
0.8,24,-582.2755111111262,0.3511954089506173,0.6838059445676156,5.146891305271549,0.6267584591787863,False,2,5000
0.7,24,-607.6030844444458,0.4185319830246913,0.274133463394585,0.5242152645490731,0.6620984303905202,False,2,5000
0.5,24,-624.9041714285869,0.4558802083333333,0.07407800614439314,0.2719060600198766,0.6652058370584528,False,2,15000
0.3,24,-630.5080685714391,0.4782315972222221,0.03725672477791963,0.1560571844248848,0.6662039328681529,False,2,15000
0.1,24,-634.4827771428685,0.49859985119047623,0.02170485149690648,0.014750162570553726,0.6666529906013673,False,2,15000
2.0,24,-325.0938222223013,0.03627843364197531,0.13108499423782405,0.10821523552426247,0.3105403777274086,False,3,5000
1.7,24,-350.3227022221797,0.0393483024691358,0.1654913057932948,0.14862814266924876,0.31654998008519664,False,3,5000
1.5,24,-370.95159999997486,0.042873572530864205,0.19231339137172374,0.20425714386774094,0.3008245981051684,False,3,5000
1.3,24,-396.9084533333421,0.0492758487654321,0.25727140368985524,0.30890666026959995,0.3066954878479252,False,3,5000
1.2,24,-413.36844444440686,0.05530547839506173,0.3203121911199414,0.43687513837162767,0.2832371916166406,False,3,5000
1.1,24,-434.48526222222984,0.0653389274691358,0.42609581375319927,0.6408727964638665,0.29742151495276736,False,3,5000
1.0,24,-465.35078222221574,0.0897977237654321,0.6682427203883586,1.3879165267069606,0.2855321654722345,False,3,5000
0.9,24,-518.9472622222028,0.1654789737654321,1.1937482073382966,5.1646910425001895,0.35465059919070474,False,3,5000
0.8,24,-580.8931733333358,0.33622114197530867,0.7336021835724988,6.775030229869677,0.6090516877273013,False,3,5000
0.7,24,-607.49183111111,0.41852141203703697,0.2748116431340802,0.5242102554563896,0.662085782799871,False,3,5000
0.5,24,-624.9264228571534,0.455878373015873,0.07203161193279407,0.26877494879824937,0.6652242650293936,False,3,15000
0.3,24,-630.5153600000114,0.4782843253968254,0.0369207134379978,0.15687989916852274,0.6662022341426643,False,3,15000
0.1,24,-634.4833142857258,0.49860252976190467,0.021713965977849303,0.01475860361441761,0.6666529832986998,False,3,15000
2.0,24,-325.18114666667856,0.036257407407407405,0.13218818677499813,0.10770650580246913,0.3140060611716571,False,4,5000
1.7,24,-350.37602666661473,0.039758834876543206,0.16425271340040914,0.15145303982036237,0.3166428237593141,False,4,5000
1.5,24,-370.98368000003137,0.043029706790123454,0.19538390971519906,0.20201430104023785,0.31561502458843527,False,4,5000
1.3,24,-396.93786666666404,0.04925300925925925,0.2614977727372182,0.3104816113722699,0.2993175200849949,False,4,5000
1.2,24,-413.3426222222154,0.054949884259259264,0.31662581475523494,0.4190148579668207,0.3029170062440002,False,4,5000
1.1,24,-434.6838933333321,0.06615239197530864,0.4333547012386307,0.6741903534574138,0.28614083461858364,False,4,5000
1.0,24,-465.4880622222344,0.09042060185185184,0.6977021538203493,1.3662201947839514,0.29560215844834714,False,4,5000
0.9,24,-520.426293333359,0.16990613425925924,1.1970346560038008,5.608668646081972,0.35051938404543936,False,4,5000
0.8,24,-580.8599111111122,0.34570219907407407,0.7413459345850506,5.108439615268139,0.6218878373300197,False,4,5000
0.7,24,-607.1048711111144,0.41242847222222223,0.29186718098538883,1.6954348773809336,0.6567349748133307,False,4,5000
0.5,24,-624.9483314285776,0.4559419146825397,0.07213549257115422,0.26858099342117825,0.6652231767100647,False,4,15000
0.3,24,-630.5405371428677,0.4783765376984127,0.03611697856184846,0.1543699544548005,0.6662099204710467,False,4,15000
0.1,24,-634.4839542857255,0.49860520833333327,0.021508079003574994,0.014576485813737605,0.6666531497472431,False,4,15000
2.0,24,-325.26736888889934,0.03640821759259259,0.1335003495802122,0.10913644873070988,0.30723139015909373,False,5,5000
1.7,24,-350.3878666666379,0.03955763888888889,0.16331266520355908,0.15074268661946258,0.30970136727442144,False,5,5000
1.5,24,-370.8226666666629,0.04313996913580247,0.1957206241426275,0.2055055250663009,0.3034943603469905,False,5,5000
1.3,24,-397.2680533333331,0.049369405864197524,0.2603012764233723,0.3135566872263113,0.2985837968337043,False,5,5000
1.2,24,-413.4198577777821,0.05457453703703703,0.31487689940984126,0.4155372133744857,0.2985997796766314,False,5,5000
1.1,24,-434.6432355555385,0.0659420524691358,0.42427593233174005,0.6636703987997256,0.29781979951359094,False,5,5000
1.0,24,-466.31383111108875,0.08953692129629628,0.6877520228206575,1.3794946157330263,0.272296589957145,False,5,5000
0.9,24,-519.7108533332959,0.16146165123456788,1.191923661562512,5.21593517813977,0.33018361928218654,False,5,5000
0.8,24,-582.3778222222257,0.3560224151234568,0.6642215727824109,4.089724407149136,0.6335345833338077,False,5,5000
0.7,24,-607.3906755555661,0.41578607253086425,0.27951856319777363,1.088308622838236,0.6594851794446923,False,5,5000
0.5,24,-624.9027657142932,0.4559775297619048,0.07285466116607292,0.2683301302465608,0.6652283177279215,False,5,15000
0.3,24,-630.5133714285829,0.4783321428571429,0.03738398488313118,0.15360696817840136,0.6662106991434324,False,5,15000
0.1,24,-634.4876571428692,0.4986213789682539,0.021423154177884696,0.014625483999726185,0.6666531090079904,False,5,15000
2.0,24,-324.7251733333628,0.03630277777777778,0.13140096184074915,0.1077552224691358,0.3109408977709779,False,6,5000
1.7,24,-350.24087999998727,0.03951516203703704,0.16292085946045973,0.15044405446169193,0.311789160439641,False,6,5000
1.5,24,-370.9594311111486,0.042999074074074065,0.1974275915198194,0.2015407091358028,0.31420132700710934,False,6,5000
1.3,24,-396.88905777779394,0.049124729938271605,0.25968365960006984,0.309235945599214,0.30191893206674436,False,6,5000
1.2,24,-413.5718044444598,0.055572762345679004,0.32631750861304387,0.43157618247313734,0.30152723401737214,False,6,5000
1.1,24,-434.8353422222275,0.06552364969135803,0.4361616605361929,0.6474982057231254,0.3039866022444546,False,6,5000
1.0,24,-465.5773333333509,0.08944938271604938,0.704871256172737,1.3947132143484238,0.2646011446959353,False,6,5000
0.9,24,-519.1094666666626,0.15874729938271606,1.2082951820984977,5.052785986415945,0.32176606371149996,False,6,5000
0.8,24,-581.1514044444508,0.33565088734567905,0.7131053126951452,7.188715545652197,0.6079027987169476,False,6,5000
0.7,24,-607.4883288888893,0.41880057870370374,0.27701619664393573,0.5129259483134722,0.662180772892184,False,6,5000
0.5,24,-624.8759657142982,0.4555219742063492,0.07239271872216098,0.277270784214835,0.6651776794262367,False,6,15000
0.3,24,-630.5143657142962,0.47832544642857144,0.037368064882392915,0.1543061570247417,0.6662087693239462,False,6,15000
0.1,24,-634.4853828571543,0.49861180555555557,0.021125604517793457,0.014344441666800378,0.6666533653510083,False,6,15000
2.0,24,-324.7954133333148,0.036323726851851854,0.13535418531359433,0.1084971544405864,0.31058984634144415,False,7,5000
1.7,24,-350.30747555550624,0.03935320216049383,0.1615594371452051,0.14940832212488903,0.3103630910335837,False,7,5000
1.5,24,-370.8971288889169,0.04325844907407408,0.19714835577935536,0.205963734521605,0.31144998893342646,False,7,5000
1.3,24,-397.0700533333253,0.0496653549382716,0.2606905171093686,0.3092598064551015,0.3134767193447059,False,7,5000
1.2,24,-413.51607111109644,0.05539429012345679,0.3195794961357726,0.421239895976223,0.30643687541018416,False,7,5000
1.1,24,-434.5300000000344,0.06568545524691359,0.43025370816755354,0.6544709327152692,0.301825630530979,False,7,5000
1.0,24,-465.64094222221144,0.0886440586419753,0.6888207688290701,1.3591553037414283,0.27918201002745213,False,7,5000
0.9,24,-521.0317333333282,0.17130470679012344,1.2104323180915373,5.459697371281058,0.36520203826178943,False,7,5000
0.8,24,-581.4024088888987,0.3477433641975309,0.6852104587960322,5.064525906567207,0.6247657318314315,False,7,5000
0.7,24,-606.7795111111244,0.405384375,0.3094190341741571,3.437440250870785,0.6499677484863775,False,7,5000
0.5,24,-624.8838514285821,0.4559327876984127,0.07402872873515459,0.2674514426728507,0.6652301821957634,False,7,15000
0.3,24,-630.4977942857253,0.47822371031746025,0.03726022360852868,0.15532818357911538,0.666206272146237,False,7,15000
0.1,24,-634.4818628571545,0.49859632936507936,0.02188495309383142,0.014839614455972594,0.666652907422119,False,7,15000
2.0,24,-325.049182222228,0.036312885802469136,0.13441422173907036,0.10904564347565159,0.3100818612436783,False,8,5000
1.7,24,-350.54069333337327,0.039566049382716045,0.1649251842556196,0.15173153458403937,0.31002595094302376,False,8,5000
1.5,24,-371.03302222219355,0.0428474537037037,0.1969342367794727,0.20041640532921817,0.3112113245768203,False,8,5000
1.3,24,-396.75335999999874,0.04942079475308642,0.2563676864628238,0.3094628184228922,0.30308615430627317,False,8,5000
1.2,24,-413.39912888892775,0.055454822530864194,0.31659056835812754,0.4238907376536069,0.3014039744544176,False,8,5000
1.1,24,-434.5536711111284,0.06530779320987654,0.42820832738794123,0.653188866064971,0.29712099076988785,False,8,5000
1.0,24,-465.5880799999952,0.0890496913580247,0.6921963891246479,1.3892687789574767,0.26791912014251873,False,8,5000
0.9,24,-519.6905511110825,0.16240208333333334,1.1846515385580187,5.174553003120712,0.33494978712146484,False,8,5000
0.8,24,-581.3481155555734,0.33450374228395063,0.6974373348402055,7.298261532740683,0.6066651810226658,False,8,5000
0.7,24,-607.4878488888961,0.4186036265432099,0.27973483841723185,0.5266680844160148,0.662082287692993,False,8,5000
0.5,24,-624.8565828571524,0.4557014880952381,0.07541900462577662,0.28653225236962143,0.665134310203183,False,8,15000
0.3,24,-630.523737142868,0.4782794642857143,0.03732784346393152,0.15941364797811275,0.6661945326642454,False,8,15000
0.1,24,-634.4825142857261,0.49859920634920635,0.02162747391088891,0.014666842403627811,0.6666530664474364,False,8,15000
2.0,24,-325.14880888892395,0.03645266203703704,0.13279170366663115,0.10964348996527781,0.31015248611173185,False,9,5000
1.7,24,-350.1279911111028,0.03946450617283951,0.16358262557132627,0.15045613632695864,0.3130540129336906,False,9,5000
1.5,24,-370.9202399999814,0.04288684413580247,0.19376765647131025,0.20351375621342027,0.30714330894081343,False,9,5000
1.3,24,-396.9611555555319,0.0495755787037037,0.25960875748570095,0.31169062269112074,0.30596830044262124,False,9,5000
1.2,24,-413.64954666670405,0.055089313271604934,0.31985882016110767,0.4252198272283667,0.2937538682900308,False,9,5000
1.1,24,-434.371111111082,0.06553337191358025,0.4238909870307637,0.6548833351844059,0.2969941357543051,False,9,5000
1.0,24,-465.65539555558763,0.09020104166666666,0.6912377835632368,1.491604131412037,0.24797271831241852,False,9,5000
0.9,24,-518.9960177777502,0.16320837191358026,1.1769725616513063,5.100581451645134,0.33846861565066333,False,9,5000
0.8,24,-581.5224266666722,0.3462166666666667,0.6788451827140481,5.169835538734571,0.6215621521942049,False,9,5000
0.7,24,-607.6027822222388,0.41848680555555556,0.2788381559954183,0.5466001204144507,0.6618983205863795,False,9,5000
0.5,24,-624.8414400000106,0.45543655753968254,0.07369474115613331,0.28101763548469094,0.6651576034457889,False,9,15000
0.3,24,-630.5245485714393,0.4783138392857143,0.03646901889029031,0.15547640660896533,0.6662061968992227,False,9,15000
0.1,24,-634.4855542857258,0.49861607142857145,0.021426072655433216,0.01433120748265182,0.666653377222635,False,9,15000
2.0,24,-324.7764000000008,0.0363599537037037,0.13199576289352105,0.10877248263888892,0.3078839707995338,False,10,5000
1.7,24,-350.27990222216283,0.03944444444444444,0.16688293049107267,0.15072866739288326,0.31268889905118735,False,10,5000
1.5,24,-371.10646222223187,0.04300347222222222,0.1954002695607796,0.20279113940329221,0.30556965720534857,False,10,5000
1.3,24,-396.93167111112183,0.04958915895061729,0.26114085356707833,0.3138953992554341,0.3047894262953891,False,10,5000
1.2,24,-413.6210488888782,0.05535570987654321,0.31847817811458273,0.41941948702560583,0.3007354948405654,False,10,5000
1.1,24,-434.31623111109735,0.06496060956790124,0.4307857076062986,0.6308407096887076,0.3097062246798217,False,10,5000
1.0,24,-465.8737955555656,0.0884479938271605,0.6879925948964127,1.4032467976817558,0.26480216909629595,False,10,5000
0.9,24,-521.1886933332968,0.17155752314814812,1.239557064813365,5.721313794161526,0.3511663212830862,False,10,5000
0.8,24,-581.552097777784,0.34571176697530864,0.6905145605450177,5.603134488810664,0.6215927282540503,False,10,5000
0.7,24,-607.4435022222347,0.4182736111111111,0.28250984820248415,0.5374750280423309,0.6619847746930085,False,10,5000
0.5,24,-624.9035200000068,0.4558738095238095,0.07226894570097404,0.2714175650340067,0.6652110302902763,False,10,15000
0.3,24,-630.4910971428665,0.47814042658730155,0.03744900015006374,0.15722345180941844,0.6661997597583076,False,10,15000
0.1,24,-634.4842057142971,0.4986059027777778,0.021349945048617272,0.014576728670512296,0.666653151499867,False,10,15000
2.0,24,-324.97396444447963,0.03634880401234568,0.1329973107324665,0.10863047628557965,0.3097033899931523,False,11,5000
1.7,24,-350.254079999995,0.03951917438271605,0.16362016626766704,0.15078976813069872,0.31246171843038917,False,11,5000
1.5,24,-371.0005511111332,0.042819058641975306,0.1956169599851381,0.20190846084819397,0.30732317480071636,False,11,5000
1.3,24,-397.1863733333523,0.049501851851851845,0.25895303811747616,0.3129996532763537,0.2994044027150029,False,11,5000
1.2,24,-413.47051555556754,0.05551601080246914,0.3145684392156881,0.4339815989190384,0.29273348240534447,False,11,5000
1.1,24,-434.87831111106857,0.0657627700617284,0.42758134474929343,0.6643398576498002,0.2953840591323844,False,11,5000
1.0,24,-465.4657600000067,0.08830725308641975,0.690120393634566,1.374995740932785,0.2676656085372505,False,11,5000
0.9,24,-518.5277777777437,0.15914386574074074,1.1299209799276386,4.959532192995542,0.3305229503850119,False,11,5000
0.8,24,-581.1880000000036,0.3391719907407407,0.7097120515044567,6.781439535918231,0.6124956161398912,False,11,5000
0.7,24,-607.4705155555616,0.41837669753086426,0.28321773116945403,0.6148457806975952,0.6615833296643212,False,11,5000
0.5,24,-624.9122171428623,0.45563382936507935,0.07276604284682738,0.2728736562245082,0.6652003254569737,False,11,15000
0.3,24,-630.5140228571537,0.4783284722222222,0.03755758244315749,0.15510510013230672,0.6662061004681363,False,11,15000
0.1,24,-634.4845714285833,0.4986081349206348,0.0217360544512404,0.0147945918373793,0.6666529511714425,False,11,15000
2.0,24,-325.0020088888465,0.03644903549382716,0.13287349207558918,0.1083858740222051,0.3135901462509253,False,12,5000
1.7,24,-350.5484177777741,0.03955891203703704,0.16478699575143488,0.1532440290441176,0.30574435039881187,False,12,5000
1.5,24,-371.09975111113164,0.043036496913580254,0.19569457196866782,0.20149626998399614,0.31601126673464075,False,12,5000
1.3,24,-396.8351111110631,0.04948221450617284,0.2619072075307806,0.31570185960681124,0.3009704638842783,False,12,5000
1.2,24,-413.639928888888,0.05518406635802468,0.31838135115991567,0.42387720576060267,0.2970474202354795,False,12,5000
1.1,24,-434.7021066666484,0.06507943672839506,0.4329219148648023,0.6739578026554123,0.26574943388729744,False,12,5000
1.0,24,-465.8245511111284,0.08998043981481481,0.6650368671270775,1.3619170928935198,0.29035807146426096,False,12,5000
0.9,24,-520.01311111111,0.1676329475308642,1.2034060558812627,5.478078444486359,0.35240136165535096,False,12,5000
0.8,24,-581.2447377777823,0.3473175540123457,0.710152740035615,5.327167308769495,0.6242493144235857,False,12,5000
0.7,24,-607.0491200000046,0.414630787037037,0.30436645763679193,1.1493125209435715,0.6591558238282076,False,12,5000
0.5,24,-624.8490971428674,0.45543824404761907,0.07527246656172792,0.2887526977749246,0.6651246945402515,False,12,15000
0.3,24,-630.5207200000099,0.4783760912698413,0.03664383479594512,0.15199508766054137,0.6662161350626457,False,12,15000
0.1,24,-634.4801714285829,0.4985875496031746,0.021845233004569302,0.014866346017736731,0.6666528815793566,False,12,15000
2.0,24,-325.0749244444494,0.0364158950617284,0.13387007585594624,0.10904126371742112,0.3100005217862466,False,13,5000
1.7,24,-350.32631111120617,0.03958221450617284,0.16383561621124357,0.15206171435437343,0.310398322812775,False,13,5000
1.5,24,-371.23887111111566,0.04355389660493827,0.19877432110169374,0.20692078309956569,0.3081744282395894,False,13,5000
1.3,24,-396.8685866666709,0.049455015432098764,0.26061076398283634,0.31226262142819483,0.3074734434348435,False,13,5000
1.2,24,-413.50554666667887,0.05507013888888889,0.314037657952607,0.4204532559413576,0.2992821983455698,False,13,5000
1.1,24,-434.75419555559415,0.06534718364197531,0.431362182043888,0.6560892354088723,0.2966729899012357,False,13,5000
1.0,24,-466.0294222222466,0.08853422067901234,0.7023965835254179,1.3619033245464673,0.27090417986031234,False,13,5000
0.9,24,-518.5239733333212,0.16045416666666668,1.15813546989643,4.973448791358022,0.3372582819818529,False,13,5000
0.8,24,-581.3656355555596,0.3411420910493827,0.7278243042790675,6.4077518224783505,0.6136656365536413,False,13,5000
0.7,24,-607.5223911111208,0.41869320987654324,0.2746969890646233,0.5100642994512786,0.6621829282023779,False,13,5000
0.5,24,-624.9476000000162,0.4559422123015873,0.07320442428600574,0.2742104109268624,0.6651961651942808,False,13,15000
0.3,24,-630.5011657142983,0.47814355158730154,0.037657072551402604,0.16146574132658742,0.6661884539156895,False,13,15000
0.1,24,-634.4845828571555,0.49860798611111107,0.02135556006679608,0.014603217559514547,0.6666531297202123,False,13,15000
2.0,24,-325.0331733333777,0.03637716049382716,0.13209207174814233,0.10908560235939652,0.30957811372864563,False,14,5000
1.7,24,-350.487919999974,0.039630131172839506,0.1608688986248876,0.15317223817427184,0.30385856793958455,False,14,5000
1.5,24,-370.7585511110697,0.042992746913580245,0.19767052348304137,0.2057999460539551,0.3028464821758525,False,14,5000
1.3,24,-396.83722666664755,0.049084027777777775,0.2614577479611916,0.30776243235992407,0.3052382453999368,False,14,5000
1.2,24,-413.15915555556927,0.054270563271604934,0.315367788920781,0.41274751282507494,0.2972035980514076,False,14,5000
1.1,24,-434.4266222221904,0.06579274691358025,0.43020753834358083,0.6779467272228457,0.2830449630100107,False,14,5000
1.0,24,-465.7608622222038,0.09087777777777778,0.6899296616722191,1.4123795227160498,0.284399883248872,False,14,5000
0.9,24,-519.2998311110968,0.16288152006172837,1.1500263069041807,5.161037510172807,0.3382671552723052,False,14,5000
0.8,24,-582.0107111111123,0.3488734953703704,0.6836808133949526,5.3343612819348,0.6246001905820027,False,14,5000
0.7,24,-606.3212800000065,0.391030787037037,0.32321732349687116,6.554933839991232,0.6353362138296693,False,14,5000
0.5,24,-624.8570628571542,0.45548576388888884,0.0734526575514691,0.2815547657341533,0.665154855488312,False,14,15000
0.3,24,-630.5022628571539,0.4781467757936508,0.03839315519189206,0.16667663586080295,0.6661736953010688,False,14,15000
0.1,24,-634.4848800000115,0.4986098214285714,0.02156745285901706,0.014657926927590381,0.6666530779929917,False,14,15000
2.0,24,-325.08888888886685,0.03628425925925926,0.13292361076818476,0.10821635024691348,0.310435349265734,False,15,5000
1.7,24,-350.4081333332963,0.039624768518518524,0.16406860266349968,0.15168250651779208,0.309263031943258,False,15,5000
1.5,24,-370.9616533333316,0.043227623456790126,0.1974212686727023,0.20327664517604024,0.3121762018720575,False,15,5000
1.3,24,-396.72719999997815,0.04910547839506173,0.2593791490246918,0.30583574140286995,0.30440597476608133,False,15,5000
1.2,24,-413.3850488889131,0.05573557098765432,0.3201409942155323,0.42731244173239613,0.30631397267923144,False,15,5000
1.1,24,-434.70038222224065,0.06582997685185185,0.43535953453166815,0.6578889208684063,0.30215444070663977,False,15,5000
1.0,24,-465.93058666662284,0.08852955246913581,0.6860961103593581,1.3346141901611794,0.2913977954081739,False,15,5000
0.9,24,-519.5348888888786,0.16843499228395062,1.2031757861055834,5.376486690076778,0.3513323874115437,False,15,5000
0.8,24,-581.9167199999996,0.3444654320987654,0.6688251386400955,6.0849393433470755,0.6187875552967943,False,15,5000
0.7,24,-607.4678133333422,0.41837635030864195,0.2790300406926352,0.5234675139317626,0.6620794014722071,False,15,5000
0.5,24,-624.9150400000111,0.4561743055555556,0.0728222545524962,0.26475645499998635,0.6652452081213479,False,15,15000
0.3,24,-630.5252457142968,0.47835510912698415,0.036711955953599246,0.1531258157548976,0.6662122109251681,False,15,15000
0.1,24,-634.4849600000114,0.49861180555555557,0.02146271300363069,0.0144525765874981,0.666653264693136,False,15,15000
2.0,24,-325.1167644444749,0.03628310185185185,0.1332922800241363,0.10779250695987654,0.31394323059687,False,16,5000
1.7,24,-350.3415822222721,0.03949093364197531,0.16441311930437502,0.15081911612149995,0.3134745525231424,False,16,5000
1.5,24,-370.8613688889037,0.04311643518518519,0.19942312420569602,0.20552998623456775,0.3102267129371752,False,16,5000
1.3,24,-396.8403644444587,0.04972079475308642,0.258591587269526,0.3133819542253613,0.30387698367866334,False,16,5000
1.2,24,-413.1526400000096,0.054613040123456795,0.31315425739363456,0.41013777084762215,0.3036660684375547,False,16,5000
1.1,24,-434.27473777778545,0.06482804783950617,0.4258749056826898,0.6471360731941321,0.2910810775850716,False,16,5000
1.0,24,-465.982977777783,0.08926435185185184,0.6866727500377642,1.3859638307407405,0.27931141315929253,False,16,5000
0.9,24,-519.3091733333412,0.16473738425925924,1.198443559158836,5.315160746219139,0.3360447180871572,False,16,5000
0.8,24,-581.3574577777867,0.34281635802469135,0.7145286938880857,5.966943372770927,0.6169326234645238,False,16,5000
0.7,24,-607.4836088888997,0.41843016975308645,0.2766511203950037,0.5259926586076575,0.6620655186929556,False,16,5000
0.5,24,-624.8814400000128,0.4557163194444444,0.07391394115499376,0.28014346065479145,0.6651614249228799,False,16,15000
0.3,24,-630.5190400000128,0.47825882936507946,0.0375640386574773,0.15754854873373247,0.6661989811482978,False,16,15000
0.1,24,-634.4846628571553,0.49860902777777766,0.021557177691041332,0.014638268651463449,0.6666530945711897,False,16,15000
2.0,24,-324.92774222226143,0.03641844135802469,0.1345007739835119,0.10905752779663933,0.3106615604414231,False,17,5000
1.7,24,-350.36063111117517,0.039561496913580255,0.16256576335592396,0.15167616378399082,0.30675505157284666,False,17,5000
1.5,24,-371.01268444441104,0.043101620370370373,0.1957530884725359,0.2019752036831276,0.3169491478333478,False,17,5000
1.3,24,-396.69303111106586,0.04937091049382716,0.26170121937677543,0.3117591117732402,0.30060138284893656,False,17,5000
1.2,24,-413.3541955555636,0.05515509259259259,0.3147982764242718,0.4196971990740745,0.3025906372268671,False,17,5000
1.1,24,-434.61229333334717,0.06535073302469137,0.42593646309460315,0.6585606178443378,0.2905710615457807,False,17,5000
1.0,24,-465.74147555552935,0.08790987654320988,0.6939936585656343,1.3719039580109742,0.2609319825771368,False,17,5000
0.9,24,-520.1199822222206,0.16333198302469137,1.1746852400540988,5.137732020438004,0.33948093672068136,False,17,5000
0.8,24,-581.9096177777792,0.35050266203703706,0.6890297886179216,4.738941641116865,0.6273752362056233,False,17,5000
0.7,24,-607.3846222222207,0.4178840277777778,0.2823128683684901,0.5460925008377236,0.6619226569570548,False,17,5000
0.5,24,-624.9175200000146,0.4558142857142857,0.07305377316232706,0.2806087169614564,0.6651598011127389,False,17,15000
0.3,24,-630.5187885714395,0.4783520833333333,0.03691686763179152,0.15491878267207326,0.6662076991475567,False,17,15000
0.1,24,-634.4840000000123,0.49860625,0.02180833334932685,0.014754427380978541,0.6666529866283248,False,17,15000
2.0,24,-324.9639288889096,0.036492438271604935,0.1334278951521305,0.10788419433470517,0.31653625114356376,False,18,5000
1.7,24,-350.4024444444759,0.03969591049382716,0.16393303284942792,0.15079511582950053,0.3151792861778373,False,18,5000
1.5,24,-371.05564444447054,0.042873225308641974,0.19804720209724086,0.20243033088934614,0.3054932124804919,False,18,5000
1.3,24,-396.8486400000711,0.049471759259259264,0.26158324422821283,0.31275045052231687,0.29964521951646117,False,18,5000
1.2,24,-413.2962311111069,0.05521581790123457,0.31494581406456923,0.424204049757087,0.29927516509973606,False,18,5000
1.1,24,-434.7626400000072,0.06572345679012345,0.42662738720441945,0.6749846406160372,0.28251595940943497,False,18,5000
1.0,24,-465.65824888889523,0.08920991512345679,0.6847877206023946,1.377532251336592,0.2836956915904745,False,18,5000
0.9,24,-519.2729422221985,0.16418819444444444,1.1659509037518396,5.207911785013719,0.3428187730423502,False,18,5000
0.8,24,-581.6565155555542,0.3464692901234568,0.6813962160999645,5.453860442112493,0.6217875478157997,False,18,5000
0.7,24,-607.5771822222272,0.41862635030864204,0.27391303309269216,0.5100562573179422,0.662188531929141,False,18,5000
0.5,24,-624.8600114285808,0.455431746031746,0.07302181587268326,0.2849129761451543,0.6651378012702016,False,18,15000
0.3,24,-630.5156457142966,0.47823536706349207,0.03728989881499639,0.16331507168839465,0.6661836572525797,False,18,15000
0.1,24,-634.4863771428695,0.49861726190476197,0.02123166974949223,0.014353155101733961,0.6666533575528699,False,18,15000
2.0,24,-324.9896266667287,0.036369212962962964,0.1320439502095812,0.10882182523148143,0.3126970914108793,False,19,5000
1.7,24,-350.38014222220943,0.03961512345679013,0.16381013092041224,0.15066867537319437,0.3139218471061458,False,19,5000
1.5,24,-371.0359822221786,0.04291956018518519,0.19705468823018618,0.202167717978395,0.310114936335424,False,19,5000
1.3,24,-396.897848888932,0.04934560185185184,0.25749905471029627,0.31271384309116834,0.29746448833389005,False,19,5000
1.2,24,-413.33517333332946,0.05543105709876543,0.31966511508834555,0.4240178622763775,0.3054171380719751,False,19,5000
1.1,24,-434.45095999999955,0.06569116512345678,0.43006198661267914,0.6645060900478554,0.2875129694167766,False,19,5000
1.0,24,-465.8727111110816,0.08895393518518518,0.6868609941837652,1.316248319104938,0.3005008199436785,False,19,5000
0.9,24,-520.3302755555418,0.16661033950617282,1.2106120309680564,5.556201330208815,0.33751688674098956,False,19,5000
0.8,24,-582.327537777786,0.3599440586419753,0.6587419484942654,3.2622746565286276,0.6388234394841965,False,19,5000
0.7,24,-607.5275555555592,0.4183411265432099,0.27196580932816894,0.5264378997599475,0.662051799978121,False,19,5000
0.5,24,-624.8671200000109,0.45582083333333334,0.07474119081275098,0.2683927009523295,0.6652226652681588,False,19,15000
0.3,24,-630.5216800000112,0.4783357142857143,0.03685222069000219,0.1566405446711272,0.6662030155720455,False,19,15000
0.1,24,-634.4818971428692,0.4985953373015873,0.021840327543840323,0.01485729699556515,0.6666528903698625,False,19,15000
2.0,24,-325.0360088888358,0.03625501543209876,0.1322361440123119,0.1082503245456105,0.3066158471508117,False,20,5000
1.7,24,-350.08248888892126,0.039555169753086414,0.1624010215254395,0.15157566625312696,0.3081754462181766,False,20,5000
1.5,24,-370.97049777777164,0.042913850308641976,0.20202628588563523,0.20290889921753535,0.30551093093156756,False,20,5000
1.3,24,-396.8743733333151,0.049451080246913574,0.2592586357506403,0.31477368894164803,0.2954804093454352,False,20,5000
1.2,24,-413.67223999998754,0.05542573302469135,0.31780893888797435,0.43124888672768086,0.2917531932618541,False,20,5000
1.1,24,-434.620586666686,0.06583537808641975,0.43537310888269654,0.6660370867556744,0.2882379364292086,False,20,5000
1.0,24,-465.39633777780415,0.08985104166666667,0.6738654705426497,1.3784823382021598,0.290521634166102,False,20,5000
0.9,24,-520.0147022222214,0.16793591820987655,1.2103714464739825,5.134349318700462,0.3599383566175719,False,20,5000
0.8,24,-580.6429955555616,0.33022569444444444,0.728101640395885,7.781029007523149,0.6018535547265853,False,20,5000
0.7,24,-607.145324444451,0.40758993055555554,0.30026190761686655,3.476717902017195,0.6516370754012877,False,20,5000
0.5,24,-624.9100228571475,0.4555241071428571,0.07305933412377878,0.28729620193876215,0.6651269094444322,False,20,15000
0.3,24,-630.4950857142957,0.478119494047619,0.0373894371365662,0.15875883729696838,0.6661954180399988,False,20,15000
0.1,24,-634.4835542857251,0.4986042658730159,0.022050663917778157,0.014934849149863538,0.6666528206277781,False,20,15000
2.0,24,-325.1056800000341,0.03635860339506173,0.13266119896018028,0.10889781068887174,0.30872594962753563,False,21,5000
1.7,24,-350.3144622222056,0.03937716049382716,0.16526631033983824,0.14868000568062617,0.31423312611103205,False,21,5000
1.5,24,-371.21645333330724,0.042914429012345684,0.19892968137773331,0.20201541783036106,0.3091193655087785,False,21,5000
1.3,24,-397.05251555554213,0.04937820216049382,0.2581096148193693,0.31426067803036334,0.2990898352552184,False,21,5000
1.2,24,-413.37443555557167,0.055340625,0.31660719389418757,0.4250151527199076,0.2965512871345839,False,21,5000
1.1,24,-434.5361244444635,0.06600108024691358,0.43760225729849966,0.6844066206010728,0.281276363251585,False,21,5000
1.0,24,-465.1677422222078,0.08613283179012345,0.6836434712427035,1.3013879767069625,0.27526613378264964,False,21,5000
0.9,24,-518.0629866666396,0.15554182098765432,1.162544567834108,4.798899536335921,0.32110651945643887,False,21,5000
0.8,24,-580.3292622222209,0.3360471450617284,0.7339619470670298,6.618378400458687,0.6099417565733283,False,21,5000
0.7,24,-607.3689155555637,0.41318869598765434,0.291456994762777,1.9744882333908644,0.6570316741258112,False,21,5000
0.5,24,-624.8793485714407,0.45539355158730155,0.07459560975176929,0.2859775828911779,0.6651286693911169,False,21,15000
0.3,24,-630.51806857144,0.4781919642857143,0.03703523667848649,0.16310547760769012,0.6661841957840018,False,21,15000
0.1,24,-634.4799885714399,0.49858561507936505,0.02175507934225606,0.014911731916136262,0.6666528408930481,False,21,15000
2.0,24,-324.83224000000547,0.03640956790123456,0.1337967880614378,0.10865182283264756,0.31203971625741844,False,22,5000
1.7,24,-350.19448888884625,0.03965277777777778,0.16297880186630806,0.151683959694989,0.314660864032163,False,22,5000
1.5,24,-370.8472800000306,0.043071990740740744,0.1982471832488281,0.20260854853909444,0.31151525454998985,False,22,5000
1.3,24,-396.8279733333696,0.04935451388888889,0.2611885269917957,0.30704463479938243,0.3069854693002838,False,22,5000
1.2,24,-413.585439999986,0.05530216049382716,0.31960703179360433,0.41891060197759444,0.31052829066976806,False,22,5000
1.1,24,-434.5007555555115,0.06558125,0.4314020703981886,0.6616733243265995,0.2940021470331581,False,22,5000
1.0,24,-465.44533333333675,0.08808024691358025,0.689642802469128,1.3300405593278453,0.2792086106136996,False,22,5000
0.9,24,-520.6320799999628,0.1722798611111111,1.2301383063420392,5.579084396399178,0.36580147328950385,False,22,5000
0.8,24,-581.5386755555566,0.3488440972222222,0.6930670457814849,4.869234286564432,0.6258400564469142,False,22,5000
0.7,24,-606.8003111111224,0.4036672067901234,0.31011525538908286,3.9350329133402187,0.6483989686869984,False,22,5000
0.5,24,-624.8806857142965,0.45569141865079366,0.07319301260819581,0.2790858585005864,0.6651688321102158,False,22,15000
0.3,24,-630.5221142857248,0.47824151785714286,0.037506968444322865,0.16223415154481557,0.6661862583374294,False,22,15000
0.1,24,-634.4819085714402,0.49859598214285716,0.02162968505419687,0.014879137967476197,0.6666528775845292,False,22,15000
2.0,24,-324.7791644444413,0.03637083333333333,0.13135145972784004,0.10917746320987667,0.3112712720582165,False,23,5000
1.7,24,-350.47334222222037,0.03949918981481482,0.1637961983282323,0.15142853336510523,0.30748583328613566,False,23,5000
1.5,24,-370.8592444444463,0.0429054012345679,0.1971638459243776,0.20613406855052588,0.30153374094417684,False,23,5000
1.3,24,-396.65120888887844,0.04880794753086419,0.2575878897799257,0.309358604777356,0.29460364859819266,False,23,5000
1.2,24,-413.1912622222023,0.05520432098765432,0.3153309650502372,0.4167573996799268,0.3110585658691314,False,23,5000
1.1,24,-434.36151111109837,0.06481473765432098,0.42714665522802797,0.6476229423837138,0.28670446594718724,False,23,5000
1.0,24,-465.6656799999865,0.08795327932098765,0.6866497020134577,1.3005193775711599,0.29650385276884816,False,23,5000
0.9,24,-518.9325599999756,0.15701323302469136,1.1715203081222207,5.012495539848157,0.31773852398727,False,23,5000
0.8,24,-580.6430666666721,0.32952600308641977,0.7187613653066981,7.639560928287883,0.6005311840727188,False,23,5000
0.7,24,-607.1201511111154,0.4090737654320988,0.2960038018846674,2.8440104731726557,0.6537975308428056,False,23,5000
0.5,24,-624.8576800000085,0.4554506944444444,0.0747277848438696,0.28370272960319554,0.6651411577776134,False,23,15000
0.3,24,-630.5305600000121,0.47824191468253974,0.03719340444531329,0.16705004511988975,0.6661734847949412,False,23,15000
0.1,24,-634.4813485714413,0.498593501984127,0.021698731860750633,0.014780455994802821,0.6666529622405836,False,23,15000
2.0,24,-325.0695199999655,0.036274537037037036,0.1320420134416559,0.10763267074074073,0.3159761030606727,False,25,5000
1.7,24,-350.4874755555429,0.03957121913580247,0.1613543741352612,0.15014143538892924,0.3175609439249545,False,25,5000
1.5,24,-370.9685866666655,0.04263912037037037,0.19871382294430662,0.199492111090535,0.30776955818495155,False,25,5000
1.3,24,-396.91021333327126,0.04925667438271605,0.2578096451976011,0.31074658496293694,0.3033807819635973,False,25,5000
1.2,24,-413.3767377777647,0.055530555555555555,0.31878491000907727,0.42833374063786034,0.2921640984050371,False,25,5000
1.1,24,-434.522951111092,0.06546442901234568,0.4328439258778198,0.647064192664297,0.3046053486837149,False,25,5000
1.0,24,-466.00253333334626,0.09006346450617284,0.695605649351819,1.3471193389703364,0.3011414389208509,False,25,5000
0.9,24,-520.2228088888419,0.1643556327160494,1.1700874689909209,5.270067434838436,0.3366797182150598,False,25,5000
0.8,24,-581.4813777777791,0.3416934799382716,0.6856328266407115,6.311174009746869,0.6161180390965351,False,25,5000
0.7,24,-606.9014311111182,0.40726581790123456,0.29856413988384617,3.0576735022291044,0.6516476549872641,False,25,5000
0.5,24,-624.9039771428652,0.4556685515873016,0.07540809650405815,0.2905572752721177,0.6651126113120507,False,25,15000
0.3,24,-630.5194514285839,0.478327132936508,0.03712034692544416,0.15448785607979687,0.6662082917458224,False,25,15000
0.1,24,-634.4805828571551,0.49859211309523804,0.021611528346612525,0.014602186947598739,0.666653124681775,False,25,15000
2.0,24,-324.9044711110882,0.03627229938271605,0.13389947434810287,0.10764099722050753,0.31083975215857396,False,24,5000
1.7,24,-350.6534933333482,0.03944494598765432,0.16443495491650695,0.15115500808470508,0.30765322085462354,False,24,5000
1.5,24,-371.01357333335426,0.043093287037037034,0.19742058212290836,0.20465761174897124,0.3091149250177816,False,24,5000
1.3,24,-396.873235555552,0.049546952160493825,0.25754284655797677,0.31407067304460806,0.3031039366111672,False,24,5000
1.2,24,-413.33911111115754,0.055573225308641984,0.3177156862044316,0.4251800841878142,0.30477404684246445,False,24,5000
1.1,24,-434.28256888887313,0.06608514660493828,0.4220910343025372,0.6815437926105183,0.2802772480235237,False,24,5000
1.0,24,-465.85769777779217,0.08933792438271604,0.7022054549956415,1.3724947159456455,0.2783101299389339,False,24,5000
0.9,24,-518.3479377777477,0.16174270833333335,1.1943718539774866,5.154466290732165,0.34457141928952895,False,24,5000
0.8,24,-580.7623377777898,0.34113719135802467,0.7115255793106849,6.118275891443763,0.6162659299249242,False,24,5000
0.7,24,-607.6236266666764,0.41887349537037033,0.27367648023142954,0.522910653780903,0.6621075348023221,False,24,5000
0.5,24,-624.9034171428676,0.4554761904761905,0.07205534748249597,0.2782609977324171,0.6651689160652696,False,24,15000
0.3,24,-630.507840000011,0.4782506448412699,0.03708395541611992,0.15522342645017062,0.6662063972460298,False,24,15000
0.1,24,-634.4766400000118,0.49857083333333324,0.022037405051378293,0.015160695238893851,0.666652611561765,False,24,15000
2.0,24,-325.09476444441094,0.03652604166666667,0.13279046958434845,0.10970058940972222,0.3108127012430457,False,27,5000
1.7,24,-350.5258044444504,0.0397147762345679,0.16347350959939766,0.15293881291404418,0.31179265089113994,False,27,5000
1.5,24,-371.1139200000246,0.04290555555555556,0.19930010974816087,0.20558783119341553,0.30296331850548963,False,27,5000
1.3,24,-396.9190933333447,0.049465316358024695,0.25481811296947526,0.31314539221206594,0.303414071280971,False,27,5000
1.2,24,-413.3325333333395,0.05491739969135802,0.3196973500514405,0.4160427242791216,0.3018898159445018,False,27,5000
1.1,24,-434.678995555579,0.06604733796296296,0.4328934645253305,0.675946715761785,0.2771631211671093,False,27,5000
1.0,24,-466.75295111115594,0.09149043209876542,0.6821126816393593,1.421850273813443,0.2877180720011947,False,27,5000
0.9,24,-519.4303999999897,0.16183472222222223,1.1927378911751263,5.214242751165981,0.32608090069324513,False,27,5000
0.8,24,-580.3842044444494,0.33560555555555555,0.7449271491921647,6.809067559567893,0.6094809937697473,False,27,5000
0.7,24,-606.6371644444519,0.39900686728395063,0.3074137256061933,5.130206902111478,0.644028249419772,False,27,5000
0.5,24,-624.8041942857245,0.4549916666666667,0.07404378259565823,0.28256171365078586,0.6651429181369979,False,27,15000
0.3,24,-630.522080000009,0.478262748015873,0.03638623047551431,0.1562878744851126,0.6662031314747274,False,27,15000
0.1,24,-634.484891428583,0.498609871031746,0.02145679856969056,0.01454016971432992,0.666653184684594,False,27,15000
2.0,24,-325.17034666665137,0.03633202160493827,0.13185285909135777,0.10862206401063101,0.3096656356872626,False,26,5000
1.7,24,-350.49505777772725,0.03931994598765432,0.16406733015145317,0.14900105456255536,0.31155047264650315,False,26,5000
1.5,24,-371.06185777773806,0.04297577160493827,0.19879468265928693,0.20485354331047104,0.3034196097623766,False,26,5000
1.3,24,-396.8528088889051,0.04937507716049382,0.25559094402795823,0.3104296130078085,0.30073789681691054,False,26,5000
1.2,24,-413.07744000000207,0.054849305555555554,0.3159917925102471,0.42002736365740745,0.29465383422659686,False,26,5000
1.1,24,-434.35690666668637,0.06543283179012345,0.42463078108766517,0.6652882035158688,0.2811686303437366,False,26,5000
1.0,24,-465.9480799999941,0.08941419753086419,0.6923947212233341,1.3758320872290821,0.2735123686823966,False,26,5000
0.9,24,-520.2424977777448,0.16645297067901232,1.1692347663871816,5.36838019592955,0.34441726684033014,False,26,5000
0.8,24,-581.1051022222198,0.3419058641975309,0.7041467899139457,6.118816636659787,0.6180161688676047,False,26,5000
0.7,24,-606.6562222222307,0.39846682098765435,0.31671948836137626,5.169852908093254,0.6427620711930442,False,26,5000
0.5,24,-624.9215085714351,0.45594325396825397,0.07336318419604343,0.2774678348752957,0.6651799965118819,False,26,15000
0.3,24,-630.5234514285833,0.47826438492063494,0.03694058149684915,0.16126527730531137,0.666189365108929,False,26,15000
0.1,24,-634.4864228571547,0.4986179067460317,0.021389028461271657,0.014437333206380742,0.6666532795841763,False,26,15000
2.0,24,-324.9333066667158,0.03640320216049383,0.1312347916663599,0.1082898075098593,0.31194053416211576,False,28,5000
1.7,24,-350.18719999998933,0.03952993827160494,0.16299034969454715,0.15119979653029927,0.31214137461404234,False,28,5000
1.5,24,-371.1398488888805,0.04286207561728395,0.1974971505996457,0.20157150478680816,0.3090383355734375,False,28,5000
1.3,24,-397.00002666666126,0.049090007716049384,0.25663309956829333,0.30541960300662124,0.3102489019325113,False,28,5000
1.2,24,-413.2269866666539,0.05498179012345679,0.3194286830041676,0.41440351624371274,0.30422601758180623,False,28,5000
1.1,24,-434.7262933333401,0.06627519290123456,0.4370911644771016,0.660120039430572,0.30321288427420523,False,28,5000
1.0,24,-465.6771822222104,0.08907947530864196,0.6876537504129172,1.3513556982167354,0.28938466094392445,False,28,5000
0.9,24,-518.6759822221853,0.16328761574074074,1.1777302260319171,5.186496801911867,0.33457347451944197,False,28,5000
0.8,24,-579.6832799999996,0.32368653549382714,0.7871971486707705,7.961690493157388,0.5921791379344139,False,28,5000
0.7,24,-607.2649511111152,0.4119210262345679,0.3024426871447522,2.191361151468502,0.6554381791817234,False,28,5000
0.5,24,-624.9122742857212,0.45593551587301584,0.07339582677822262,0.269995789115697,0.6652148881719718,False,28,15000
0.3,24,-630.5133485714397,0.4782208333333334,0.03721124534489786,0.16017224761903037,0.666191957055364,False,28,15000
0.1,24,-634.4809028571552,0.4985923115079365,0.02174223943964332,0.014780999986214738,0.6666529611785527,False,28,15000
2.0,24,-325.1586933333277,0.03631624228395062,0.13269903567870264,0.10882927405306927,0.3102839419689839,False,29,5000
1.7,24,-350.32754666666204,0.039563348765432105,0.16181730655344945,0.15136884616113913,0.31006216395297637,False,29,5000
1.5,24,-371.3436266667178,0.043013888888888886,0.1981418880680585,0.20325982716049396,0.30991001316922884,False,29,5000
1.3,24,-396.8400355555907,0.04918815586419752,0.25788418145824854,0.30763424814748913,0.3077197169206317,False,29,5000
1.2,24,-413.25444444446975,0.05528063271604938,0.31563020112940526,0.4243906751000231,0.29855798035518366,False,29,5000
1.1,24,-434.4385244444458,0.0666258487654321,0.425927398161704,0.6885878761659803,0.2817140242060123,False,29,5000
1.0,24,-466.0280266666825,0.0910284336419753,0.6969178893813882,1.4144187587028485,0.2759734371468694,False,29,5000
0.9,24,-518.1249066666693,0.14896385030864198,1.1146308186921416,4.500475469203433,0.30169712150344796,False,29,5000
0.8,24,-580.3948622222317,0.33009490740740743,0.7529704916662023,7.778480609567879,0.6014756048857182,False,29,5000
0.7,24,-607.0877955555607,0.40951041666666665,0.2932426317489205,2.818494941578472,0.6539393576926299,False,29,5000
0.5,24,-624.8348000000044,0.45552351190476187,0.07522539952292896,0.2831004837982256,0.665145057961428,False,29,15000
0.3,24,-630.5228228571547,0.47837073412698417,0.03721772988380205,0.15360145447834483,0.6662109022625974,False,29,15000
0.1,24,-634.4865942857259,0.4986175099206349,0.021019593461662423,0.014232601459625016,0.6666534687720871,False,29,15000
2.0,24,-324.9787999999645,0.03633279320987654,0.1324390209799478,0.10746752892832646,0.31522888254027304,False,30,5000
1.7,24,-350.3070666666884,0.03930655864197531,0.16393113750053112,0.1499548998043249,0.308859948794036,False,30,5000
1.5,24,-370.7048533333427,0.04281616512345679,0.1960907815506446,0.20049900718735714,0.3078254937015811,False,30,5000
1.3,24,-397.13038222221815,0.04939861111111111,0.262112480399971,0.31023222687559365,0.3050729558155685,False,30,5000
1.2,24,-413.31653333332656,0.054704783950617286,0.3190057039608202,0.42180489775948743,0.29068567887453933,False,30,5000
1.1,24,-434.40071999998406,0.06542430555555556,0.4380902910631169,0.6592788948092031,0.286946480437417,False,30,5000
1.0,24,-466.45801777774716,0.09048591820987655,0.703134693178476,1.403444683620541,0.26975944124830264,False,30,5000
0.9,24,-519.4873422222236,0.1645863811728395,1.1957083404837903,5.416338154205729,0.3321078469122569,False,30,5000
0.8,24,-580.78222222223,0.33470273919753085,0.7182922946671825,7.015265978625478,0.608178508426379,False,30,5000
0.7,24,-607.1895555555564,0.4153089891975309,0.28577465758966125,1.0889686318329619,0.6596816815894858,False,30,5000
0.5,24,-624.8912571428654,0.45545243055555557,0.0724136914060283,0.27590304636903795,0.6651820312674683,False,30,15000
0.3,24,-630.5039200000124,0.4782179067460317,0.03719776354562693,0.1557619655660858,0.6662048740372288,False,30,15000
0.1,24,-634.4834514285839,0.49860367063492067,0.02141158267679404,0.014490752551008512,0.6666532288221004,False,30,15000
2.0,24,-324.926542222215,0.03634209104938271,0.1309243554973831,0.10805403670739028,0.3142085544013463,False,31,5000
1.7,24,-350.3366133333606,0.03947527006172839,0.16289428633047234,0.1503297079999798,0.30950875739099637,False,31,5000
1.5,24,-370.8909155555468,0.04288360339506173,0.19806717500481974,0.20210907301726105,0.3071115135461949,False,31,5000
1.3,24,-396.93362666667537,0.049125964506172834,0.26035144632843804,0.30982732271222463,0.2974301496032009,False,31,5000
1.2,24,-413.16138666668576,0.05495289351851851,0.3221968821124555,0.4217327170203192,0.2946874279206054,False,31,5000
1.1,24,-434.60052444444665,0.0658681712962963,0.4381209056353876,0.6739677805765993,0.2835926823215297,False,31,5000
1.0,24,-465.5426666666924,0.09046439043209877,0.6915481203703975,1.4334095322625173,0.26291011513056417,False,31,5000
0.9,24,-519.5314311111266,0.16089286265432098,1.1861543640373349,4.996441660332842,0.33255800349559816,False,31,5000
0.8,24,-580.1209066666703,0.3256307870370371,0.7512370232325968,8.053704451195966,0.5949298713606078,False,31,5000
0.7,24,-606.8884977777799,0.40265046296296303,0.30722208730552747,4.379756613756575,0.6473223466218958,False,31,5000
0.5,24,-624.8375428571547,0.4553518353174603,0.07484700569127906,0.2877129635799278,0.665123465059072,False,31,15000
0.3,24,-630.5312457142962,0.478400248015873,0.03679082323916517,0.15510020596654073,0.6662076214872926,False,31,15000
0.1,24,-634.4807314285829,0.49859176587301585,0.021885938864822183,0.01484506661022067,0.6666529022764873,False,31,15000
2.0,24,-325.25476444441057,0.036242939814814815,0.13198194365840107,0.10770583209490744,0.31177552568970535,False,32,5000
1.7,24,-350.40199999999567,0.03952692901234568,0.1638424449463779,0.15157787993020236,0.3087313467078896,False,32,5000
1.5,24,-371.08851555559687,0.04307789351851851,0.19810119727090178,0.20577832176440344,0.3045319419244541,False,32,5000
1.3,24,-396.89376888892036,0.04943564814814815,0.25890388662421526,0.3108435340930672,0.3108692276410744,False,32,5000
1.2,24,-413.28083555555037,0.055174344135802474,0.3185046733695297,0.4216117332811781,0.2967852818713531,False,32,5000
1.1,24,-434.3703733333797,0.06513449074074075,0.4336083773890623,0.6712448187149264,0.27251097860590323,False,32,5000
1.0,24,-465.8367733333158,0.08890578703703704,0.6788015411840307,1.3590299589814818,0.2821177834860623,False,32,5000
0.9,24,-519.5734399999901,0.15719266975308643,1.1885841152020094,5.381484176996645,0.29864835668273937,False,32,5000
0.8,24,-581.5040177777886,0.34119926697530867,0.6652388981472589,6.505267620214968,0.615716191650542,False,32,5000
0.7,24,-606.1994666666806,0.38727469135802467,0.32500934643509927,7.201777342249657,0.6314222257098052,False,32,5000
0.5,24,-624.8860457142966,0.4556524801587301,0.07333940966661127,0.28618251100910896,0.6651355381925578,False,32,15000
0.3,24,-630.5106171428691,0.47827217261904753,0.0369420054376849,0.16190804946630166,0.6661884538352403,False,32,15000
0.1,24,-634.4814628571548,0.49859404761904763,0.021692326906001345,0.014713402267592102,0.6666530232540494,False,32,15000
2.0,24,-324.87999111116164,0.03651099537037037,0.13279722438268335,0.10942553231095675,0.3081822334314629,False,33,5000
1.7,24,-350.5149422221438,0.03957893518518519,0.1654786432681819,0.1515386735475671,0.3077077127115688,False,33,5000
1.5,24,-371.1182933332789,0.04311033950617284,0.1995432548169952,0.20293917672610892,0.30924238145140703,False,33,5000
1.3,24,-396.8847999999851,0.04912804783950617,0.2609149591642875,0.30814682375685876,0.3034138012903519,False,33,5000
1.2,24,-413.3014133333627,0.055336998456790125,0.31760638047918144,0.42344771860353747,0.30709047692555047,False,33,5000
1.1,24,-435.09540444442706,0.06619050925925926,0.4374607798196135,0.6715287808922558,0.29317446077741016,False,33,5000
1.0,24,-466.1258577778063,0.09061743827160494,0.6929578885758221,1.3911421121261998,0.2947299144825055,False,33,5000
0.9,24,-520.1857511110849,0.16730358796296296,1.195956309233217,5.0548956789351855,0.3621455504549229,False,33,5000
0.8,24,-581.487182222231,0.34780559413580253,0.6952229194821609,5.3985916284711255,0.624355787799326,False,33,5000
0.7,24,-607.3484000000108,0.4178551311728395,0.282832314877688,0.5459363572592224,0.6618911402973606,False,33,5000
0.5,24,-624.848594285724,0.45550615079365075,0.07423725215024508,0.2733817913378864,0.6651931502833738,False,33,15000
0.3,24,-630.5055200000119,0.47822579365079365,0.03770893603426952,0.16269054693871965,0.6661857512283798,False,33,15000
0.1,24,-634.4854742857272,0.4986116567460317,0.021734003571004395,0.014851486380695889,0.6666529004190527,False,33,15000
2.0,24,-324.991368888927,0.03632974537037037,0.13561411890119265,0.10902450107638889,0.30308788016620536,False,34,5000
1.7,24,-350.40174222224925,0.03953503086419753,0.16414112765669947,0.15289674942306133,0.306098034982774,False,34,5000
1.5,24,-370.9005866666437,0.04313699845679012,0.1946349750430755,0.20458025644661643,0.306062870603383,False,34,5000
1.3,24,-396.83612444446635,0.049474922839506184,0.2574258710484352,0.3102861980980262,0.3056619686409978,False,34,5000
1.2,24,-413.4768177777948,0.05496994598765432,0.3193054027430317,0.41445810682370277,0.3076052590306676,False,34,5000
1.1,24,-434.5256177777899,0.0654323688271605,0.42739215347365517,0.6536037387384646,0.2981680755953542,False,34,5000
1.0,24,-465.8826666666901,0.08918618827160493,0.700468703703589,1.367117052095337,0.280239243774966,False,34,5000
0.9,24,-519.4197955555335,0.16265675154320988,1.1857433454369863,5.04009407391308,0.34331656394809085,False,34,5000
0.8,24,-579.6389244444595,0.32217758487654324,0.796792658898779,8.682515222426906,0.5893193793606483,False,34,5000
0.7,24,-607.5080622222283,0.4178045138888889,0.27842567043222943,0.5997452208884572,0.6616020796914063,False,34,5000
0.5,24,-624.8998514285796,0.4557542162698413,0.07268469825956142,0.27974511047327866,0.6651659832479293,False,34,15000
0.3,24,-630.5255314285816,0.47836716269841273,0.03732300766937386,0.15845757783441883,0.666197494144095,False,34,15000
0.1,24,-634.4846857142973,0.4986078869047618,0.02110412472878427,0.01441511869391121,0.6666533010816265,False,34,15000
2.0,24,-325.0699911111517,0.03632897376543209,0.13023596948298494,0.10842247616212289,0.31077601413438216,False,35,5000
1.7,24,-350.35219555552777,0.03942310956790124,0.16249545317879446,0.15115156418492282,0.30834246008827115,False,35,5000
1.5,24,-371.1153155555928,0.04325736882716049,0.19541912216257593,0.20409777071273447,0.3109577510182845,False,35,5000
1.3,24,-396.8348888888928,0.04919456018518518,0.2580775463976506,0.3116819404024218,0.2968266785147111,False,35,5000
1.2,24,-413.25246222222995,0.05510189043209876,0.3233262513714268,0.4204560263195879,0.30680835907876014,False,35,5000
1.1,24,-434.7472977777979,0.06610509259259259,0.4369490961193011,0.6842124164983168,0.2832312429164112,False,35,5000
1.0,24,-465.7247644444111,0.08888256172839507,0.710704172936049,1.3604376158299032,0.2799923055546557,False,35,5000
0.9,24,-520.0442844444477,0.16799158950617282,1.2037896390583025,5.347100039090844,0.35567860453296196,False,35,5000
0.8,24,-581.4171822222246,0.34344035493827163,0.6888135895727662,5.811220028853726,0.618590236458278,False,35,5000
0.7,24,-607.5811911111117,0.41930644290123453,0.27501230159985085,0.5008492652251486,0.6622848157822105,False,35,5000
0.5,24,-624.8682971428643,0.45566979166666666,0.07401960764157896,0.28320288319445197,0.6651515127647392,False,35,15000
0.3,24,-630.5253828571537,0.4783392857142857,0.03712469679607082,0.1595761885865521,0.6661946895846982,False,35,15000
0.1,24,-634.4846514285832,0.49861001984126985,0.021471005685371986,0.014503366156528585,0.6666532186865521,False,35,15000
2.0,24,-324.7423288888615,0.03655057870370371,0.13445167681262168,0.10715840968749996,0.32239774283552936,False,37,5000
1.7,24,-350.17858666667945,0.03939579475308642,0.16401346712418502,0.15043245061677965,0.3134696808408426,False,37,5000
1.5,24,-371.0744000000449,0.04300972222222222,0.19626566030182188,0.20434782502057625,0.3025226089670726,False,37,5000
1.3,24,-397.10080000002466,0.049290509259259256,0.26140089239534436,0.3104664239078826,0.29992562406755674,False,37,5000
1.2,24,-413.55288888889476,0.05554205246913581,0.3216985415713997,0.42464452410550946,0.3090154520904358,False,37,5000
1.1,24,-434.66062222222854,0.06532345679012345,0.4317416916186583,0.6659576335453298,0.291214426868199,False,37,5000
1.0,24,-466.0808355555223,0.08918344907407406,0.6849470629854295,1.351304305362655,0.3028579385035287,False,37,5000
0.9,24,-519.3855022222083,0.16459475308641974,1.1925402749983294,5.267839525590614,0.3458820976029583,False,37,5000
0.8,24,-581.6581155555547,0.3421690586419753,0.6890712972724106,6.293595414861974,0.6165454777545023,False,37,5000
0.7,24,-607.4627022222251,0.41749780092592587,0.2780652084442401,0.6886250908179495,0.6611697799077426,False,37,5000
0.5,24,-624.9126400000117,0.4558301587301587,0.0733974142979908,0.27972257569165393,0.66516764247339,False,37,15000
0.3,24,-630.5174514285821,0.47824275793650806,0.036777370296701445,0.1542327670254906,0.666209141918005,False,37,15000
0.1,24,-634.4869600000115,0.49862013888888895,0.021251431240266856,0.014356276586724448,0.6666533547716502,False,37,15000
2.0,24,-324.83067555558324,0.03635605709876543,0.13326734312754399,0.10899631224236976,0.30905156947641443,False,36,5000
1.7,24,-350.1992088888951,0.03935447530864197,0.1647218886410638,0.15011949052691043,0.30963353424851203,False,36,5000
1.5,24,-371.09618666663727,0.04297943672839506,0.1949028090814942,0.2054074407127343,0.30698708572397937,False,36,5000
1.3,24,-396.8762133333792,0.04960960648148148,0.25631838106222055,0.3134084156635804,0.301885641792493,False,36,5000
1.2,24,-413.3975733333252,0.05516230709876543,0.3192694716384172,0.4285215461755546,0.29612497007446015,False,36,5000
1.1,24,-434.10665777777103,0.06545007716049384,0.42407156174524574,0.6491285625109109,0.2908225023461708,False,36,5000
1.0,24,-465.8294044444672,0.08733707561728395,0.6878885853411703,1.3418701039703362,0.2779027366365693,False,36,5000
0.9,24,-519.9758044444047,0.16989540895061728,1.2289734289682441,5.45287371044715,0.35864508512387927,False,36,5000
0.8,24,-579.6924977777801,0.320711612654321,0.7198288548445296,8.496388011161464,0.5896294999869689,False,36,5000
0.7,24,-607.1141866666621,0.40793086419753083,0.29601354113381817,3.169327735371379,0.6522235272360656,False,36,5000
0.5,24,-624.889314285726,0.4558497023809524,0.07302171498950985,0.2717126278344395,0.6652090237376178,False,36,15000
0.3,24,-630.515485714298,0.4782858630952381,0.03726715539089105,0.1554500848025775,0.6662056382582796,False,36,15000
0.1,24,-634.481588571441,0.49859608134920624,0.021576863471434782,0.014600980598498126,0.6666531258548672,False,36,15000
2.0,24,-325.17534222226664,0.03626427469135803,0.1333485972196071,0.10770165427812056,0.30893355974738357,False,38,5000
1.7,24,-350.47251555555124,0.039512615740740734,0.16282990953318355,0.15240897639342782,0.3060225150000605,False,38,5000
1.5,24,-371.23315555555325,0.04334313271604938,0.1985943397104154,0.20647548575903066,0.31003860345097334,False,38,5000
1.3,24,-396.69133333337317,0.04925154320987654,0.25887534471106777,0.3098617771974255,0.3064833448800768,False,38,5000
1.2,24,-413.4595733333356,0.055613580246913576,0.3194728474314324,0.4302581575674439,0.30099974304156396,False,38,5000
1.1,24,-434.8668266666,0.06624521604938273,0.43029240890108356,0.6775016602942999,0.2912964030749945,False,38,5000
1.0,24,-465.3197422222318,0.08925918209876543,0.682145113464786,1.3675249866220844,0.28205882027205786,False,38,5000
0.9,24,-520.2186488888782,0.17056207561728395,1.2372512893353589,5.495071984109701,0.3545005615056953,False,38,5000
0.8,24,-581.153360000005,0.3350689814814815,0.6978189544732848,7.249092303086422,0.6083485984711153,False,38,5000
0.7,24,-607.1242577777831,0.4107126543209877,0.29348069414597366,2.2871673505976657,0.655260371516118,False,38,5000
0.5,24,-624.9448342857273,0.45611780753968256,0.07261365992882121,0.2707839364370557,0.6652141030562206,False,38,15000
0.3,24,-630.5084571428689,0.4782545634920634,0.03705598362249015,0.15505844414224867,0.6662066627360985,False,38,15000
0.1,24,-634.4869828571551,0.49861979166666665,0.0214189950181915,0.01447426835316179,0.6666532478000085,False,38,15000
2.0,24,-324.984391111105,0.03630972222222222,0.1339701596867005,0.10868380148148153,0.30772136093691427,False,39,5000
1.7,24,-350.2510755555437,0.039315586419753086,0.1634711057705282,0.14897861514564678,0.3095789828111448,False,39,5000
1.5,24,-370.66863111109234,0.042958140432098765,0.19455177845810356,0.20388367591163697,0.3086480330079385,False,39,5000
1.3,24,-396.8847111110891,0.049800270061728394,0.26170552179778983,0.3133767395213412,0.30864555271555105,False,39,5000
1.2,24,-413.23714666663756,0.055109915123456796,0.32099010163840885,0.42583577631958713,0.299008334807372,False,39,5000
1.1,24,-434.54891555558316,0.06468595679012346,0.43294813817082417,0.6435095666541966,0.2895118092501163,False,39,5000
1.0,24,-465.7860000000028,0.08945088734567902,0.7054805239198585,1.4403168480032578,0.2658082170237821,False,39,5000
0.9,24,-519.1466666666458,0.15944243827160492,1.177325880201193,5.29625579989331,0.3133224405559377,False,39,5000
0.8,24,-581.8540355555607,0.35085617283950615,0.6836628741766047,4.8565028690157765,0.627823751282981,False,39,5000
0.7,24,-607.4541955555683,0.418019637345679,0.2759681774279955,0.5877690332145465,0.6617300644440691,False,39,5000
0.5,24,-624.8709257142943,0.45554930555555556,0.07233205039867446,0.27573138357142923,0.6651832899942058,False,39,15000
0.3,24,-630.5270971428675,0.4783386904761905,0.03656343753705805,0.16129255071806625,0.6661911459577878,False,39,15000
0.1,24,-634.4837828571546,0.4986048115079364,0.021690055291401215,0.01471594205005644,0.6666530222270708,False,39,15000
2.0,24,-335.6216177778179,0.03812010030864197,0.13396851321591738,0.11944823459833687,0.31206631543042274,True,0,5000
1.7,24,-361.2930844444481,0.041936033950617284,0.16332351456541944,0.1706454861998709,0.3064837737688344,True,0,5000
1.5,24,-382.08997333335464,0.04601057098765432,0.2005877948554427,0.233299120464106,0.3056821471571386,True,0,5000
1.3,24,-408.30849777776916,0.054582484567901234,0.2634548220844495,0.3833121839163239,0.2983497846972224,True,0,5000
1.2,24,-425.02364444444595,0.0627241512345679,0.3306450135649239,0.5503467034607913,0.2945565133249336,True,0,5000
1.1,24,-448.28344888888944,0.07893958333333333,0.5049320857799137,1.0280308400392824,0.23860281103922132,True,0,5000
1.0,24,-507.9868622222002,0.17998368055555555,2.7285731077523554,7.249321770979936,0.2528008265883511,True,0,5000
0.9,24,-648.9235911111145,0.469997337962963,0.7463201948862991,0.2142012283178829,0.6647672475279653,True,0,5000
0.8,24,-675.4919288889021,0.49080748456790124,0.27320095658372634,0.037570930962789184,0.6663838261040653,True,0,5000
0.7,24,-685.8897777777912,0.49723780864197537,0.10741767587669716,0.009191643131446017,0.6666071489354317,True,0,5000
0.5,24,-690.9580800000142,0.4998917162698413,0.008801193448663171,0.0003538534892300049,0.6666650397869098,True,0,15000
0.3,24,-691.1995885714432,0.49999985119047613,3.809197584848368e-05,4.959893296074824e-07,0.6666666652936969,True,0,15000
0.1,24,-691.2000000000147,0.5,1.0105496686365867e-11,0.0,0.6666666666666667,True,0,15000
2.0,24,-335.504177777783,0.0381997299382716,0.13313743455418287,0.12015491093578541,0.3085655506221874,True,1,5000
1.7,24,-361.31114666665616,0.0417804012345679,0.16325928821221772,0.1703973055837973,0.308565110567261,True,1,5000
1.5,24,-381.7568533333036,0.046156327160493824,0.19868491746285458,0.23255773754915426,0.3136638549758256,True,1,5000
1.3,24,-408.23768888887236,0.05439513888888889,0.26472358279556213,0.3799999959876542,0.2959752784037172,True,1,5000
1.2,24,-425.2479288889039,0.0628480324074074,0.33492223044651875,0.5622446177404841,0.28075569901364694,True,1,5000
1.1,24,-448.4571555555241,0.07920443672839506,0.5000493073382604,1.0215134996251092,0.2579715027090098,True,1,5000
1.0,24,-508.111466666619,0.18277094907407404,2.7397276143208527,7.182215795671301,0.26918378243417407,True,1,5000
0.9,24,-648.7499377777774,0.469638387345679,0.7608734577346736,0.25160235889254423,0.6645440419313817,True,1,5000
0.8,24,-675.3623288889022,0.4906865740740741,0.27349499300299834,0.037828327314781696,0.6663814025159702,True,1,5000
0.7,24,-685.7776000000138,0.4971547067901234,0.1106841128749691,0.009769397290840334,0.6666034573324955,True,1,5000
0.5,24,-690.9554971428713,0.4998923115079365,0.008801230623955943,0.0003428904733588922,0.6666650902784993,True,1,15000
0.3,24,-691.1997257143006,0.4999999007936508,2.5395372547252382e-05,3.306688789450618e-07,0.6666666657513276,True,1,15000
0.1,24,-691.2000000000149,0.5,-3.03164900590976e-11,0.0,0.6666666666666667,True,1,15000
2.0,24,-335.8057066666618,0.03819212962962963,0.1337248685814719,0.12068780709876545,0.30991394081432,True,2,5000
1.7,24,-361.2151822222565,0.041919637345679016,0.16531670548061023,0.17026850881092132,0.30842324120722064,True,2,5000
1.5,24,-381.81623111111537,0.04621134259259259,0.1988792480246227,0.23349527388888897,0.31173454679734414,True,2,5000
1.3,24,-407.94698666664493,0.05444645061728394,0.2611278602205709,0.3835002522528232,0.29785897308390796,True,2,5000
1.2,24,-425.2639822222301,0.06262854938271604,0.3390381028803328,0.5622769831504346,0.2731099718869122,True,2,5000
1.1,24,-448.32577777778215,0.07943661265432099,0.5160416417259572,1.0573973289928609,0.22801988008807828,True,2,5000
1.0,24,-509.83996444439606,0.18917658179012345,2.800498844442245,7.514402086892154,0.28680459951665416,True,2,5000
0.9,24,-648.5555022222268,0.469380362654321,0.7678448339453254,0.2700494037484802,0.6644353645812828,True,2,5000
0.8,24,-675.4685511111254,0.4908052854938272,0.2723473411898503,0.03714844400610984,0.6663866453952814,True,2,5000
0.7,24,-685.818791111125,0.4971933641975309,0.10854437753812803,0.009341488457718887,0.6666061764335515,True,2,5000
0.5,24,-690.939908571443,0.4998864583333333,0.00920349518047361,0.00034516859137312395,0.666665078718365,True,2,15000
0.3,24,-691.1994285714431,0.499999751984127,5.537289505383219e-05,1.1572892510969268e-06,0.6666666634694822,True,2,15000
0.1,24,-691.2000000000147,0.5,1.0105496686365867e-11,0.0,0.6666666666666667,True,2,15000
2.0,24,-335.64544000002263,0.03802696759259259,0.13489111616790853,0.11864012805169755,0.3098623345189905,True,3,5000
1.7,24,-361.1404444443733,0.04183858024691358,0.16505949516092844,0.17001830875494223,0.3081985247095794,True,3,5000
1.5,24,-382.0865422222218,0.04629097222222222,0.19709503857971689,0.23880374425925932,0.3038515985089655,True,3,5000
1.3,24,-407.82220444440645,0.053706172839506176,0.2585958117219993,0.36991596754247075,0.30225399066183944,True,3,5000
1.2,24,-425.2244444444223,0.06218341049382716,0.3317156033283987,0.549580812445702,0.28405269797622845,True,3,5000
1.1,24,-448.5075199999973,0.07998217592592592,0.5158764850280685,1.0422484980639737,0.2386841722278451,True,3,5000
1.0,24,-506.7444622221987,0.17798541666666667,2.6332902499992894,7.070102110833335,0.24037809251639863,True,3,5000
0.9,24,-649.0514488888912,0.4700944444444444,0.7538945399678801,0.21980640041151744,0.6647279255417374,True,3,5000
0.8,24,-675.4109688889001,0.4907598765432099,0.26733053781842697,0.03626249998282649,0.6663929449336041,True,3,5000
0.7,24,-685.766577777792,0.4971716049382716,0.11067528131885442,0.009584399686473384,0.6666046414714741,True,3,5000
0.5,24,-690.9481371428716,0.4998913690476191,0.00888862272727743,0.00032608815184076434,0.6666651664416531,True,3,15000
0.3,24,-691.1993142857287,0.499999751984127,6.348299629516314e-05,8.266014006608202e-07,0.6666666643785126,True,3,15000
0.1,24,-691.2000000000149,0.5,-3.03164900590976e-11,0.0,0.6666666666666667,True,3,15000
2.0,24,-335.66113777772017,0.03819652777777778,0.1340912295307122,0.11974455893518506,0.3078602759269269,True,4,5000
1.7,24,-361.4423111111176,0.04195231481481481,0.1627179087055768,0.16948519869281053,0.3117383010390793,True,4,5000
1.5,24,-382.0396088888901,0.04653850308641975,0.19782388685041638,0.2369594002720623,0.3097609170198582,True,4,5000
1.3,24,-408.27363555556826,0.05417600308641976,0.2617789648902042,0.3717603246254083,0.30627903226709874,True,4,5000
1.2,24,-425.05839999996937,0.06261520061728396,0.3341935904492498,0.541388562960105,0.3002916468170689,True,4,5000
1.1,24,-448.53274666665294,0.07904502314814815,0.5047405565921884,1.028031975301627,0.24255197065256207,True,4,5000
1.0,24,-512.2198933333215,0.19468827160493823,3.1049790413382854,8.2126758638546,0.2874015351454191,True,4,5000
0.9,24,-648.376693333333,0.46686323302469135,0.8066056334768732,0.9706592135106895,0.6623042393864382,True,4,5000
0.8,24,-675.295911111122,0.4906701774691358,0.2739766280653396,0.03818978240631932,0.6663790826788603,True,4,5000
0.7,24,-685.7989688889022,0.4971672453703703,0.11327258378642538,0.01007605131175942,0.6666015386869586,True,4,5000
0.5,24,-690.9393371428715,0.4998859126984127,0.009169047742438529,0.0003524659864133639,0.6666650454962871,True,4,15000
0.3,24,-691.1997257143006,0.4999999007936508,2.5395372547252382e-05,3.306688789450618e-07,0.6666666657513276,True,4,15000
0.1,24,-691.2000000000149,0.5,-3.03164900590976e-11,0.0,0.6666666666666667,True,4,15000
2.0,24,-335.70645333332016,0.0380565200617284,0.13231924195556152,0.11941880760245197,0.307919010667545,True,5,5000
1.7,24,-361.3480533333374,0.04182118055555555,0.16288684492973132,0.1697416157180466,0.3082745858494612,True,5,5000
1.5,24,-381.86887111113055,0.04619155092592593,0.19788805477798665,0.23591978382201628,0.30349086918497004,True,5,5000
1.3,24,-407.82714666673195,0.05454822530864197,0.26391196119212323,0.384370857009075,0.29733141915762995,True,5,5000
1.2,24,-424.9748266666638,0.0627230324074074,0.33639192289428266,0.5663426676376035,0.2762765041056222,True,5,5000
1.1,24,-448.3022933333044,0.07959155092592592,0.500850908176742,1.0469999351781711,0.2409206323779366,True,5,5000
1.0,24,-509.5809244443936,0.1857368055555556,2.891428874442277,7.773810071327153,0.26952849308654414,True,5,5000
0.9,24,-648.7214933333352,0.4696594135802469,0.7647757550129561,0.2347808840268506,0.664608397674304,True,5,5000
0.8,24,-675.3909688889001,0.49077592592592595,0.27006333970863095,0.036627966666642475,0.6663905034744864,True,5,5000
0.7,24,-685.8768533333472,0.49720918209876547,0.10891296063467358,0.00951795972464404,0.666605073820169,True,5,5000
0.5,24,-690.9563200000144,0.49989250992063483,0.008754242464621913,0.00033619362541870146,0.6666651201903177,True,5,15000
0.3,24,-691.1997028571575,0.49999985119047613,2.9980663070383333e-05,8.266771267528839e-07,0.6666666643846673,True,5,15000
0.1,24,-691.2000000000147,0.5,1.0105496686365867e-11,0.0,0.6666666666666667,True,5,15000
2.0,24,-335.6966755555452,0.03792723765432099,0.13217349906118317,0.11748341071844992,0.3132806364962998,True,6,5000
1.7,24,-361.1753066666612,0.041777893518518516,0.16353160857960183,0.16887142101942634,0.3080650752780646,True,6,5000
1.5,24,-381.7800177777815,0.046475038580246916,0.20081173580228445,0.23788010991712388,0.30591689924965604,True,6,5000
1.3,24,-407.9058488888978,0.05401604938271606,0.2640878182430504,0.38209718976469303,0.287077476313925,True,6,5000
1.2,24,-424.92062222221824,0.0625945987654321,0.32913734521220434,0.5560714504000914,0.2800963093289909,True,6,5000
1.1,24,-448.4973155556127,0.07968356481481481,0.5065198269219493,1.057486088973064,0.23808927643139588,True,6,5000
1.0,24,-512.5207466666477,0.1961489197530864,3.0341456015009194,8.119159377229085,0.30382688874298336,True,6,5000
0.9,24,-648.5563377777812,0.46942330246913583,0.7563364565457871,0.2451140143423025,0.6645479508612906,True,6,5000
0.8,24,-675.2578311111223,0.4906047067901234,0.27876164522540287,0.03933135858626535,0.6663707258632031,True,6,5000
0.7,24,-685.8017600000146,0.49717997685185183,0.1095491449840688,0.0094609984016942,0.666605394246269,True,6,5000
0.5,24,-690.9467428571572,0.4998892857142857,0.008937954104314687,0.0003392521995486675,0.6666651058955443,True,6,15000
0.3,24,-691.1997257143006,0.4999999007936508,2.5395372547252382e-05,3.306688789450618e-07,0.6666666657513276,True,6,15000
0.1,24,-691.2000000000149,0.5,-3.03164900590976e-11,0.0,0.6666666666666667,True,6,15000
2.0,24,-335.5960000000236,0.03798641975308642,0.13242196836419376,0.11919139503429349,0.31021553853966155,True,7,5000
1.7,24,-361.2930311111026,0.04185551697530864,0.16373519125333547,0.17114820562767288,0.30160085399442904,True,7,5000
1.5,24,-381.8957866666638,0.04628070987654321,0.19709434707050447,0.23477327776863277,0.3066433798160091,True,7,5000
1.3,24,-408.2648533333469,0.05489475308641975,0.26379483919650076,0.3878900968238894,0.29872824995283165,True,7,5000
1.2,24,-425.0543822221963,0.06245528549382716,0.3356057108363673,0.544139826045239,0.2943960238110339,True,7,5000
1.1,24,-448.6202133333551,0.08112692901234568,0.518099015851349,1.0803895855935908,0.25658413086529275,True,7,5000
1.0,24,-510.62526222219606,0.18826149691358024,2.798634101925321,7.578928567692039,0.2829876233117832,True,7,5000
0.9,24,-648.8344533333329,0.4700161265432099,0.7326113256150927,0.2097749570149432,0.6648038357134867,True,7,5000
0.8,24,-675.3350222222317,0.4906677469135802,0.27783461160390105,0.03889328311045048,0.6663740554854414,True,7,5000
0.7,24,-685.7520533333472,0.49715405092592585,0.11091334642438688,0.009587809512860345,0.6666045791399251,True,7,5000
0.5,24,-690.9478857143002,0.49989161706349217,0.008998091972898692,0.0003284319018028725,0.6666651559085297,True,7,15000
0.3,24,-691.2000000000147,0.5,1.1228329651517634e-12,0.0,0.6666666666666667,True,7,15000
0.1,24,-691.2000000000147,0.5,1.0105496686365867e-11,0.0,0.6666666666666667,True,7,15000
2.0,24,-335.62679111110185,0.038079783950617285,0.13462765143360558,0.12031403772976679,0.3080190530659591,True,8,5000
1.7,24,-360.9497777777592,0.041909606481481475,0.16549943741962675,0.16925462599400892,0.3105474325057407,True,8,5000
1.5,24,-382.12439111110115,0.04636697530864197,0.19810868635660747,0.2367805748605396,0.301877794248014,True,8,5000
1.3,24,-408.17219555553993,0.054590470679012335,0.263517176452812,0.3798482146083945,0.30228266869497655,True,8,5000
1.2,24,-425.1597333333671,0.06205165895061728,0.3340816528635658,0.5605270042859796,0.2642725036276269,True,8,5000
1.1,24,-448.4783111111264,0.07932608024691358,0.5101125762564866,1.0288020549445063,0.23531067271129502,True,8,5000
1.0,24,-512.4670933332958,0.19083476080246914,2.9099585552392253,7.8876737225917335,0.2899063094279998,True,8,5000
0.9,24,-648.4244266666664,0.46941994598765435,0.7518067382166937,0.21915723763047623,0.6647067990241742,True,8,5000
0.8,24,-675.4592533333465,0.490745100308642,0.27270390184431403,0.038915897452629356,0.6663740926848278,True,8,5000
0.7,24,-685.8326222222368,0.49719780092592597,0.10910285577118971,0.009430803339928977,0.6666056066110055,True,8,5000
0.5,24,-690.9452800000148,0.4998882936507936,0.009020920686048662,0.00033919641725788097,0.6666651058173646,True,8,15000
0.3,24,-691.1998628571578,0.49999995039682543,1.2698047264424487e-05,1.6533910240923433e-07,0.6666666662089842,True,8,15000
0.1,24,-691.2000000000149,0.5,-3.03164900590976e-11,0.0,0.6666666666666667,True,8,15000
2.0,24,-335.87880888887213,0.03831006944444444,0.1348133722237195,0.12053675539737661,0.3125875083478179,True,9,5000
1.7,24,-361.33263999998314,0.04198206018518519,0.1654324316818246,0.16915390965413932,0.3141607926944485,True,9,5000
1.5,24,-381.99598222222494,0.046711998456790124,0.20082230853197724,0.24172444237254215,0.30319403429846814,True,9,5000
1.3,24,-408.14602666662734,0.05489297839506172,0.26043124656580924,0.3871430329508288,0.29620203208363627,True,9,5000
1.2,24,-425.1575111111281,0.06230177469135803,0.3340986122161119,0.5604146526034519,0.2706369572861682,True,9,5000
1.1,24,-447.98165333331474,0.07846396604938273,0.5069327687542313,1.0157605423088896,0.2436887295267941,True,9,5000
1.0,24,-511.5473777777432,0.19358580246913576,3.04580753821665,8.08433968661181,0.292728320324669,True,9,5000
0.9,24,-648.429742222223,0.4681252700617284,0.7748679104275871,0.5021291168943343,0.6635396167895293,True,9,5000
0.8,24,-675.3110933333459,0.49068761574074077,0.2765596922144039,0.037674810175500895,0.666382574473853,True,9,5000
0.7,24,-685.7743466666792,0.49715856481481485,0.11402356905010595,0.010113618827143662,0.6666012945307869,True,9,5000
0.5,24,-690.9511542857289,0.4998907738095239,0.00886279630423006,0.0003453832084971964,0.66666507841917,True,9,15000
0.3,24,-691.1998628571574,0.49999995039682543,1.2698055124255242e-05,1.6533910240923433e-07,0.6666666662089842,True,9,15000
0.1,24,-691.2000000000147,0.5,1.0105496686365867e-11,0.0,0.6666666666666667,True,9,15000
2.0,24,-335.76126222219574,0.03827160493827161,0.13380114498752643,0.12036271433470494,0.3095266811215004,True,10,5000
1.7,24,-361.154506666633,0.04179864969135802,0.1636813232363472,0.16962992302055607,0.30854516053692005,True,10,5000
1.5,24,-381.7366222222291,0.04627773919753086,0.19672239860384577,0.23522374464963441,0.3125416517712305,True,10,5000
1.3,24,-408.1426311110796,0.054446257716049384,0.26578848109059816,0.3798132452193466,0.29870718564028964,True,10,5000
1.2,24,-424.88076444442345,0.062352006172839494,0.33827781822554015,0.5494244149405585,0.2850227825062377,True,10,5000
1.1,24,-448.23093333331207,0.07980841049382717,0.5137658651157176,1.0500061214334697,0.24604715567160307,True,10,5000
1.0,24,-509.5620799999406,0.186654012345679,2.8157401455748388,7.50201306825789,0.2742118184028137,True,10,5000
0.9,24,-648.5616533333347,0.4695311728395062,0.7712236124918542,0.2292892361073129,0.6646431682176737,True,10,5000
0.8,24,-675.2144177777899,0.4905855709876543,0.275715755554668,0.038415855962774526,0.6663768343742109,True,10,5000
0.7,24,-685.7903288889025,0.49717731481481486,0.1101985852183299,0.009523428747775549,0.6666050073740727,True,10,5000
0.5,24,-690.9494400000145,0.4998891865079365,0.008745485917542182,0.00034696497729314046,0.6666650709510749,True,10,15000
0.3,24,-691.1998628571578,0.49999995039682543,1.2698047264424487e-05,1.6533910240923433e-07,0.6666666662089842,True,10,15000
0.1,24,-691.2000000000149,0.5,-3.03164900590976e-11,0.0,0.6666666666666667,True,10,15000
2.0,24,-335.98412444447104,0.038234876543209874,0.13374581036365246,0.1198089041906722,0.3123658100197081,True,11,5000
1.7,24,-361.19450666663215,0.04174949845679012,0.16465677199539608,0.1689936130229765,0.31017303344821,True,11,5000
1.5,24,-381.8094577777965,0.046189891975308636,0.19805488296926207,0.23402737393461376,0.3100257187933433,True,11,5000
1.3,24,-407.93475555558086,0.0541971836419753,0.26482765273003717,0.38087454582080327,0.2997486542853668,True,11,5000
1.2,24,-425.0064355555683,0.06269448302469137,0.3350817830574883,0.5551337543717126,0.2912196057127153,True,11,5000
1.1,24,-448.04835555555724,0.0775653163580247,0.5116620261425159,0.9956666759812625,0.2436134657486161,True,11,5000
1.0,24,-514.4465422221751,0.20086493055555554,3.043622165199546,8.202133188819449,0.32416994765429985,True,11,5000
0.9,24,-649.2476088888918,0.4701344135802469,0.7573392052811223,0.2306610639994311,0.6646479853284714,True,11,5000
0.8,24,-675.2943466666795,0.49062993827160495,0.280028670054201,0.03933237055899097,0.6663706055406649,True,11,5000
0.7,24,-685.7006755555688,0.4971099922839506,0.11186638160277515,0.009975096412690376,0.6666021260351656,True,11,5000
0.5,24,-690.9487771428713,0.4998896825396826,0.00893809675795233,0.0003405437187602445,0.6666651000838744,True,11,15000
0.3,24,-691.1997257143006,0.4999999007936508,2.5395372547252382e-05,3.306688789450618e-07,0.6666666657513276,True,11,15000
0.1,24,-691.2000000000149,0.5,-3.03164900590976e-11,0.0,0.6666666666666667,True,11,15000
2.0,24,-335.4918044444126,0.03809864969135803,0.1329616228537639,0.1193214119131514,0.3131647423822965,True,12,5000
1.7,24,-361.08060444443265,0.04194247685185185,0.16157706586621848,0.17150579298747276,0.3033793687216102,True,12,5000
1.5,24,-381.9827733333615,0.0462349537037037,0.19853622095146375,0.23359515997942393,0.3121948365268813,True,12,5000
1.3,24,-407.85637333335154,0.05388263888888889,0.26168384177368564,0.3724468297958216,0.30387131458625427,True,12,5000
1.2,24,-425.2479822222281,0.06254506172839507,0.3308651598075936,0.55172561998171,0.29029527487033224,True,12,5000
1.1,24,-448.21807999998083,0.07901145833333333,0.5044642182593584,0.9976230690165545,0.2707891705155355,True,12,5000
1.0,24,-508.87886222214917,0.1824466049382716,2.8522295483694506,7.645131234348421,0.24733807864685098,True,12,5000
0.9,24,-648.9284977777766,0.4697376157407408,0.7692413663337044,0.2401166230366769,0.6645689229928045,True,12,5000
0.8,24,-675.4405688889017,0.4907503086419753,0.27195736023328554,0.037788482184546446,0.6663822136438351,True,12,5000
0.7,24,-685.8525688889035,0.49720482253086423,0.10795584239077594,0.009402848323273158,0.6666057955794409,True,12,5000
0.5,24,-690.9465600000149,0.4998886904761904,0.008949755123467185,0.00034406027214473056,0.6666650840493089,True,12,15000
0.3,24,-691.1997257143006,0.4999999007936508,2.5395372547252382e-05,3.306688789450618e-07,0.6666666657513276,True,12,15000
0.1,24,-691.2000000000149,0.5,-3.03164900590976e-11,0.0,0.6666666666666667,True,12,15000
2.0,24,-335.5393955555242,0.03821230709876543,0.13533498610685987,0.11998603850780193,0.3097822999325952,True,13,5000
1.7,24,-361.2623466666614,0.04170779320987654,0.1643217624657075,0.16848889677842332,0.3123264897661213,True,13,5000
1.5,24,-382.2829511110697,0.04655918209876543,0.19762371124985,0.24222245050525848,0.3030399063093072,True,13,5000
1.3,24,-408.0288355555435,0.05400713734567902,0.2604597200075195,0.3771126258144715,0.2940787881497072,True,13,5000
1.2,24,-425.0544355555891,0.06224081790123457,0.33243920006701744,0.5388179358681987,0.3001333595732142,True,13,5000
1.1,24,-448.3888533333444,0.08039483024691359,0.5034143304520278,1.0413027890354147,0.24967460351011206,True,13,5000
1.0,24,-510.6013511110521,0.18574444444444443,2.8259275894231197,7.72002740567901,0.2644401143122801,True,13,5000
0.9,24,-648.7737422222234,0.4693772762345679,0.7781968151677314,0.2963799915399967,0.6642936389429006,True,13,5000
0.8,24,-675.3140088889027,0.4906324459876543,0.27706030386759206,0.03863631231890485,0.6663752951240252,True,13,5000
0.7,24,-685.8096888889028,0.49718290895061734,0.1093215116876915,0.00943634949907235,0.666605543469621,True,13,5000
0.5,24,-690.9379428571577,0.49988363095238103,0.009355605532214718,0.00036753481845153146,0.666664976204133,True,13,15000
0.3,24,-691.2000000000149,0.5,-3.36849889545529e-12,0.0,0.6666666666666667,True,13,15000
0.1,24,-691.2000000000149,0.5,-3.03164900590976e-11,0.0,0.6666666666666667,True,13,15000
2.0,24,-335.68005333335265,0.03837418981481481,0.13478066296174676,0.12075182558256181,0.3137193917969957,True,14,5000
1.7,24,-361.0536533333579,0.04198144290123457,0.1658986380691084,0.17119116926843786,0.30758101946967764,True,14,5000
1.5,24,-382.0398222221939,0.046371990740740734,0.19522913029111716,0.23342264549382757,0.3119283527240644,True,14,5000
1.3,24,-408.2322666666733,0.054708063271604934,0.2609909824677277,0.38171467494394357,0.30184247645331885,True,14,5000
1.2,24,-425.15439999998773,0.061810802469135805,0.3354452296811329,0.5385743437814352,0.28699326294186334,True,14,5000
1.1,24,-448.1497066666666,0.07900273919753086,0.49789423834712127,1.003593174802813,0.2629686798652089,True,14,5000
1.0,24,-507.4498488888603,0.17738742283950618,2.6791565130778405,7.186904607403979,0.23679764163650063,True,14,5000
0.9,24,-648.5523022222235,0.4683356095679012,0.7787287009168858,0.5111617473698793,0.6635456389115466,True,14,5000
0.8,24,-675.3436444444565,0.49070945216049383,0.2756568360766209,0.038281622169713536,0.666378521717437,True,14,5000
0.7,24,-685.8470755555677,0.49721068672839513,0.10937312572010785,0.009457683714152613,0.6666054533157318,True,14,5000
0.5,24,-690.9318400000146,0.4998820932539683,0.009534404267469654,0.0003638460061559101,0.6666649928659468,True,14,15000
0.3,24,-691.1998628571574,0.49999995039682543,1.2698055124255242e-05,1.6533910240923433e-07,0.6666666662089842,True,14,15000
0.1,24,-691.2000000000147,0.5,1.0105496686365867e-11,0.0,0.6666666666666667,True,14,15000
2.0,24,-335.5936533333031,0.03823406635802469,0.133899229430862,0.12000597148105291,0.3131435044048255,True,15,5000
1.7,24,-361.4054755556125,0.04203707561728395,0.16447077100183352,0.16994618221929716,0.3121676562522875,True,15,5000
1.5,24,-381.89845333334284,0.04621662808641975,0.19712075672755475,0.23416763304469623,0.31156365177227174,True,15,5000
1.3,24,-408.0814400000073,0.05428306327160494,0.26608653158296197,0.38139945177205314,0.29391153005811244,True,15,5000
1.2,24,-425.1406399999882,0.06251338734567902,0.33246523055897853,0.5554714610418092,0.28025345045799077,True,15,5000
1.1,24,-448.293599999976,0.0794684413580247,0.5091680031630291,1.0923145329186932,0.21232097079346468,True,15,5000
1.0,24,-506.0577244443991,0.17492854938271607,2.6157459187877268,7.105533371138543,0.23287610717634366,True,15,5000
0.9,24,-648.1683911111194,0.469166087962963,0.7592429888505281,0.2327776146690752,0.664613034528346,True,15,5000
0.8,24,-675.3531911111221,0.4906582947530865,0.28301492825054053,0.040359126619264885,0.666363616705757,True,15,5000
0.7,24,-685.7535466666816,0.49714980709876544,0.11283181011837158,0.009852089299166826,0.6666029245449898,True,15,5000
0.5,24,-690.9461028571571,0.49988968253968247,0.008933414372020505,0.00032705165535773517,0.6666651613668344,True,15,15000
0.3,24,-691.1998628571578,0.49999995039682543,1.2698047264424487e-05,1.6533910240923433e-07,0.6666666662089842,True,15,15000
0.1,24,-691.2000000000149,0.5,-3.03164900590976e-11,0.0,0.6666666666666667,True,15,15000
2.0,24,-335.7195199999436,0.038018364197530866,0.13400724434445188,0.11838200441700958,0.31066797636977705,True,16,5000
1.7,24,-361.2558933333091,0.0421110725308642,0.16363084573624928,0.1749080517424151,0.29865723300815195,True,16,5000
1.5,24,-382.0616711111183,0.0464630787037037,0.20006552075329515,0.23663862406893027,0.3083960384816057,True,16,5000
1.3,24,-408.1543466666351,0.05425810185185184,0.2646110738958532,0.3811814808879397,0.2937624742694094,True,16,5000
1.2,24,-425.02279111112983,0.0625534336419753,0.3356791148361731,0.5522363159972287,0.28730832300925424,True,16,5000
1.1,24,-448.1643022221961,0.07939263117283951,0.500341963035924,1.031338674204233,0.24676030491851364,True,16,5000
1.0,24,-511.0900088888653,0.19197044753086415,2.9530720087960214,7.917695564235265,0.2931743846821525,True,16,5000
0.9,24,-648.9248177777837,0.46991180555555556,0.7388544907173029,0.22541245332648785,0.6646999174887458,True,16,5000
0.8,24,-675.4402666666766,0.4907288580246913,0.27269984548610177,0.037892291598111694,0.666381095832413,True,16,5000
0.7,24,-685.8869688889005,0.4972221064814815,0.10782684228949937,0.009378273798480916,0.6666059601156558,True,16,5000
0.5,24,-690.9471771428717,0.49989007936507945,0.008974147042560313,0.00033766820846636847,0.66666511333809,True,16,15000
0.3,24,-691.1995885714434,0.49999985119047613,3.809197247998479e-05,4.959893296074824e-07,0.6666666652936969,True,16,15000
0.1,24,-691.2000000000149,0.5,-3.03164900590976e-11,0.0,0.6666666666666667,True,16,15000
2.0,24,-335.8322133332924,0.03817947530864198,0.13359832430124166,0.11968739688614533,0.31271630383980753,True,17,5000
1.7,24,-361.3110044444668,0.04195185185185185,0.16606427963868767,0.1701083365286854,0.31167235339177435,True,17,5000
1.5,24,-381.9527111111404,0.04614000771604938,0.19997094940411858,0.23260240877857796,0.31362337249272165,True,17,5000
1.3,24,-408.05226666667926,0.05467202932098765,0.2676818163488766,0.3888665250072547,0.29732495183398866,True,17,5000
1.2,24,-425.26245333334083,0.0628891589506173,0.3326119299005353,0.5677404817036746,0.2759232981180957,True,17,5000
1.1,24,-448.1728711111472,0.07885760030864197,0.5097436333363133,1.0352533692472565,0.22404145246446583,True,17,5000
1.0,24,-510.43736888883626,0.18808935185185183,2.7709473534132485,7.533149857530866,0.2888473184498028,True,17,5000
0.9,24,-648.5691022222228,0.46948530092592594,0.7547991274067771,0.23336089155522544,0.6646168675470399,True,17,5000
0.8,24,-675.3956444444552,0.4907109953703704,0.2705727494641349,0.03761804543789049,0.6663830986079207,True,17,5000
0.7,24,-685.8124444444578,0.49718406635802476,0.11066841073849641,0.009571233684767375,0.6666047236739696,True,17,5000
0.5,24,-690.954057142872,0.4998896825396826,0.00885765950079076,0.00035919451237376165,0.6666650151218276,True,17,15000
0.3,24,-691.1997257143006,0.4999999007936508,2.5395372547252382e-05,3.306688789450618e-07,0.6666666657513276,True,17,15000
0.1,24,-691.2000000000149,0.5,-3.03164900590976e-11,0.0,0.6666666666666667,True,17,15000
2.0,24,-335.8404622222451,0.038396296296296296,0.13425947151221054,0.12017754037037043,0.3171198837911472,True,18,5000
1.7,24,-361.01205333338953,0.04199166666666666,0.1676620127711612,0.17042921721132906,0.31007131055289794,True,18,5000
1.5,24,-381.99288888887935,0.04632029320987654,0.2010107483615291,0.23749171988797446,0.3057401359326829,True,18,5000
1.3,24,-408.1602666666872,0.05398661265432098,0.2651640148293904,0.370735985880949,0.29713597362645716,True,18,5000
1.2,24,-425.0349866666722,0.06242592592592593,0.3383821233332659,0.5528194470164604,0.2892044026758579,True,18,5000
1.1,24,-448.6710044444657,0.08081593364197531,0.5115888176779563,1.073307996632216,0.2506856022283984,True,18,5000
1.0,24,-512.6896888888508,0.19650744598765435,2.9756522814677737,8.004567269608184,0.30853031924196095,True,18,5000
0.9,24,-648.1429333333361,0.4689197145061729,0.7669403298274962,0.258248155577423,0.6644471243984675,True,18,5000
0.8,24,-675.4662222222337,0.49076331018518526,0.27589342796229877,0.038380275607552417,0.6663776234554752,True,18,5000
0.7,24,-685.7583288889031,0.497142399691358,0.11158444966649914,0.009805835095796515,0.6666031794833871,True,18,5000
0.5,24,-690.9516342857288,0.49989007936507934,0.008899628277706344,0.0003493745577642926,0.6666650601028042,True,18,15000
0.3,24,-691.1998628571575,0.49999995039682543,1.2698051755756347e-05,1.6533910240923433e-07,0.6666666662089842,True,18,15000
0.1,24,-691.2000000000147,0.5,1.0105496686365867e-11,0.0,0.6666666666666667,True,18,15000
2.0,24,-335.5559466667075,0.038207098765432095,0.13381205891852865,0.11983834122770926,0.3119020927884315,True,19,5000
1.7,24,-361.43891555550385,0.0421502700617284,0.16490247782745207,0.17087453036744535,0.3141344298271954,True,19,5000
1.5,24,-382.09036444443313,0.04646616512345679,0.19861392424594848,0.23747143838077261,0.30980726147890014,True,19,5000
1.3,24,-408.21201777776275,0.054323302469135804,0.26512989034953466,0.3785611852379447,0.29741316524717565,True,19,5000
1.2,24,-425.05756444439845,0.0632175925925926,0.3338855539765375,0.5701919367283947,0.28010488831376756,True,19,5000
1.1,24,-448.58609777776456,0.07945632716049382,0.5220927438134106,1.0818813738745487,0.22868158382389048,True,19,5000
1.0,24,-510.1244977777637,0.18502635030864198,2.762901634014219,7.627396438023835,0.2692664854092638,True,19,5000
0.9,24,-648.9268266666684,0.46993271604938275,0.7323271764427013,0.21454397163539696,0.664763213780647,True,19,5000
0.8,24,-675.497351111123,0.4908317901234568,0.2780370806961387,0.03788452760628225,0.6663814420354408,True,19,5000
0.7,24,-685.8199466666807,0.49719035493827163,0.10967168177382754,0.009439353963338297,0.6666055490295231,True,19,5000
0.5,24,-690.9459428571571,0.4998900297619048,0.008951516645336395,0.0003318024688603316,0.6666651401046326,True,19,15000
0.3,24,-691.1995885714432,0.49999985119047613,3.8091974725650716e-05,4.959893296074824e-07,0.6666666652936969,True,19,15000
0.1,24,-691.2000000000147,0.5,1.0105496686365867e-11,0.0,0.6666666666666667,True,19,15000
2.0,24,-335.9173155555285,0.03825717592592593,0.13079722403276467,0.12071896695987636,0.3111838545220196,True,20,5000
1.7,24,-361.43143111110874,0.04179394290123457,0.16302734877391636,0.16889331759813994,0.3078169137404573,True,20,5000
1.5,24,-382.1435022222348,0.04648383487654321,0.19810739163320834,0.2352786669404437,0.3118051089230315,True,20,5000
1.3,24,-408.1040177777582,0.05432314814814815,0.26558098093328325,0.3823837256410256,0.2969059048429308,True,20,5000
1.2,24,-425.08865777774355,0.06243194444444444,0.3345208561313133,0.5505488313786009,0.2855790720474247,True,20,5000
1.1,24,-448.227519999978,0.07925393518518518,0.49906822260584854,1.0266147550785638,0.24752400786486028,True,20,5000
1.0,24,-512.268533333286,0.19525289351851854,3.02498604333333,8.038077274498457,0.2987513170660797,True,20,5000
0.9,24,-649.0539022222229,0.47013240740740747,0.7255320594596352,0.20352855679009352,0.6648467016741774,True,20,5000
0.8,24,-675.3163022222342,0.490666512345679,0.27388607016105315,0.03762456942731918,0.6663828681905781,True,20,5000
0.7,24,-685.8172977777917,0.49719278549382717,0.10901148710397393,0.009339752144545648,0.6666061584293849,True,20,5000
0.5,24,-690.9569371428718,0.4998926587301587,0.008649280886149628,0.00033890902493993735,0.666665108069836,True,20,15000
0.3,24,-691.1998628571575,0.49999995039682543,1.2698051755756347e-05,1.6533910240923433e-07,0.6666666662089842,True,20,15000
0.1,24,-691.2000000000147,0.5,1.0105496686365867e-11,0.0,0.6666666666666667,True,20,15000
2.0,24,-335.6001066666599,0.03805956790123457,0.1318156296247063,0.12025382715363517,0.30647949145685893,True,21,5000
1.7,24,-361.3085866666388,0.0420434799382716,0.16326408595667422,0.170884148668099,0.3133758480334705,True,21,5000
1.5,24,-381.6372266666899,0.046055825617283955,0.19721253837251648,0.23381364009545036,0.3074383532035847,True,21,5000
1.3,24,-408.3279288888892,0.054414583333333336,0.2674928012220693,0.3788195028252608,0.30485959291975795,True,21,5000
1.2,24,-425.10266666668156,0.06256111111111111,0.3364174532751428,0.5497534157407409,0.29191197490281473,True,21,5000
1.1,24,-448.2759466666992,0.07971755401234568,0.4978650330538449,1.0369571869614356,0.26456129014980523,True,21,5000
1.0,24,-509.0857777777367,0.18582604166666666,2.7759119173528637,7.503912474004628,0.2740211779669123,True,21,5000
0.9,24,-648.924800000001,0.4700103009259259,0.7335392434079625,0.21064544477882308,0.6647873446400556,True,21,5000
0.8,24,-675.2937244444572,0.49062141203703696,0.28079060015089546,0.03956792090088257,0.6663688656293383,True,21,5000
0.7,24,-685.8273777777923,0.49719320987654325,0.1102160139970839,0.009541613384246465,0.6666048789516337,True,21,5000
0.5,24,-690.9493257143004,0.499889632936508,0.008949913510150509,0.00034440015575398775,0.6666650826020978,True,21,15000
0.3,24,-691.1995657143003,0.49999980158730156,4.2677141737155505e-05,9.919879317976665e-07,0.6666666639270618,True,21,15000
0.1,24,-691.2000000000147,0.5,1.0105496686365867e-11,0.0,0.6666666666666667,True,21,15000
2.0,24,-335.84257777779794,0.03822665895061728,0.13355120081962468,0.12055168800368665,0.31040758138596314,True,22,5000
1.7,24,-361.3519466666799,0.04186172839506173,0.16136110589773464,0.17031522173000896,0.3061136720669877,True,22,5000
1.5,24,-381.8073244444329,0.04649000771604939,0.19992945654770283,0.23775540384030586,0.3054453434261106,True,22,5000
1.3,24,-408.257848888827,0.05429390432098765,0.27039423185980216,0.38139841800939134,0.2944350764852126,True,22,5000
1.2,24,-425.28161777775676,0.06211408179012346,0.33338178353870374,0.5444120834697929,0.2902146698059538,True,22,5000
1.1,24,-448.77029333328437,0.07967249228395061,0.5214535853525263,1.0696644864376794,0.22404391750918773,True,22,5000
1.0,24,-512.1362666666142,0.19365432098765434,2.9721041332098443,7.965995189986281,0.2931615691981856,True,22,5000
0.9,24,-648.7478577777805,0.46967245370370364,0.7583441497813204,0.23344649434159592,0.6646205248331118,True,22,5000
0.8,24,-675.299964444456,0.490647762345679,0.27833296199478097,0.038671984203570986,0.6663752555129359,True,22,5000
0.7,24,-685.7707200000136,0.49716095679012345,0.10912863289523557,0.00945570774052789,0.6666054290989084,True,22,5000
0.5,24,-690.9576000000148,0.49989499007936505,0.008691515555256046,0.00032251505383129597,0.6666651832075281,True,22,15000
0.3,24,-691.1998628571577,0.49999995039682543,1.2698050632923382e-05,1.6533910240923433e-07,0.6666666662089842,True,22,15000
0.1,24,-691.2000000000149,0.5,-3.03164900590976e-11,0.0,0.6666666666666667,True,22,15000
2.0,24,-335.46405333336565,0.03815150462962963,0.13506729950494722,0.11966387869984572,0.3103225210901306,True,23,5000
1.7,24,-361.01091555555683,0.04216408179012346,0.16307736445224752,0.1701523468646614,0.3173378749233845,True,23,5000
1.5,24,-382.0755377777776,0.04619020061728394,0.198482796158894,0.2357647276520351,0.30351096851677273,True,23,5000
1.3,24,-408.1131555555988,0.05427847222222222,0.2619281570035646,0.38026359712725544,0.29256265838478623,True,23,5000
1.2,24,-425.0337777777642,0.06244170524691359,0.3376388422116193,0.556110540894347,0.27735779261362603,True,23,5000
1.1,24,-448.5067733333656,0.08027600308641974,0.5108448199000047,1.0714570017177962,0.23592926395545943,True,23,5000
1.0,24,-508.2569777777785,0.177141087962963,2.6418172773524526,7.1845988117206785,0.24016366399313616,True,23,5000
0.9,24,-647.7688355555572,0.46605817901234564,0.8306533671973498,0.9932469688462398,0.6619502728270764,True,23,5000
0.8,24,-675.3517866666773,0.4906538194444444,0.27729876762331657,0.039010426302117374,0.666372888306958,True,23,5000
0.7,24,-685.7978133333457,0.49717172067901233,0.1116439235979123,0.009822978540837215,0.6666031182607588,True,23,5000
0.5,24,-690.9441371428716,0.49988660714285715,0.00925610653575859,0.00037189400228143654,0.6666649578384543,True,23,15000
0.3,24,-691.1998628571577,0.49999995039682543,1.2698050632923382e-05,1.6533910240923433e-07,0.6666666662089842,True,23,15000
0.1,24,-691.2000000000149,0.5,-3.03164900590976e-11,0.0,0.6666666666666667,True,23,15000
2.0,24,-335.56572444442884,0.03821361882716049,0.13387462590069138,0.12082688099751374,0.3053433751856246,True,24,5000
1.7,24,-361.02547555556225,0.04208946759259259,0.16634289689360984,0.1716534612881263,0.3124961400748427,True,24,5000
1.5,24,-382.1133511111392,0.04647712191358025,0.19747301609486048,0.23926233255086865,0.2996088186056346,True,24,5000
1.3,24,-408.0012088889058,0.05470783179012346,0.263547138538199,0.38752136242415847,0.29659456201794543,True,24,5000
1.2,24,-425.1198400000223,0.06254648919753086,0.34026574413925953,0.5662783800404378,0.27361157618093535,True,24,5000
1.1,24,-448.085155555536,0.07947048611111111,0.5006762602001853,1.0211087568392259,0.2732359728040682,True,24,5000
1.0,24,-512.0211199999659,0.19603645833333333,2.9441960157234157,7.724595640239194,0.31200709863400256,True,24,5000
0.9,24,-648.1406577777788,0.46733807870370375,0.8258819964819335,0.7334759036265304,0.6629913363080743,True,24,5000
0.8,24,-675.2738666666778,0.49059976851851855,0.27926679610364613,0.04010008175152846,0.6663650693040017,True,24,5000
0.7,24,-685.7887288889033,0.4971648533950617,0.11077306967215883,0.009781385742420363,0.6666034005666638,True,24,5000
0.5,24,-690.9381257143,0.4998859126984127,0.009305477192861468,0.00035445011335610843,0.6666650365858378,True,24,15000
0.3,24,-691.199451428586,0.49999980158730156,5.078784930828764e-05,6.613000813615599e-07,0.6666666648360918,True,24,15000
0.1,24,-691.2000000000147,0.5,1.0105496686365867e-11,0.0,0.6666666666666667,True,24,15000
2.0,24,-335.81950222219575,0.038140817901234574,0.13433548307147525,0.11987000510116591,0.3056630951573268,True,25,5000
1.7,24,-361.03964444447615,0.041830902777777776,0.16556454347567806,0.16784786419299202,0.31166161544714777,True,25,5000
1.5,24,-382.0656711111741,0.04664548611111111,0.1977063238808361,0.23923669090020555,0.3046600660673384,True,25,5000
1.3,24,-408.03288888889085,0.05413927469135803,0.26407763816854596,0.3768017212066054,0.30234651529127843,True,25,5000
1.2,24,-425.0537066666527,0.06291350308641974,0.33530310682772047,0.5520332179326712,0.29604981560854116,True,25,5000
1.1,24,-448.31838222221006,0.0800175925925926,0.5135750559326467,1.065159947362513,0.22325063313971172,True,25,5000
1.0,24,-510.169760000016,0.1882614197530864,2.898012585239485,7.86964699957476,0.2722967071533532,True,25,5000
0.9,24,-648.5700800000039,0.4693703703703703,0.7730267354303395,0.240576220850528,0.6645518016161056,True,25,5000
0.8,24,-675.3748622222346,0.4907425540123457,0.27741242550042156,0.03797011401646122,0.6663805795583913,True,25,5000
0.7,24,-685.8591111111253,0.4972165895061729,0.10701145474637654,0.00933103650296577,0.6666062849695767,True,25,5000
0.5,24,-690.943657142871,0.4998862103174603,0.00915979600985237,0.0003640520522161239,0.666664992726613,True,25,15000
0.3,24,-691.1994514285863,0.49999980158730156,5.0787847062621705e-05,6.613000813615599e-07,0.6666666648360918,True,25,15000
0.1,24,-691.2000000000149,0.5,-3.03164900590976e-11,0.0,0.6666666666666667,True,25,15000
2.0,24,-336.0057244444699,0.038169753086419754,0.13570326972786184,0.11820333521947869,0.3129302181767405,True,26,5000
1.7,24,-361.1019377778,0.04205347222222222,0.16346968995668168,0.17106082532679734,0.3100697297825693,True,26,5000
1.5,24,-381.94570666666976,0.04641863425925925,0.19839566238900902,0.23557416538580278,0.30890890298350127,True,26,5000
1.3,24,-408.24892444444185,0.05444841820987654,0.26338004529049763,0.3812699015979477,0.29937864845811724,True,26,5000
1.2,24,-425.37038222220366,0.06316041666666666,0.33705591256821044,0.5660192358796297,0.28384294028325807,True,26,5000
1.1,24,-448.3575822222319,0.08024787808641975,0.5047219159061018,1.0542890590901288,0.24536179325389318,True,26,5000
1.0,24,-510.0397155555274,0.18562334104938272,2.891822693686865,7.656569678970337,0.2593842824622238,True,26,5000
0.9,24,-648.4419911111173,0.4692713734567901,0.7502088102803438,0.26410089144569326,0.6644918449731159,True,26,5000
0.8,24,-675.4914311111243,0.490807600308642,0.2726952628178322,0.03754116481370362,0.6663838152599214,True,26,5000
0.7,24,-685.80762666668,0.49717970679012347,0.1095326737312361,0.009581713692920095,0.6666046539151205,True,26,5000
0.5,24,-690.960937142872,0.4998931547619048,0.008560705011607044,0.00034478538542614956,0.6666650815699998,True,26,15000
0.3,24,-691.1994514285863,0.49999980158730156,5.0787847062621705e-05,6.613000813615599e-07,0.6666666648360918,True,26,15000
0.1,24,-691.2000000000149,0.5,-3.03164900590976e-11,0.0,0.6666666666666667,True,26,15000
2.0,24,-335.90245333331086,0.03842206790123457,0.13352435772715884,0.12020382801783261,0.31430529258586615,True,27,5000
1.7,24,-361.1232888889077,0.04210389660493827,0.1624653102605454,0.1720054658431172,0.30693041916203234,True,27,5000
1.5,24,-382.0862755556022,0.04635262345679013,0.198734207197992,0.23581625422953817,0.3060532432626393,True,27,5000
1.3,24,-408.1379733333405,0.05452966820987655,0.2644743733829875,0.38611016389614267,0.295945942968886,True,27,5000
1.2,24,-425.1009422221987,0.0622324074074074,0.33856989133359977,0.5525217634773667,0.2853853425348849,True,27,5000
1.1,24,-448.4628622222341,0.08003587962962963,0.5155793928982233,1.064048750701459,0.24066253228102485,True,27,5000
1.0,24,-508.48819555553763,0.1843025077160494,2.6941373599335443,7.140368601130827,0.2741892650064781,True,27,5000
0.9,24,-648.7193955555612,0.4696103780864198,0.7787228524405245,0.24716551440230106,0.6645351996498303,True,27,5000
0.8,24,-675.5170311111242,0.4908229938271605,0.2703997677563228,0.03698265450961857,0.6663881708144512,True,27,5000
0.7,24,-685.76835555557,0.49715991512345675,0.11193847775821539,0.009763835948276726,0.6666034844313977,True,27,5000
0.5,24,-690.9472000000147,0.49988844246031744,0.008985528888944019,0.0003528259608955864,0.666665044189335,True,27,15000
0.3,24,-691.1993142857289,0.499999751984127,6.34829974179961e-05,8.266015072422306e-07,0.6666666643785126,True,27,15000
0.1,24,-691.2000000000147,0.5,1.0105496686365867e-11,0.0,0.6666666666666667,True,27,15000
2.0,24,-335.57884444441976,0.038139737654320986,0.13400765759946706,0.11884574300240056,0.30773094054056926,True,28,5000
1.7,24,-361.0980266666307,0.042069367283950616,0.16586932249306566,0.1712794310074237,0.31246905283126036,True,28,5000
1.5,24,-382.10216888887123,0.046458680555555555,0.19856601420293304,0.23684236929526747,0.3059380381338519,True,28,5000
1.3,24,-408.35992888891894,0.05477893518518519,0.2660689181042152,0.3784505929487179,0.30866564121892914,True,28,5000
1.2,24,-425.1122666666713,0.062375540123456794,0.3331012139060224,0.5605247791809553,0.27845364471147893,True,28,5000
1.1,24,-448.49283555556553,0.07981797839506173,0.5119055201695369,1.0303689753055245,0.25375093884175415,True,28,5000
1.0,24,-509.0344711110702,0.18383942901234565,2.701261566682357,7.468365291560364,0.26879478605077456,True,28,5000
0.9,24,-648.729937777778,0.46935007716049376,0.7625527771981271,0.2642093555517988,0.6644300510254153,True,28,5000
0.8,24,-675.4351111111235,0.49072542438271605,0.2754649042995222,0.038563890379599286,0.6663762436516931,True,28,5000
0.7,24,-685.7649066666812,0.49715366512345677,0.11110475722846143,0.009769864872425213,0.6666034862690497,True,28,5000
0.5,24,-690.9417371428716,0.4998840277777777,0.009151918727487404,0.00037141087312875243,0.6666649584531472,True,28,15000
0.3,24,-691.1991771428719,0.49999970238095237,7.617741680911019e-05,9.918933940866737e-07,0.6666666639209591,True,28,15000
0.1,24,-691.2000000000149,0.5,-3.03164900590976e-11,0.0,0.6666666666666667,True,28,15000
2.0,24,-335.5278399999466,0.03811327160493827,0.13169473998889694,0.12014547890260635,0.3107704884045823,True,29,5000
1.7,24,-361.1540622221978,0.04184143518518519,0.16375935427380853,0.16834517928467663,0.3104798757359426,True,29,5000
1.5,24,-381.8794133333501,0.04639502314814815,0.19814489520766432,0.23566968822530876,0.30743612727580205,True,29,5000
1.3,24,-407.7975644443915,0.05440574845679012,0.26554874107546084,0.3722845086729713,0.3086721904557319,True,29,5000
1.2,24,-425.17745777777657,0.06235327932098765,0.3356036397561557,0.5513622557948962,0.2908449266158636,True,29,5000
1.1,24,-448.29653333333357,0.07913819444444445,0.4930698353229715,1.01897942960157,0.25155751703090967,True,29,5000
1.0,24,-507.5046222221964,0.1788488811728395,2.720272996858815,7.302888428353052,0.24618918550274926,True,29,5000
0.9,24,-648.2097777777802,0.4680849151234568,0.7861274128266119,0.4606192099899076,0.6635585085981661,True,29,5000
0.8,24,-675.4443911111221,0.4907632330246913,0.27566016374404645,0.0381120810946145,0.6663796428402353,True,29,5000
0.7,24,-685.8117866666814,0.4971810185185186,0.11016463753107693,0.009596839329754558,0.6666045364422555,True,29,5000
0.5,24,-690.9461485714431,0.49988814484126987,0.009120242229578758,0.00034957475902785973,0.6666650586150762,True,29,15000
0.3,24,-691.1997257143004,0.4999999007936508,2.5395377038584243e-05,3.306688789450618e-07,0.6666666657513276,True,29,15000
0.1,24,-691.2000000000147,0.5,1.0105496686365867e-11,0.0,0.6666666666666667,True,29,15000
2.0,24,-335.69319111110815,0.038155208333333336,0.134096452871865,0.12043827190972223,0.3082905652601827,True,30,5000
1.7,24,-361.28231111112524,0.04185459104938272,0.16340337156172893,0.17047044619896307,0.3083337846545474,True,30,5000
1.5,24,-382.0334755555098,0.04635470679012346,0.19681010926648956,0.23297284968221282,0.31396423755391367,True,30,5000
1.3,24,-408.1693155555308,0.05488850308641975,0.26196689748424556,0.38821120601192355,0.2955001293577998,True,30,5000
1.2,24,-425.14588444447764,0.06267334104938271,0.3386915996280932,0.5478183641625227,0.2921187635771255,True,30,5000
1.1,24,-448.3679288888641,0.07905945216049383,0.5119304087265235,1.0292746275712374,0.23553271671491638,True,30,5000
1.0,24,-511.56936888881376,0.19132199074074074,2.920285334030723,7.862441338858022,0.2861517285277615,True,30,5000
0.9,24,-648.3969600000037,0.46898869598765436,0.779386232287658,0.2694448026510621,0.6643578975988211,True,30,5000
0.8,24,-675.4599644444569,0.49079517746913576,0.2716050607602937,0.03702225231377421,0.6663876841976896,True,30,5000
0.7,24,-685.8305600000143,0.49719529320987654,0.11029112291270687,0.00959345090636126,0.6666045790725609,True,30,5000
0.5,24,-690.9448228571571,0.49988908730158726,0.009104381327940954,0.000338407891181447,0.6666651097826997,True,30,15000
0.3,24,-691.1995885714432,0.49999985119047613,3.8091974725650716e-05,4.959893296074824e-07,0.6666666652936969,True,30,15000
0.1,24,-691.2000000000147,0.5,1.0105496686365867e-11,0.0,0.6666666666666667,True,30,15000
2.0,24,-335.67173333329777,0.03818985339506173,0.1348900505864271,0.12012250550368653,0.3117803855998781,True,31,5000
1.7,24,-360.8462222222405,0.04196894290123457,0.1628220921677886,0.16988473219508998,0.31173700146612116,True,31,5000
1.5,24,-381.71431111107404,0.046022878086419756,0.20056056213378062,0.2354218675302926,0.302122481439962,True,31,5000
1.3,24,-408.05176888893993,0.054101273148148145,0.2615170364707511,0.3753434578288229,0.29714416908647534,True,31,5000
1.2,24,-424.93969777778784,0.06271917438271604,0.33456141664220734,0.5500106676090251,0.28949439244820274,True,31,5000
1.1,24,-449.0303466666487,0.08171053240740742,0.5096393479808602,1.1141190836069015,0.24161127817427397,True,31,5000
1.0,24,-510.01807999994963,0.186599112654321,2.9198396794020787,7.761865197015604,0.26543445848832825,True,31,5000
0.9,24,-648.865760000004,0.46979606481481484,0.7679092498764586,0.23745940120026177,0.6646055619053354,True,31,5000
0.8,24,-675.4538488889015,0.49074969135802465,0.2696064859043821,0.03743216968454144,0.6663844183166003,True,31,5000
0.7,24,-685.7369600000138,0.4971434027777778,0.11222046234309796,0.00981000042988559,0.6666031690473664,True,31,5000
0.5,24,-690.9509257143005,0.499890376984127,0.008756609128290115,0.0003391323695787207,0.666665106832528,True,31,15000
0.3,24,-691.1994514285863,0.49999980158730156,5.0787847062621705e-05,6.613000813615599e-07,0.6666666648360918,True,31,15000
0.1,24,-691.2000000000149,0.5,-3.03164900590976e-11,0.0,0.6666666666666667,True,31,15000
2.0,24,-335.44266666673064,0.038000733024691355,0.13447025617282785,0.11763940524648492,0.3185535300881559,True,32,5000
1.7,24,-361.1787555555434,0.041888695987654316,0.16481483417584503,0.16921271331346338,0.3093369704980645,True,32,5000
1.5,24,-381.9349333333141,0.04620142746913581,0.1979556468586789,0.23524771851794662,0.3117769685262337,True,32,5000
1.3,24,-408.00238222223686,0.054214776234567906,0.264895253137209,0.37960664898636165,0.29572293074108447,True,32,5000
1.2,24,-425.2784711111168,0.06281643518518519,0.33615252118730404,0.5739940537808639,0.27525249497551196,True,32,5000
1.1,24,-448.55452444444694,0.07840250771604938,0.5024633219449771,1.0152005905903172,0.24853193616996738,True,32,5000
1.0,24,-508.143253333295,0.18356913580246914,2.662760174834501,7.307448667229082,0.272147223267985,True,32,5000
0.9,24,-648.9756622222243,0.469925,0.7447966270987824,0.21747382455416187,0.6647372855051192,True,32,5000
0.8,24,-675.2516088889032,0.49063121141975313,0.2776172733121029,0.03842087306988429,0.6663771130428835,True,32,5000
0.7,24,-685.77306666668,0.49715567129629634,0.11006414688855824,0.009713231646796114,0.6666038163868431,True,32,5000
0.5,24,-690.9465600000143,0.4998880952380952,0.00902391385453585,0.00035402625851688185,0.6666650386791526,True,32,15000
0.3,24,-691.1994514285863,0.49999980158730156,5.0787847062621705e-05,6.613000813615599e-07,0.6666666648360918,True,32,15000
0.1,24,-691.2000000000149,0.5,-3.03164900590976e-11,0.0,0.6666666666666667,True,32,15000
2.0,24,-335.7363733332909,0.038202314814814814,0.13256023672961545,0.11956406395061729,0.3090176483802881,True,34,5000
1.7,24,-361.11607111111573,0.042025925925925925,0.16443107108073005,0.17015920108932464,0.3133812055349223,True,34,5000
1.5,24,-381.7429511110905,0.046481558641975305,0.198369691771101,0.23785784224737094,0.30385946472186687,True,34,5000
1.3,24,-408.1754488888999,0.054633757716049385,0.2635723956263423,0.3807221295973145,0.30084185550020415,True,34,5000
1.2,24,-424.66776888891656,0.062129745370370366,0.32554695784034426,0.5468471669174385,0.2942665271285876,True,34,5000
1.1,24,-448.5738311111377,0.08019895833333333,0.5110628986683783,1.0673739789492147,0.2310206211875232,True,34,5000
1.0,24,-511.70435555554013,0.1911641203703704,3.017543908422643,8.204862662314815,0.2776115104770902,True,34,5000
0.9,24,-648.3370133333356,0.4691728009259259,0.7612792271851033,0.2462960441615536,0.6645348014264008,True,34,5000
0.8,24,-675.4778666666788,0.4908030092592593,0.2708133171296367,0.03737741662805272,0.6663852833328976,True,34,5000
0.7,24,-685.844675555569,0.49722233796296295,0.10631230349733876,0.008994962511038755,0.6666084037087654,True,34,5000
0.5,24,-690.9421028571571,0.4998868055555556,0.009116658181786383,0.0003564696031155279,0.6666650280560383,True,34,15000
0.3,24,-691.1997257143004,0.4999999007936508,2.5395377038584243e-05,3.306688789450618e-07,0.6666666657513276,True,34,15000
0.1,24,-691.2000000000147,0.5,1.0105496686365867e-11,0.0,0.6666666666666667,True,34,15000
2.0,24,-335.6747022222295,0.038153703703703704,0.1326768618924474,0.12147699111111113,0.30141487981998216,True,33,5000
1.7,24,-361.12005333332735,0.04183962191358025,0.16427150753812508,0.1686473854751675,0.3108542341401799,True,33,5000
1.5,24,-381.77683555560475,0.04631736111111111,0.19712858459163804,0.23640173290123478,0.3045675602246751,True,33,5000
1.3,24,-407.8767466666246,0.05427010030864197,0.263348160651647,0.3777558425919333,0.2987387597707234,True,33,5000
1.2,24,-424.9474133333135,0.06218769290123457,0.3303441025515058,0.5495301825953075,0.28878255843798806,True,33,5000
1.1,24,-448.30080000000544,0.07847253086419753,0.5058067968575272,0.9994536615662798,0.2640188335241691,True,33,5000
1.0,24,-507.24424888883215,0.18089517746913578,2.790259785941897,7.449540545431247,0.24426742133385237,True,33,5000
0.9,24,-649.2339555555575,0.4702590277777778,0.7188800771561903,0.20576629420439474,0.6648385932088721,True,33,5000
0.8,24,-675.3804088889016,0.49072820216049384,0.2736301509737396,0.037852719237623234,0.6663816031650469,True,33,5000
0.7,24,-685.8343822222361,0.4972007716049383,0.11005781713107837,0.009501208681166011,0.6666051636335917,True,33,5000
0.5,24,-690.9558400000137,0.49989176587301587,0.008739282997945944,0.000346028560109346,0.6666650757731343,True,33,15000
0.3,24,-691.1998628571574,0.49999995039682543,1.2698055124255242e-05,1.6533910240923433e-07,0.6666666662089842,True,33,15000
0.1,24,-691.2000000000147,0.5,1.0105496686365867e-11,0.0,0.6666666666666667,True,33,15000
2.0,24,-335.6856355555402,0.038217206790123456,0.13203795288215917,0.11868800664437582,0.3172744927725134,True,35,5000
1.7,24,-360.9281244444535,0.04195586419753086,0.16507938620968665,0.16874453823932878,0.31438833154670687,True,35,5000
1.5,24,-382.0240533333286,0.046436496913580254,0.1976756688043589,0.23633079220621828,0.30561957556348385,True,35,5000
1.3,24,-407.99141333331005,0.05424984567901235,0.26209955169551535,0.38322418992297114,0.2960116155386464,True,35,5000
1.2,24,-425.2550577777294,0.06307743055555555,0.3378142465291525,0.5577777448495371,0.29658558647598965,True,35,5000
1.1,24,-448.34167111110605,0.08042056327160493,0.5181739165115199,1.096851716235659,0.2207548892796597,True,35,5000
1.0,24,-510.8680177777269,0.1870662037037037,2.9565423383944816,7.980059895802466,0.26502872670471367,True,35,5000
0.9,24,-648.8592177777774,0.4697596064814814,0.7429804734639107,0.22575569505319137,0.6646767852629268,True,35,5000
0.8,24,-675.3043733333442,0.49065030864197534,0.28076647493106865,0.03886165301780542,0.6663736981049357,True,35,5000
0.7,24,-685.8217600000135,0.4972021219135803,0.11028320520057598,0.009469784390270877,0.6666053776975945,True,35,5000
0.5,24,-690.9460342857287,0.49988660714285715,0.00915069634154659,0.00037625908165139776,0.6666649378271063,True,35,15000
0.3,24,-691.1998628571578,0.49999995039682543,1.2698047264424487e-05,1.6533910240923433e-07,0.6666666662089842,True,35,15000
0.1,24,-691.2000000000149,0.5,-3.03164900590976e-11,0.0,0.6666666666666667,True,35,15000
2.0,24,-335.6314311111193,0.038136689814814814,0.13310307739039395,0.12126287036651238,0.305657358413725,True,36,5000
1.7,24,-361.0787733332777,0.04199174382716049,0.16501298384553062,0.1704287917191157,0.30847595568610997,True,36,5000
1.5,24,-381.89475555561137,0.04641462191358025,0.19970165367477072,0.23889780436156827,0.30284692756632725,True,36,5000
1.3,24,-408.0396622221763,0.054734413580246916,0.2657481538750244,0.3891420091695683,0.2949374323778008,True,36,5000
1.2,24,-425.04604444443487,0.0627158950617284,0.33194628654169067,0.5594371819158668,0.2897052976072173,True,36,5000
1.1,24,-448.5759466666702,0.0791340663580247,0.5165968231771074,1.0435538416378285,0.2380681529498434,True,36,5000
1.0,24,-507.93918222214745,0.18154517746913582,2.720117948838682,7.401465484567044,0.25815446437602296,True,36,5000
0.9,24,-647.4873244444468,0.4663459104938272,0.8439071278129773,0.7609721511621537,0.6625336276193192,True,36,5000
0.8,24,-675.4390222222341,0.4907563657407407,0.270268052962308,0.03754375747492933,0.6663839619128117,True,36,5000
0.7,24,-685.7667911111245,0.4971640046296297,0.11181435914516108,0.00963258367499823,0.6666042955281235,True,36,5000
0.5,24,-690.9517942857286,0.49989246031746026,0.008838338754382372,0.00032556625859214705,0.6666651686432822,True,36,15000
0.3,24,-691.1995657143005,0.49999980158730156,4.2677137245823645e-05,9.919879317976665e-07,0.6666666639270618,True,36,15000
0.1,24,-691.2000000000149,0.5,-3.03164900590976e-11,0.0,0.6666666666666667,True,36,15000
2.0,24,-335.71306666667454,0.03826253858024692,0.13380225382715277,0.12093302030821315,0.3098193181469371,True,38,5000
1.7,24,-361.47464888887316,0.04207750771604938,0.16272269799343722,0.17130339899489644,0.3082936145287336,True,38,5000
1.5,24,-381.9761955555097,0.04640594135802469,0.1993756944560983,0.23856525665066286,0.3015111328510528,True,38,5000
1.3,24,-408.08442666670095,0.05496392746913581,0.26524517236026873,0.3880974944437845,0.2973863562428025,True,38,5000
1.2,24,-424.9508266666477,0.06189328703703703,0.3349214074622723,0.5469341656121406,0.2815113808272841,True,38,5000
1.1,24,-448.18318222223917,0.07874143518518519,0.500630968533268,1.0249940637205377,0.23917401758784085,True,38,5000
1.0,24,-507.5460444444064,0.17884309413580246,2.5906657606442423,7.1295784201226,0.2574039878137061,True,38,5000
0.9,24,-648.8047466666677,0.4694826388888889,0.7538669536899663,0.26811840792182906,0.6644594581787989,True,38,5000
0.8,24,-675.3124622222344,0.490699112654321,0.27456430188945224,0.03789051864606652,0.6663811586118902,True,38,5000
0.7,24,-685.7890844444579,0.4971744984567901,0.11118307494615944,0.009570138681890432,0.6666046868981866,True,38,5000
0.5,24,-690.9443428571574,0.4998902281746031,0.009183313471213397,0.0003276860290313266,0.6666651587792094,True,38,15000
0.3,24,-691.1997028571573,0.49999985119047613,2.9980663070383333e-05,8.266771267528839e-07,0.6666666643846673,True,38,15000
0.1,24,-691.2000000000147,0.5,1.0105496686365867e-11,0.0,0.6666666666666667,True,38,15000
2.0,24,-335.4042844444368,0.03800281635802469,0.13538883153895792,0.11947254540080599,0.3077619681937478,True,37,5000
1.7,24,-360.85372444447944,0.04168935185185185,0.16499465210738684,0.1673805445896877,0.3139252868625064,True,37,5000
1.5,24,-381.90188444444465,0.04635733024691358,0.1974381028840857,0.23745769163008684,0.30185564549209043,True,37,5000
1.3,24,-408.2422933333548,0.054406558641975314,0.2658283472890779,0.37858314371372775,0.30576398051804454,True,37,5000
1.2,24,-425.1959111111121,0.062446836419753085,0.33191489753842573,0.548249157747485,0.2940166846516361,True,37,5000
1.1,24,-448.6428266666359,0.08081639660493826,0.5318916853015505,1.1232429291986228,0.19053673959045014,True,37,5000
1.0,24,-508.9134755555614,0.1843891975308642,2.62460334831874,7.233199297475997,0.2843751068092948,True,37,5000
0.9,24,-647.9843911111142,0.46565208333333336,0.8660191089544286,1.1849984674554115,0.6615277069897754,True,37,5000
0.8,24,-675.4631822222356,0.49079058641975315,0.2703810113029842,0.03713166659804701,0.6663869363959302,True,37,5000
0.7,24,-685.7587200000143,0.4971577932098766,0.10983555982797923,0.009560296761674485,0.6666047653388731,True,37,5000
0.5,24,-690.9402971428716,0.49988452380952386,0.009334802560867198,0.00037253519274216274,0.6666649537010492,True,37,15000
0.3,24,-691.2000000000149,0.5,-3.36849889545529e-12,0.0,0.6666666666666667,True,37,15000
0.1,24,-691.2000000000149,0.5,-3.03164900590976e-11,0.0,0.6666666666666667,True,37,15000
2.0,24,-335.91685333336113,0.03817978395061729,0.13362659817158828,0.1191377853223593,0.31157714619209487,True,39,5000
1.7,24,-361.2948088889476,0.04206685956790124,0.16321375522445675,0.16966607453350663,0.3110045082293592,True,39,5000
1.5,24,-381.93676444444907,0.04621601080246914,0.19766664295097996,0.23438568497885204,0.30567921828551614,True,39,5000
1.3,24,-407.9281600000173,0.0542769675925926,0.2655346061538663,0.38082276110517516,0.29664709512315846,True,39,5000
1.2,24,-424.87887999995,0.06299625771604939,0.33348912057274,0.5551338150370083,0.29060445856212735,True,39,5000
1.1,24,-448.6605155555419,0.0797502700617284,0.5013021937825034,1.050359272408498,0.24814343804181038,True,39,5000
1.0,24,-511.3128355554766,0.1946815586419753,2.8828043405160315,7.642382816087107,0.31035619090685085,True,39,5000
0.9,24,-648.8138311111206,0.4692086419753087,0.7444692135113242,0.37572442792255245,0.664124838579069,True,39,5000
0.8,24,-675.4257244444549,0.4907256558641976,0.2811517156989869,0.03886115624889941,0.6663741212861795,True,39,5000
0.7,24,-685.9098133333474,0.4972450231481481,0.10770189487537174,0.00917297388669017,0.6666072526616356,True,39,5000
0.5,24,-690.935314285729,0.4998837301587301,0.009393355465565238,0.0003610137869287655,0.6666650060645596,True,39,15000
0.3,24,-691.2000000000147,0.5,1.1228329651517634e-12,0.0,0.6666666666666667,True,39,15000
0.1,24,-691.2000000000147,0.5,1.0105496686365867e-11,0.0,0.6666666666666667,True,39,15000
