T,L,E,Ms,Cv,chi_s,U,periodica,intento
0.1,16,-269.8027428571431,0.49803738839285716,0.030336346947024133,0.020836823182293074,0.6666233500334617,False,3
0.1,16,-269.7981714285716,0.49799832589285714,0.030248693883549997,0.02051851961098805,0.6666239894158261,False,1
0.1,16,-259.10371428571455,0.21664118303571428,0.014708896674164858,0.029524999202816815,0.666335098744909,False,8
0.1,16,-269.7993714285716,0.49801395089285716,0.030696274245656234,0.020611064253799327,0.6666237925087233,False,7
0.1,16,-265.07748571428596,0.06128236607142857,0.01786895919622111,0.06509955038265458,0.6584648460952064,False,11
0.1,16,-257.93268571428587,0.22113783482142857,0.010176423484153927,0.052228283641593265,0.6660924039274128,False,5
0.1,16,-265.05862857142887,0.2476372767857143,0.022228729625339835,0.062383007015309744,0.6661675628441475,False,6
0.1,16,-251.95485714285726,0.17069866071428572,0.00665038267015916,0.04235039540816388,0.6658630372181052,False,9
0.1,16,-246.76531428571445,0.11853348214285714,0.005181825264344297,0.022203647959182504,0.6658771238140999,False,10
0.1,16,-249.51508571428593,0.25041573660714284,0.012486994901905744,0.04577963568241472,0.6662998005515437,False,0
0.1,16,-261.06440000000026,0.0612421875,0.11232636605313925,0.051385111607142875,0.6562073505833759,False,4
0.1,16,-265.04200000000026,0.31039620535714285,0.024507366066472965,0.04064500956634021,0.6664550711551476,False,2
0.1,16,-261.08862857142884,0.12381863839285714,0.016663774243852455,0.018843519610971526,0.6660589713106271,False,12
0.1,16,-252.39337142857158,0.21282589285714285,0.0010364081504121712,0.04950936224492608,0.6660979800313929,False,13
0.1,16,-256.3335428571431,0.16056919642857143,0.010087284454129984,0.08436256377550855,0.6649441156635834,False,15
0.1,16,-254.35000000000036,0.1787064732142857,0.007460937484893291,0.13206747130103835,0.6645041067944081,False,17
0.1,16,-265.06171428571463,0.18617912946428572,0.020244387775392166,0.04423334741707308,0.6660239079223169,False,18
0.1,16,-258.304742857143,0.2975904017857143,0.02919657017628196,0.13747327487244831,0.6657650966584353,False,16
0.1,16,-265.8402285714287,0.31045145089285714,0.02436783674397702,0.03468651068239126,0.6664849746451247,False,19
0.1,16,-263.0836000000002,0.36917466517857145,0.017698508924013364,0.04690551578441671,0.6664938521860069,False,14
0.1,16,-253.6744571428573,0.12959654017857142,0.11114692730416206,0.10495761399873516,0.6633323675744343,False,23
0.1,16,-261.9358857142861,0.08609709821428571,0.009822852013030568,0.2424459534438772,0.6499562410275688,False,20
0.1,16,-269.7986857142862,0.49800223214285716,0.031124325261089318,0.02106632653060103,0.666622844183081,False,21
0.1,16,-258.2905142857145,0.27486328125,0.01754967348119862,0.09295996093754866,0.6660712617714255,False,22
0.1,16,-269.80194285714305,0.4980318080357143,0.030677096947329112,0.020970400988531424,0.6666230684615113,False,24
0.1,16,-259.46428571428606,0.2537924107142857,0.020082110955854656,0.11290209183673738,0.6657903570304412,False,26
0.1,16,-265.0448000000004,0.24805357142857143,0.0232874285870821,0.04988827806123197,0.6662663768430781,False,25
0.1,16,-261.1541142857145,0.0445,0.006865039523518133,0.04554883928571507,0.6552770922033584,False,28
0.1,16,-261.4792571428575,0.2976015625,0.01809978443247928,0.08738743303567276,0.6661261714923941,False,29
0.1,16,-263.46931428571463,0.12405580357142858,0.018891110977392597,0.023175331632652174,0.6659044889785501,False,27
0.1,16,-269.79851428571436,0.49800111607142855,0.03162413776180983,0.021289282525600584,0.666622370619364,False,30
0.1,16,-253.1569142857146,0.21832645089285715,0.006667709178032054,0.004323117825251188,0.6666203623752401,False,32
0.1,16,-244.7592571428573,0.08002790178571428,0.0062712130073805375,0.06799577487244912,0.6611474155488357,False,31
0.1,16,-269.80028571428574,0.4980172991071429,0.030571396683853884,0.020689724968079304,0.6666236241219385,False,33
0.1,16,-251.96971428571462,0.12462779017857142,0.004659566320697194,0.08641431042730296,0.6637884302816678,False,34
0.1,16,-255.14337142857164,0.15422433035714286,0.008274131383245729,0.127865991709184,0.6638690734663583,False,35
0.1,16,-258.8000000000002,0.04296875,3.41060513164848e-11,0.0,0.6666666666666667,False,36
0.1,16,-259.50348571428606,0.24257421875,0.014066682388147452,0.07218969308038226,0.666040633365256,False,37
0.1,16,-257.15274285714315,0.08620424107142857,0.006743713026935437,0.21304330038265373,0.6527795496638458,False,38
0.1,16,-261.9057714285718,0.32239676339285717,0.013861988526286947,0.044632314253796324,0.6664508389764199,False,43
0.1,16,-261.8082285714289,0.23105357142857144,0.02886640814949714,0.14297488520405466,0.6653970408394655,False,39
0.1,16,-249.46617142857173,0.2950279017857143,0.020664586730845255,0.059145328443861445,0.6663188398479529,False,40
0.1,16,-259.3863428571431,0.3353705357142857,2.4506057130054155,1.4949025382653147,0.6596745601715237,False,42
0.1,16,-269.798228571429,0.4979921875,0.031123774226671223,0.021699933035677077,0.6666216031435549,False,41
0.1,16,-255.4339428571432,0.28809765625,0.08801423979605259,2.546539827008907,0.6512167761043286,False,44
0.1,16,-253.2619428571432,0.08025446428571428,1.3790012040658437,0.47132664540816327,0.6273144502559795,False,45
0.1,16,-264.3182857142858,0.29081640625,0.0119452806359277,0.07473098772322828,0.6662306467714678,False,46
0.1,16,-261.9302285714289,0.28162276785714285,0.010196631353664996,0.03591659438775707,0.6664217972133573,False,47
0.1,16,-259.5394285714289,0.1856489955357143,0.00870969386710385,0.06216080277424041,0.6657240121364871,False,49
0.1,16,-265.8230285714288,0.062175223214285716,0.026649988518556707,0.04070095344387625,0.6610926929168264,False,48
0.1,16,-269.8017714285718,0.4980435267857143,0.029570202786999282,0.019441935586783643,0.6666261753463283,False,50
0.1,16,-253.84874285714318,0.1280892857142857,0.022571927286207934,0.03373780612244914,0.6656123802821197,False,51
0.1,16,-269.7953714285716,0.4979709821428571,0.031473774242840584,0.021335701530631468,0.6666222900330114,False,52
0.1,16,-269.80068571428575,0.4980234375,0.03055338775652671,0.02057895089279782,0.6666238476294059,False,54
0.1,16,-261.47857142857174,0.10809988839285714,0.01830277422527615,0.048198162468113814,0.6647208462680592,False,53
0.1,16,-243.55600000000024,0.09677008928571429,0.006565178563278095,0.029686109693876084,0.6652142099778044,False,55
0.1,16,-259.0605714285717,0.22772991071428572,0.0208168367350936,0.08854235969387503,0.6658371416605613,False,57
0.1,16,-253.49897142857174,0.06454352678571429,0.015334408146827624,0.028617471301020103,0.6629256724352615,False,56
0.1,16,-252.27662857142883,0.27953013392857146,0.018866988520471747,0.04414642538261404,0.666386003677959,False,58
0.1,16,-255.15262857142883,0.08124441964285714,0.007007345638498917,0.014609295280614276,0.6656207743014241,False,59
0.1,16,-251.45817142857172,0.26333761160714286,0.021178158166890167,0.07989253746810476,0.6660973323501792,False,61
0.1,16,-258.33085714285755,0.2379877232142857,0.010686096925383025,0.011687917729599206,0.6665596534589566,False,60
0.1,16,-256.7494285714288,0.2221484375,0.5932420599492615,0.1086590401785692,0.6655455106751741,False,62
0.1,16,-249.46502857142892,0.3426981026785714,0.020651729587939368,0.01760823899871866,0.6665892758346263,False,63
0.1,16,-265.04417142857164,0.3103197544642857,0.024094988526712765,0.044220624202786496,0.6664365077494914,False,64
0.1,16,-262.624342857143,0.30208314732142855,0.026393525519097235,0.06594556042731625,0.6663066851978898,False,65
0.1,16,-264.27697142857164,0.06353013392857143,0.017953559944317018,0.040776693239794604,0.6606426263455418,False,66
0.1,16,-245.1405142857145,0.1302109375,0.008948110982487377,0.2509994866071352,0.6590458892591513,False,67
0.1,16,-252.01914285714307,0.2761021205357143,1.5376693558721397,0.08557906170278073,0.6660839749546823,False,68
0.1,16,-253.56491428571448,0.18302232142857142,0.005126280601075449,0.019320331632677323,0.6663843071323705,False,69
0.1,16,-247.9144000000003,0.14339564732142857,0.01335203569965415,0.02537609614158498,0.666068400981686,False,70
0.1,16,-264.7375428571432,0.26795145089285716,0.00891371303737287,0.048326242825247334,0.6663329885118675,False,71
0.1,16,-249.96971428571442,0.1268984375,0.00464170919940443,0.10361957589286597,0.6633120139818333,False,72
0.1,16,-251.55411428571452,0.17136607142857144,0.0069007538172627374,0.006133813775504038,0.6665611906833822,False,73
0.1,16,-249.48788571428594,0.2039609375,0.016411423456474946,0.1856999330357212,0.6646399402389893,False,74
0.1,16,-269.795542857143,0.49796875,0.030492239807244907,0.020799107142863704,0.6666233798343597,False,75
0.1,16,-259.1391428571431,0.23710267857142858,0.009097927295442785,0.029189617346911945,0.666408950859235,False,77
0.1,16,-265.0373714285716,0.18659095982142856,0.025168729575852918,0.025568685427312943,0.6662893581510397,False,76
0.1,16,-269.7980000000004,0.49799553571428573,0.030873437492573423,0.020852627550951297,0.6666232721315963,False,78
0.1,16,-261.0346285714288,0.055920200892857146,0.024995872462341136,0.08419588568239766,0.6527083441154775,False,79
0.1,16,-257.90182857142895,0.179359375,0.014806729592464759,0.010494464285724092,0.6664962313792859,False,80
0.1,16,-269.8013142857147,0.49803292410714284,0.030017182393748947,0.02015575175384754,0.6666247365147446,False,81
0.1,16,-265.1694285714289,0.25301060267857145,0.004411702832385344,0.03078681042726572,0.666430208017754,False,82
0.1,16,-265.8828000000004,0.12237667410714285,0.01760765176186396,0.08361575175382718,0.6641068976454827,False,83
0.1,16,-255.91405714285753,0.20853292410714286,0.01350763265008936,0.01908762675382647,0.6664397312075536,False,84
0.1,16,-254.7423428571431,0.11304631696428571,0.008638927306492404,0.00817901705994828,0.6663411064866218,False,85
0.1,16,-249.57371428571452,0.11572879464285714,0.004015816330138477,0.10407286670918836,0.6626422680195512,False,86
0.1,16,-259.50034285714315,0.18106473214285715,0.01429906122325519,0.07502150510203975,0.6654037178267407,False,87
0.1,16,-261.1631428571432,0.16718861607142857,0.005263998724558404,0.09222544323979953,0.6649768001045251,False,88
0.1,16,-261.05211428571454,0.22061551339285715,0.020921244902183386,0.14562767139667088,0.6651816315244798,False,89
0.1,16,-236.00942857142863,0.10920479910714286,0.0164027742385997,0.03988677853953959,0.6649393105668491,False,90
0.1,16,-262.67662857142886,0.3768973214285714,0.019634845676819165,0.042994260204167745,0.6665132823012125,False,91
0.1,16,-269.7996571428576,0.4980150669642857,0.029678525521603653,0.019908124202814292,0.6666252115683187,False,92
0.1,16,-249.8420000000002,0.15882142857142856,0.30623950894153035,0.09070658163266465,0.6647404634904802,False,93
0.1,16,-269.7976000000005,0.49799776785714284,0.03108703571115256,0.020607665816356757,0.6666237585468918,False,94
0.1,16,-265.8369142857143,0.06243303571428571,0.025556994899034177,0.08016709183673587,0.6555515577198858,False,95
0.1,16,-244.3247428571431,0.10048549107142857,0.011546570149789657,0.1098095503826535,0.6612046202506235,False,97
0.1,16,-265.0266857142861,0.06281138392857143,0.02611468241298098,0.04115803252551009,0.6606763818814614,False,96
0.1,16,-261.8998857142859,0.07242466517857143,0.01460267347965782,0.07155355149872422,0.6583567016763088,False,98
0.1,16,-255.87074285714317,0.3459380580357143,0.01943795407157722,0.0314323652741777,0.6665340183177577,False,99
0.5,16,-263.4806285714285,0.439265625,0.11036627954104006,0.29548423214285435,0.6628939498781019,False,0
0.5,16,-263.57462857142804,0.4404146205357143,0.10878565632697246,0.2873480980548493,0.6630176013803379,False,1
0.5,16,-263.54451428571303,0.44068247767857144,0.10788225301030252,0.26006103172831274,0.6633397917587073,False,2
0.5,16,-262.76119999999355,0.3947706473214286,0.1603875489283837,6.130971772799754,0.6201816315588669,False,3
0.5,16,-263.51839999999856,0.44055859375,0.10781167428581284,0.26019350111606343,0.6633317259387569,False,4
0.5,16,-262.64959999999417,0.37580859375,0.1583594171427194,7.856552518973231,0.5958544121718057,False,6
0.5,16,-263.5576571428565,0.44104799107142856,0.1032416285202089,0.25035616007653516,0.6634701918726473,False,5
0.5,16,-262.57308571427814,0.3864029017857143,0.15297511015342025,5.816506958545915,0.6123488186477712,False,7
0.5,16,-262.38137142856607,0.35944698660714286,0.16352457775496987,9.711087748565049,0.5762054778254065,False,8
0.5,16,-263.63182857142397,0.4408002232142857,0.10505809954042888,0.2745708871173491,0.6631743127475593,False,9
0.5,16,-263.58445714285466,0.4407036830357143,0.10249265387778905,0.26378410698342236,0.6633036120834402,False,10
0.5,16,-262.48057142856396,0.34456082589285714,0.1688199948980582,12.708383257493615,0.5535579798469628,False,11
0.5,16,-263.5807999999992,0.44068582589285715,0.10081923999996434,0.2569050253507612,0.6633709677948713,False,13
0.5,16,-263.50954285714243,0.44035546875,0.11103607709219432,0.26256972433036196,0.6633121991535322,False,12
0.5,16,-263.43,0.43778180803571426,0.12478022321420212,0.5258555444834343,0.6609828378388891,False,14
0.5,16,-263.53554285714307,0.4404760044642857,0.10623365387755257,0.27129019626914896,0.6632118358440039,False,15
0.5,16,-263.44817142857033,0.43997154017857143,0.11270731382683152,0.26014811208546007,0.6633268462557007,False,16
0.5,16,-263.5629714285659,0.4407779017857143,0.10770643346950237,0.2626282085459053,0.6633098990597363,False,17
0.5,16,-263.50120000000044,0.43923046875,0.10499069178581522,0.2736130100446559,0.663131828459431,False,18
0.5,16,-263.50805714285354,0.43995758928571427,0.11284541423492556,0.2825371147959288,0.6630614650586679,False,19
0.5,16,-263.4795428571409,0.4405345982142857,0.10966828244863791,0.26029179783164125,0.6633263434593626,False,20
0.5,16,-263.5713714285692,0.43977734375,0.10633112239816,0.2719461796875038,0.6631807210323006,False,21
0.5,16,-263.5447999999976,0.4401986607142857,0.10883881857080269,0.26741631122449405,0.663232567921896,False,22
0.5,16,-260.11999999998943,0.18324832589285714,0.17734357142876433,10.289808328922195,0.057373118002832846,False,23
0.5,16,-263.4189714285659,0.4354363839285714,0.12111009061254663,0.7531499993622504,0.6592592994314912,False,24
0.5,16,-263.5850285714266,0.44129129464285716,0.10374935489767267,0.24976332334182416,0.6634918857548706,False,25
0.5,16,-263.50194285714036,0.4398978794642857,0.1066676195916898,0.2776621159119941,0.6631316103266027,False,26
0.5,16,-263.4508571428571,0.43993638392857143,0.113597443877552,0.28142953507652635,0.6630678490655512,False,27
0.5,16,-263.5287999999966,0.43990848214285716,0.10956793285731692,0.27751214030611493,0.6631057533859708,False,28
0.5,16,-263.639314285712,0.44053292410714284,0.1038644212244435,0.27315079320790403,0.6631839896298972,False,29
0.5,16,-263.5883999999971,0.44006082589285717,0.1062118260713305,0.2773778824936102,0.6631273405182156,False,30
0.5,16,-262.5622857142822,0.36718638392857145,0.16579420408129408,10.34776562436224,0.5858945973325148,False,31
0.5,16,-262.616857142854,0.37330859375,0.161909845663331,9.1946836796875,0.594007801061488,False,32
0.5,16,-263.5318857142826,0.43983370535714283,0.10623750693844158,0.27820262691328423,0.6630949761939382,False,33
0.5,16,-263.526571428567,0.4405407366071429,0.10916611096968154,0.25053498070789715,0.6634538053346449,False,34
0.5,16,-263.28988571427794,0.42774832589285716,0.13138768729641015,2.021705257493622,0.6513965854272932,False,35
0.5,16,-263.56348571428475,0.44028794642857144,0.10969952443861075,0.2793619234693807,0.663103975025241,False,36
0.5,16,-263.67445714285583,0.44180189732142855,0.10080516280595475,0.24334954065689374,0.6635504874572279,False,37
0.5,16,-263.6186857142843,0.43998046875,0.10236061586738288,0.2811879743303507,0.6630744922637051,False,38
0.5,16,-263.5075428571383,0.4401573660714286,0.11366714673454226,0.27818133864795414,0.663116944062942,False,39
0.5,16,-263.5607428571417,0.44045089285714284,0.10511413423455451,0.26712644387757223,0.663254595499942,False,40
0.5,16,-263.48079999999686,0.439046875,0.1128379900001164,0.3068239821428591,0.6628204204373443,False,41
0.5,16,-260.28337142856657,0.22438504464285713,0.18781782239830136,10.419922894770409,0.2995384200217648,False,42
0.5,16,-263.62508571428214,0.4411551339285714,0.10368766729584422,0.2577936065051034,0.6633687289575804,False,43
0.5,16,-263.0377714285636,0.41411160714285716,0.1398041366835514,3.7941103724489693,0.6402142363973429,False,44
0.5,16,-263.5469142857094,0.4400234375,0.10577418158186447,0.27134462946428073,0.6631863686017418,False,45
0.5,16,-263.5506285714269,0.4408655133928571,0.11059191346930675,0.2519875699936449,0.6634366273747266,False,46
0.5,16,-263.5731999999962,0.4399559151785714,0.10095556321471122,0.26640181744261326,0.6632472997100634,False,47
0.5,16,-263.64399999999813,0.4416635044642857,0.10724403571407493,0.2577060712691406,0.6634009578619963,False,48
0.5,16,-263.5789142857126,0.4404614955357143,0.10685626729627984,0.24556198198341406,0.6635057251291491,False,49
0.5,16,-263.5239428571361,0.4405786830357143,0.1074749713775418,0.2622709998405668,0.6633054100828142,False,50
0.5,16,-263.5927428571395,0.44081473214285716,0.10377167709202695,0.25463335459183156,0.6634001175822595,False,51
0.5,16,-263.4051428571404,0.43907756696428574,0.11335244387760213,0.28907733912626554,0.6629659400703052,False,52
0.5,16,-263.5327428571411,0.44011328125,0.10512181994886305,0.2716116886160762,0.6632031076656766,False,53
0.5,16,-263.59765714285487,0.44006640625,0.10293955709175862,0.2704435904017828,0.6632074166304318,False,55
0.5,16,-263.5794285714271,0.4409732142857143,0.10738481632665753,0.26233479336734433,0.6633058551185479,False,54
0.5,16,-263.5022285714258,0.43918247767857144,0.1073281366836909,0.2956366031568791,0.6629074239951913,False,56
0.5,16,-263.5045714285659,0.440203125,0.11199699489748127,0.27131467857144287,0.6632012708148033,False,57
0.5,16,-263.49719999999996,0.43923046875,0.11405809178540949,0.34834292075893813,0.6623719878729981,False,59
0.5,16,-263.6624571428572,0.4415345982142857,0.10379440566339326,0.2578464764030741,0.6633792774514521,False,58
0.5,16,-263.61382857142524,0.44032645089285716,0.10632344061218646,0.2837032485650468,0.6630817483210705,False,60
0.5,16,-263.3290285714203,0.42098270089285716,0.12467129775541252,3.705267569993623,0.6454872759898631,False,61
0.5,16,-261.99822857142055,0.32214732142857144,0.17530102239788903,13.085323191326523,0.5219464331500785,False,62
0.5,16,-263.47725714285696,0.44045200892857145,0.1111331681631782,0.2667860172193741,0.6632558063969196,False,64
0.5,16,-263.5286857142816,0.44039564732142855,0.1066876783677344,0.2706924870854692,0.6632104964310741,False,63
0.5,16,-263.4998857142839,0.4405357142857143,0.10945910693885708,0.2707503826530484,0.6632187065361662,False,65
0.5,16,-263.5421714285695,0.4392896205357143,0.1027656048981953,0.27724077662627167,0.6631322330750542,False,66
0.5,16,-263.53074285713916,0.43991629464285714,0.11206433959182505,0.27635891262755763,0.6631116738728629,False,67
0.5,16,-263.64765714285414,0.44095758928571427,0.09894379816319088,0.251626846938791,0.6634330638655797,False,68
0.5,16,-263.60657142857167,0.44065066964285715,0.10174611096954322,0.25586841262754945,0.6633908043572481,False,70
0.5,16,-263.2721142857131,0.4279503348214286,0.12564731408133412,1.7799203174425884,0.6532192894038547,False,69
0.5,16,-263.473085714281,0.4390318080357143,0.10325939586732602,0.2719671516262707,0.6631633254583,False,71
0.5,16,-263.6270857142842,0.44078180803571426,0.10821567979564861,0.28021218734056674,0.6631107379582319,False,72
0.5,16,-261.0970285714203,0.25224609375,0.18845146918374667,14.556639090401788,0.36167636570702066,False,73
0.5,16,-263.50919999999815,0.44012779017857145,0.1109043917854251,0.28963079065687225,0.6630074778211081,False,74
0.5,16,-263.4645714285693,0.43979854910714283,0.10939842346942896,0.2762893557079309,0.6631229744051748,False,75
0.5,16,-263.6508571428534,0.44079966517857144,0.10334458673469271,0.2631966567283115,0.6632983076704391,False,76
0.5,16,-261.53108571427674,0.3220496651785714,0.20209865122455994,10.43618147815689,0.5261084096784476,False,77
0.5,16,-263.5947999999973,0.44064285714285717,0.1064063632138641,0.2654918010203886,0.6632576663088605,False,79
0.5,16,-263.53411428571354,0.4411060267857143,0.10612967301017306,0.2553757264030452,0.6634222287718834,False,78
0.5,16,-263.51000000000056,0.4399090401785714,0.10968093749988839,0.2752239335140416,0.6631306505230561,False,80
0.5,16,-263.6098857142804,0.4401138392857143,0.09978454443830742,0.26010015051019764,0.6633254669162876,False,81
0.5,16,-263.5570857142852,0.44057979910714284,0.1090651530098512,0.26423176642219914,0.6632816226818632,False,82
0.5,16,-263.5856571428535,0.44033203125,0.10586785709142532,0.26900404575894754,0.6632149700886942,False,83
0.5,16,-263.63474285713716,0.44143973214285714,0.1022404253062632,0.25855076530612564,0.6634004391228225,False,84
0.5,16,-263.5286285714275,0.4403683035714286,0.11296362239795599,0.28252206632653554,0.663076086442116,False,85
0.5,16,-263.61508571428374,0.44112444196428574,0.10834215836712247,0.26573500876912703,0.6632717304721389,False,86
0.5,16,-263.5702857142817,0.44064787946428574,0.1074497755100765,0.27336290162625687,0.6632161421846682,False,87
0.5,16,-263.4817142857129,0.4397918526785714,0.11322995408181669,0.2864323263711839,0.6630354083152801,False,89
0.5,16,-263.5229714285699,0.4402974330357143,0.10852014775559837,0.2663827855548391,0.6632547945478283,False,88
0.5,16,-263.5930857142795,0.4402834821428571,0.10851675301046271,0.2825822474489996,0.6630681118192658,False,90
0.5,16,-263.4921714285674,0.4396099330357143,0.10625154239801304,0.2701793748405663,0.6631844086271437,False,91
0.5,16,-263.46919999999614,0.4404475446428571,0.11254589178588503,0.26304503762754905,0.6633013232942858,False,92
0.5,16,-263.5013142857061,0.4387578125,0.11171390158165195,0.4497792544642891,0.6618770344425119,False,93
0.5,16,-263.57257142857054,0.4402918526785714,0.10424324489781611,0.26842330851404483,0.6632287430673987,False,94
0.5,16,-263.546114285713,0.4402979910714286,0.10421427301025687,0.259313106505104,0.6633341277031664,False,95
0.5,16,-263.6119428571399,0.44140234375,0.10544669994919786,0.25553012611607073,0.6634062141056465,False,96
0.5,16,-263.50577142856815,0.4397137276785714,0.1093587652549104,0.2954585317283289,0.6629523117041265,False,97
0.5,16,-263.53662857142484,0.44020089285714287,0.10945903668402934,0.2851512117346999,0.6630501913881379,False,98
1.0,16,-199.57114285714286,0.10643526785714286,0.4966986221301113,0.844491882653061,0.3014054638472137,False,0
0.5,16,-263.5032571428542,0.43991127232142857,0.1045891199489688,0.27527646029975017,0.6631606994312907,False,99
1.0,16,-199.27908571428662,0.10080245535714286,0.4821927110204456,0.768178009885204,0.3010170268347139,False,1
1.0,16,-199.50834285714186,0.10613727678571429,0.49442414775509747,0.849260586415816,0.29494079812245,False,3
1.0,16,-199.824914285715,0.10700334821428571,0.503707753877535,0.880926139987245,0.28989063511894053,False,2
1.0,16,-199.90777142857124,0.10309933035714286,0.506138380153061,0.8024824205994898,0.2960521266387932,False,4
1.0,16,-199.50251428571374,0.10208816964285715,0.48690359137751216,0.801910286670918,0.27428300125776317,False,5
1.0,16,-200.07668571428738,0.10456529017857143,0.5112089928061891,0.8509791006855867,0.2781099217846207,False,6
1.0,16,-200.0738285714307,0.10511439732142858,0.49205013693881483,0.8367251096141581,0.2907592477848171,False,7
1.0,16,-199.8150285714294,0.10035267857142857,0.5111250105994429,0.7703038724489795,0.27175654341052136,False,8
1.0,16,-199.08000000000013,0.10273772321428572,0.48042160714288684,0.8276531221301022,0.2730947283936669,False,11
1.0,16,-199.9643428571409,0.10595033482142857,0.490962354897988,0.8376197569355868,0.28071421494726345,False,9
1.0,16,-199.591542857143,0.10264229910714286,0.5144100777551159,0.8467500617825259,0.2384478136162359,False,12
1.0,16,-200.2339428571433,0.10821261160714286,0.49914996382653953,0.9282450662468107,0.27122110808138367,False,10
1.0,16,-199.9313714285698,0.10550111607142858,0.5051220484566272,0.8214807586096935,0.3087314339329432,False,13
1.0,16,-199.29645714285775,0.10558147321428571,0.5050975848979533,0.8456329078443878,0.2883926862002536,False,14
1.0,16,-199.13582857142902,0.10205859375,0.4922398963137766,0.764309205915179,0.3127817359376268,False,15
1.0,16,-199.16805714285528,0.10293917410714286,0.4947257464158099,0.8327731912468108,0.2790115869406471,False,16
1.0,16,-199.0920000000006,0.10057924107142857,0.4942685446428925,0.7645995978954079,0.28753772671075895,False,17
1.0,16,-200.19342857142883,0.10667857142857143,0.517175545599514,0.8712715063775511,0.26367382778910176,False,18
1.0,16,-199.32862857142797,0.10209151785714286,0.47489224488515447,0.758555588010204,0.31243286208844634,False,19
1.0,16,-199.94451428571344,0.104625,0.4935059203954495,0.840124669642857,0.2786825443344716,False,20
1.0,16,-199.66554285714307,0.10254017857142857,0.4978447371300945,0.8193468188775515,0.28300209993241876,False,21
1.0,16,-199.75908571428633,0.10663895089285715,0.5167289967347131,0.8596299099968112,0.28700201511657797,False,23
1.0,16,-199.16685714285668,0.09966071428571428,0.4859724948979931,0.7880908431122453,0.24788877154490296,False,22
1.0,16,-199.19908571428599,0.1015234375,0.5017978538775765,0.7594226004464288,0.31108260295125045,False,24
1.0,16,-200.0414285714295,0.10692633928571428,0.4866399920280742,0.8988512002551023,0.26341312976793296,False,25
1.0,16,-199.96868571428715,0.10392466517857143,0.5045325981633368,0.8273779265784436,0.28375593640314567,False,26
1.0,16,-199.67525714285674,0.10876953125,0.49506689427295214,0.847821888950893,0.3242073337975495,False,27
1.0,16,-199.62291428571402,0.10381026785714285,0.4804901811097011,0.8256463022959184,0.2676433760755228,False,28
1.0,16,-200.18731428571266,0.10544252232142858,0.49630419280609317,0.8571131051498719,0.2805392903462851,False,29
1.0,16,-199.23662857142975,0.10444363839285714,0.4851369913138228,0.79891680731824,0.31125781517691464,False,30
1.0,16,-199.55462857142635,0.10359151785714285,0.485942315867419,0.8262976326530618,0.2749787234476547,False,31
1.0,16,-199.78651428571428,0.10525,0.49687893244896486,0.8815067232142861,0.26428843884903275,False,32
1.0,16,-199.55657142857072,0.09953738839285714,0.5128708469387675,0.7650511287468116,0.28575670718223145,False,34
1.0,16,-199.24942857142864,0.10081696428571428,0.4919369741709545,0.8178164145408164,0.2646586129743058,False,33
1.0,16,-199.87268571428635,0.10690792410714285,0.49524061244900963,0.8632013519610973,0.29446247469668596,False,35
1.0,16,-199.54908571428652,0.10361495535714285,0.5044797846810809,0.80214479559949,0.2943184285822079,False,36
1.0,16,-199.69297142857005,0.10700669642857143,0.49327096774231904,0.8758688188775512,0.26289306844592675,False,37
1.0,16,-199.95920000000206,0.10499832589285714,0.48853046178570025,0.8139070751753827,0.3049649140286088,False,38
1.0,16,-200.04262857142913,0.10412388392857143,0.47839843729587983,0.8241005978954083,0.2830253458228831,False,39
1.0,16,-199.10788571428694,0.09958928571428571,0.4787061410203819,0.7717409681122449,0.284545431829647,False,41
1.0,16,-199.6262285714293,0.10340736607142857,0.48026204488516555,0.8527447675382653,0.2652487965370818,False,40
1.0,16,-199.8482857142866,0.10458537946428571,0.5016367853953909,0.8014514597417093,0.3038364948898181,False,42
1.0,16,-199.9213714285712,0.10338839285714285,0.5153115640816566,0.8217056772959186,0.3058244938745277,False,43
1.0,16,-200.01971428571534,0.10649051339285714,0.506853392538261,0.850544677853954,0.2948612393977461,False,45
1.0,16,-200.41034285714176,0.10362946428571429,0.508969135701534,0.8016640931122447,0.28500768671432997,False,46
1.0,16,-199.33645714285717,0.10324720982142857,0.4628260134694244,0.7752014221141583,0.3075477314825664,False,44
1.0,16,-199.258457142857,0.09925111607142857,0.46255174070154226,0.7231423657525511,0.30681875289845884,False,47
1.0,16,-200.0569142857152,0.10627622767857142,0.501309668163259,0.8874575247927297,0.2771271866724123,False,49
1.0,16,-199.75748571428528,0.10547488839285714,0.472764903877561,0.839426887675383,0.2904782228858849,False,48
1.0,16,-199.96257142857056,0.10417075892857143,0.5019297955994659,0.8252215978954078,0.29615977021529305,False,50
1.0,16,-199.06954285714312,0.10210658482142858,0.4919030728443943,0.7651278997927293,0.29315542537792216,False,51
1.0,16,-199.2708000000015,0.10325669642857142,0.5193578300892341,0.843277479591837,0.2685155394221522,False,53
1.0,16,-199.84371428571535,0.10275669642857142,0.44412664253823664,0.7814150510204083,0.29571314207036803,False,52
1.0,16,-199.9970857142852,0.10214564732142857,0.5008325561097422,0.7953152881855869,0.2968555958904937,False,54
1.0,16,-200.4118285714292,0.10760825892857143,0.518003828456699,0.905698696109694,0.26658890162032856,False,55
1.0,16,-199.91731428571524,0.10613337053571428,0.48707231110975613,0.8558160490274234,0.2933303488971776,False,56
1.0,16,-199.73897142857135,0.10424553571428571,0.5190370583673598,0.8267252181122449,0.28436784898801126,False,57
1.0,16,-199.38000000000028,0.1025703125,0.4908620089285307,0.8019977968750003,0.30208736280012505,False,58
1.0,16,-200.0662285714284,0.10506584821428572,0.4997365270281193,0.8993535328443878,0.26230101499412173,False,59
1.0,16,-199.1172000000009,0.10578627232142856,0.507262058660757,0.8820863551498728,0.2496697417327477,False,60
1.0,16,-199.59622857142966,0.10619754464285715,0.5244042301530385,0.8709867955994897,0.2784085434365484,False,61
1.0,16,-199.71879999999945,0.10519587053571429,0.5117219229464354,0.8690942186702806,0.25187208840728037,False,62
1.0,16,-199.60320000000084,0.10398604910714286,0.4821433528571788,0.8057000439253823,0.293388614923334,False,63
1.0,16,-200.10074285714052,0.1020078125,0.47904687284435,0.8007862879464285,0.2820076189496157,False,64
1.0,16,-199.26291428571602,0.10204575892857143,0.47998819896687905,0.7522091871811223,0.3128425477061253,False,65
1.0,16,-199.4126857142863,0.10189620535714286,0.5125188356632862,0.8028900188137751,0.2862066684961725,False,67
1.0,16,-199.97148571428713,0.10524107142857143,0.4961279846810953,0.838222220663265,0.28936335821032966,False,66
1.0,16,-199.94022857142946,0.09999776785714286,0.49535622301016247,0.8058743290816328,0.25828062405715013,False,69
1.0,16,-199.59862857142772,0.10668303571428571,0.5028164212244519,0.8524238698979594,0.30552874838462396,False,68
1.0,16,-199.45879999999852,0.10033370535714285,0.4935897086607781,0.7793723848852045,0.2677595676457494,False,70
1.0,16,-198.91811428571486,0.10236941964285715,0.4691772003953929,0.778509652742347,0.29266972735923225,False,72
1.0,16,-199.89868571428602,0.1041015625,0.4932289218239987,0.7855817522321429,0.29792636875018963,False,73
1.0,16,-199.95257142857116,0.10531082589285715,0.49469478443882053,0.834160468032525,0.3037070287066238,False,71
1.0,16,-199.97062857142814,0.106953125,0.4864209158673134,0.9492138392857141,0.240986664752886,False,74
1.0,16,-198.90079999999978,0.10455189732142857,0.48929298857146364,0.8651079042570156,0.2707865629253867,False,75
1.0,16,-199.86542857142945,0.10535044642857143,0.4818559563137512,0.839204006377551,0.2969829596618897,False,76
1.0,16,-199.4134857142845,0.10300111607142858,0.5074335753061234,0.8810829014668369,0.23727644084636734,False,77
1.0,16,-199.66537142857163,0.10389397321428571,0.49854723551018765,0.8597568810586735,0.2633237085732797,False,78
1.0,16,-199.1670857142867,0.10335435267857143,0.531518446734708,0.8657388774713008,0.24277866256879455,False,79
1.0,16,-199.85679999999942,0.10636607142857143,0.5198616832143443,0.8408898545918362,0.290898025263155,False,80
1.0,16,-199.10605714285634,0.10408872767857143,0.48079713346936614,0.827053194435587,0.28746319218307914,False,81
1.0,16,-200.04468571428723,0.10432645089285714,0.5028202356632505,0.8165069189253829,0.29268406992757756,False,82
1.0,16,-199.53348571428558,0.10342857142857143,0.48189486102037904,0.7945583278061226,0.3042096377818244,False,83
1.0,16,-199.91622857142826,0.10745926339285715,0.5067975872958357,0.8795141510682392,0.2819238873093042,False,84
1.0,16,-199.84999999999883,0.10565122767857144,0.5521927343750122,0.8647844444355863,0.26819064077836696,False,85
1.0,16,-200.74125714285745,0.10394866071428571,0.49152580632653553,0.8376718609693876,0.28186986143245685,False,86
1.0,16,-199.84571428571456,0.10559542410714286,0.5007475510203392,0.86424868231824,0.28388458169764963,False,87
1.0,16,-199.76314285714247,0.10553794642857142,0.514918086415804,0.8748369438775514,0.2909126931110524,False,88
1.0,16,-199.44439999999952,0.10339285714285715,0.5293865850892416,0.8990352040816321,0.253579946996467,False,89
1.0,16,-199.95382857142968,0.10315736607142857,0.4992441726530501,0.8270820978954081,0.2741917626193592,False,92
1.0,16,-199.0201142857139,0.1045625,0.502658598163265,0.8423299285714285,0.2858653583602656,False,93
1.0,16,-199.6881142857138,0.10458482142857142,0.5261112785204034,0.8624740867346938,0.2776847597252774,False,90
1.0,16,-200.08131428571193,0.10555357142857143,0.48713604682396294,0.7885115510204086,0.3172009241473388,False,91
1.0,16,-200.0517142857149,0.10793582589285715,0.49367017825258586,0.8689937626753821,0.30105470796810296,False,94
1.0,16,-200.03948571428248,0.10343303571428572,0.5010538203954127,0.8648721377551016,0.26029077409285073,False,95
1.0,16,-199.80965714285492,0.10132924107142857,0.5222208857015573,0.7891378568239795,0.2998594218196694,False,96
1.0,16,-199.67754285714236,0.10618917410714286,0.4889283871301302,0.8401645662468114,0.3044530071770434,False,97
1.0,16,-199.54262857142697,0.10391350446428571,0.5102316069387882,0.8113233124202806,0.30811923025434496,False,98
1.0,16,-200.08611428571245,0.10374107142857143,0.4698521932525068,0.8072704706632652,0.3039570752424542,False,99
1.5,16,-161.8854857142877,0.06312220982142858,0.19501485251700185,0.18812179926658157,0.3157937092663985,False,0
1.5,16,-162.4485714285722,0.06185881696428572,0.19052011054420367,0.19003958328018694,0.2960457093831944,False,1
1.5,16,-162.32651428571597,0.0620234375,0.1987133231519225,0.18426555505952386,0.3136131980485696,False,2
1.5,16,-162.03702857142932,0.06205189732142857,0.1941665878458265,0.18690881117134356,0.31401681489608946,False,3
1.5,16,-162.0950285714298,0.061984375,0.19924055232993018,0.18264882142857145,0.3168772054815894,False,4
1.5,16,-162.0675428571435,0.062470982142857144,0.20420080995465165,0.19005938010204076,0.3024676409100594,False,5
1.5,16,-162.05308571428853,0.06101227678571428,0.1946812582709817,0.1824422004676871,0.3069474509024517,False,6
1.5,16,-161.96965714285562,0.06150502232142857,0.18710113967686462,0.18564540343324826,0.30587360640175476,False,8
1.5,16,-162.09325714285686,0.06178013392857143,0.19249434566894605,0.18332822597789122,0.3193079846569187,False,7
1.5,16,-161.7955428571418,0.06138448660714286,0.1950792512244751,0.18154395190263606,0.32078639460960257,False,9
1.5,16,-162.13177142857143,0.06246261160714286,0.19555906102040885,0.18797855606930264,0.31875199662354925,False,10
1.5,16,-162.38097142857077,0.06135825892857143,0.1994931412188205,0.18141070812074833,0.3302662099167133,False,11
1.5,16,-161.97222857142913,0.061002232142857146,0.19444421657595967,0.18390732057823117,0.3057359503070338,False,12
1.5,16,-161.86914285714246,0.0609921875,0.19682598582766608,0.18404204910714275,0.3194636765805269,False,13
1.5,16,-162.3625142857143,0.062193080357142855,0.19095533823128916,0.18826368516156458,0.3243744228583265,False,14
1.5,16,-162.3974857142867,0.0617890625,0.1955489572789146,0.19340109077380965,0.2950126071145206,False,15
1.5,16,-161.90748571428497,0.061779017857142855,0.19517422811226323,0.18663375510204094,0.3168064322337444,False,16
1.5,16,-162.52062857142775,0.061365513392857146,0.1898989040759539,0.18888339237882645,0.2890541208809926,False,17
1.5,16,-161.6855428571423,0.061189174107142856,0.1999074149149591,0.18409402630739793,0.30474102686403404,False,18
1.5,16,-162.1213142857143,0.06189341517857143,0.18756607636620024,0.18254918319515304,0.32061888371622116,False,19
1.5,16,-161.94302857142986,0.06170200892857143,0.19751226185374865,0.18929682716836727,0.29204521876978484,False,20
1.5,16,-162.01108571428406,0.06190569196428571,0.19251232632651888,0.18837387197066335,0.3090186903469426,False,21
1.5,16,-162.07108571428645,0.06237276785714286,0.19093821124717655,0.18854708843537407,0.31254749135852733,False,22
1.5,16,-161.99834285714064,0.062578125,0.19197114602607396,0.1856061011904762,0.3201016363766901,False,23
1.5,16,-162.01994285714414,0.062079799107142855,0.19758688888321607,0.1900944935693028,0.31294245130229414,False,25
1.5,16,-162.00491428571905,0.06199720982142857,0.19467686283446836,0.19155916236181972,0.30179640664343443,False,24
1.5,16,-161.94091428571346,0.06141964285714286,0.18612711362813647,0.1864131539115646,0.2967288244138647,False,26
1.5,16,-161.98039999999992,0.06305078125,0.1975245314682436,0.1921174973958335,0.3170322690590064,False,27
1.5,16,-162.30377142857148,0.06216294642857143,0.2017525745124734,0.1896748078231291,0.29438280334629474,False,28
1.5,16,-162.28800000000163,0.062493861607142855,0.19572457142857047,0.1928002167835885,0.3048265624762925,False,29
1.5,16,-162.21919999999682,0.06152120535714286,0.19463158222223204,0.1908156613520407,0.2929317013229126,False,30
1.5,16,-162.34085714285627,0.062376116071428574,0.19355412570863312,0.19568785693027207,0.2929065482195249,False,31
1.5,16,-162.2745714285706,0.062061941964285716,0.19387050439341794,0.1837868183992346,0.31566644344878847,False,32
1.5,16,-161.85828571428732,0.06105580357142857,0.19610862585034283,0.1816485042517008,0.30763054092853426,False,33
1.5,16,-162.10091428571627,0.06132477678571428,0.18775628823129864,0.18461026594387767,0.3085754541704889,False,34
1.5,16,-162.52268571428675,0.06254743303571429,0.19242700335036034,0.19182960113732977,0.3160321504244191,False,35
1.5,16,-161.97525714285666,0.0626328125,0.1939091355498969,0.18905725744047636,0.32420391100548973,False,36
1.5,16,-162.19217142857258,0.06188002232142857,0.19213798883788513,0.18337673676658164,0.3108751677717613,False,37
1.5,16,-162.27691428571234,0.061904575892857146,0.1962062374376501,0.18023674059311223,0.33472121436504554,False,38
1.5,16,-161.99554285714342,0.061320870535714285,0.19191147344673076,0.18456219339923474,0.314594546446469,False,39
1.5,16,-161.82234285714318,0.062161272321428575,0.19013222856575693,0.18694805224277206,0.31097043508284195,False,40
1.5,16,-161.989600000002,0.06143080357142857,0.20146520904761978,0.18164418282312936,0.3064255857857964,False,41
1.5,16,-162.2236571428558,0.06215122767857143,0.19444688551019831,0.19088586176658162,0.30883840354902925,False,42
1.5,16,-162.28605714285638,0.061115513392857146,0.19205396804988417,0.18134808880739794,0.3159929085860902,False,43
1.5,16,-162.13119999999952,0.06207421875,0.19808956000000913,0.18979309263392863,0.309639897968925,False,44
1.5,16,-162.03777142857166,0.06138783482142857,0.19594946756803389,0.19172528438562925,0.302433115197009,False,45
1.5,16,-162.27931428571404,0.06225502232142857,0.19478082458050494,0.18637554629039116,0.31246604399475153,False,46
1.5,16,-161.74508571428493,0.061940848214285714,0.1962845265249358,0.1859644980867346,0.3142235183219576,False,47
1.5,16,-162.0093714285743,0.06258537946428572,0.18881222848073598,0.18610850292304404,0.32172299016388106,False,48
1.5,16,-162.04868571428602,0.06178738839285714,0.1924153293424019,0.19078647273596944,0.30079280873137904,False,49
1.5,16,-161.98028571428657,0.06125,0.19424039668368526,0.18011800595238103,0.31584485542023955,False,50
1.5,16,-162.21154285714206,0.06205970982142857,0.19620222900226103,0.19310865640943878,0.29648456910517174,False,51
1.5,16,-161.96714285714637,0.06194698660714286,0.19968260983562106,0.18682168999787407,0.30361977222510117,False,52
1.5,16,-162.18280000000075,0.06232700892857143,0.1988046451190447,0.19516155931122436,0.29897771994483135,False,53
1.5,16,-161.827828571427,0.06177845982142857,0.197926750742618,0.18098443617134352,0.3208557974632815,False,54
1.5,16,-162.1149142857134,0.06269587053571428,0.1982237804931957,0.19023489578018715,0.3099989291182734,False,55
1.5,16,-162.13714285714207,0.06200390625,0.19747036281177088,0.18840107775297624,0.30578161073711185,False,56
1.5,16,-162.74948571428547,0.06222042410714286,0.19778049061223,0.19341113940263602,0.30777970587583914,False,57
1.5,16,-162.39874285714203,0.06285212053571429,0.20036277503401026,0.1951994493516156,0.30854460283959384,False,58
1.5,16,-162.45514285714466,0.061601004464285715,0.19922118920067078,0.18635648804209173,0.299555364023498,False,59
1.5,16,-162.23702857142825,0.06193470982142857,0.19635865133787117,0.18906785879039126,0.30858785232975594,False,62
1.5,16,-161.84617142857292,0.061311941964285716,0.1972647910204096,0.18496855649447266,0.3130354830900508,False,63
1.5,16,-162.3116571428565,0.061556919642857144,0.192498752176871,0.1860647268282313,0.31482379453914255,False,61
1.5,16,-162.05777142857156,0.06223549107142857,0.1860714675680318,0.1845319581207483,0.31955278340431403,False,60
1.5,16,-162.08005714285568,0.061296875,0.19447486507368061,0.1851792976190476,0.30420653963344535,False,64
1.5,16,-162.35502857142822,0.06191015625,0.18960406820295678,0.17827283965773813,0.3342021870645727,False,65
1.5,16,-161.73137142857107,0.06107533482142857,0.1927242040759754,0.18794861771896249,0.30628360696875667,False,66
1.5,16,-162.4051999999982,0.061436383928571425,0.1873084848015828,0.18217076764455786,0.3063433519647347,False,67
1.5,16,-162.08651428571196,0.06114174107142857,0.18648898981861825,0.1798190712159864,0.31980638624604374,False,68
1.5,16,-162.45765714285568,0.06302845982142857,0.1922331571372019,0.1961692278380102,0.30470364621431356,False,69
1.5,16,-162.557657142854,0.06261104910714285,0.19233307777211747,0.1897519876169218,0.31399090370878,False,70
1.5,16,-161.95165714285616,0.061993861607142854,0.19493126011339731,0.185441026307398,0.3035873143866509,False,71
1.5,16,-162.0826285714294,0.06173381696428572,0.1932567975283506,0.18452369637542515,0.315802274694742,False,72
1.5,16,-162.01474285714204,0.06140792410714286,0.19139414646259134,0.1884032286883502,0.2933165424391746,False,73
1.5,16,-162.1622857142849,0.06140904017857143,0.1982617369614622,0.18498028140943884,0.30583257546923015,False,75
1.5,16,-162.03285714285698,0.06161830357142857,0.19686149872449554,0.18798860544217688,0.29002352614030535,False,74
1.5,16,-162.23920000000078,0.06190066964285714,0.1919789988889041,0.1835287268282313,0.31409552141956065,False,76
1.5,16,-162.13062857143018,0.062119419642857145,0.18828854990931632,0.18777661968537407,0.31453588453636594,False,77
1.5,16,-162.00714285714287,0.061195870535714285,0.1890650304705256,0.18367662792304418,0.30879413140296075,False,78
1.5,16,-162.17708571428724,0.06217633928571428,0.1859661519217689,0.1867157525510204,0.31904212969217793,False,79
1.5,16,-162.66257142857296,0.06233203125,0.18829113931404132,0.19466296763392849,0.29345083123220406,False,80
1.5,16,-162.22291428571586,0.06130133928571429,0.1918432154138385,0.1873797882653061,0.2970674305404839,False,81
1.5,16,-162.3574285714297,0.061529575892857145,0.19030379804422004,0.18431732987882637,0.30474359033216136,False,82
1.5,16,-162.24685714285746,0.06235602678571429,0.19206364852608557,0.1948342599914965,0.2959268977964572,False,83
1.5,16,-162.25148571428673,0.061779017857142855,0.1928300011281231,0.18621113605442177,0.319135798670241,False,84
1.5,16,-162.0166857142862,0.061772321428571426,0.1944700721995471,0.1957161768707484,0.2861710073280439,False,85
1.5,16,-162.35645714285633,0.061459821428571426,0.19601964487528298,0.17940090901360542,0.3255622304311039,False,86
1.5,16,-162.21868571428362,0.061631138392857145,0.19529740969956164,0.18667063940263606,0.31901095186253026,False,87
1.5,16,-162.21034285714066,0.06156975446428571,0.1866139412641827,0.18530208923256808,0.3129397384558582,False,88
1.5,16,-161.83297142857154,0.06186104910714286,0.19195247772676616,0.18920004118835032,0.3055527591416062,False,90
1.5,16,-162.00217142857164,0.061746651785714285,0.1894487219727997,0.19050433142006806,0.2924629574901402,False,89
1.5,16,-162.25542857142884,0.06187890625,0.19472053911564066,0.18811682775297617,0.3044115777380647,False,91
1.5,16,-162.21017142857076,0.06244252232142857,0.19543791562358592,0.19083834986181972,0.3113047618014143,False,92
1.5,16,-162.30428571428624,0.06256473214285714,0.19428913477891127,0.19096357057823132,0.3046413928360635,False,93
1.5,16,-162.52977142857262,0.06202064732142857,0.18580373899660194,0.19662484688562923,0.2860574447316674,False,94
1.5,16,-162.03885714285647,0.061672991071428575,0.19078317233559497,0.19224041645408155,0.30268301438762035,False,95
1.5,16,-162.22697142857317,0.062131138392857145,0.18977341959183353,0.1870299786883503,0.3092241467335973,False,96
1.5,16,-161.9648000000005,0.06283482142857143,0.19317729333333647,0.197642325680272,0.2854734163850734,False,97
1.5,16,-162.15399999999758,0.06174553571428571,0.19175838988095015,0.18311193112244908,0.3188886977553286,False,99
1.5,16,-162.50102857142912,0.061476004464285715,0.19365339102043638,0.1871301963754252,0.3106912524402071,False,98
2.0,16,-141.88697142857384,0.05288448660714286,0.13254194360969507,0.10393628981983416,0.3163180946718599,False,0
2.0,16,-141.7093714285735,0.05331696428571429,0.13189657718112002,0.10324450191326529,0.3210925837589872,False,1
2.0,16,-141.5690285714334,0.05281529017857143,0.12651098289541096,0.10231221998565049,0.3073261179401864,False,2
2.0,16,-142.27782857143063,0.05330580357142857,0.1295519864668364,0.1063778469387755,0.296339869352636,False,4
2.0,16,-141.93205714285887,0.05284765625,0.13029837142537914,0.10363730831473217,0.30127251300214675,False,3
2.0,16,-142.15011428571543,0.05326953125,0.13580230188456,0.10214470340401782,0.31155261036726845,False,5
2.0,16,-141.91645714285957,0.05320033482142857,0.1333301930994928,0.1006959811463648,0.32678002205369483,False,6
2.0,16,-142.07388571428842,0.053165736607142855,0.13197969117027597,0.10416424071269131,0.3126185998532556,False,7
2.0,16,-142.00685714286072,0.05351841517857143,0.12743138265306087,0.1055117177535077,0.3092831610091198,False,8
2.0,16,-141.8963999999973,0.053200892857142856,0.1353224873437533,0.10287169579081634,0.3111791800777941,False,9
2.0,16,-141.65685714286093,0.05281584821428571,0.13565311535395708,0.10219223070790817,0.3060448153370615,False,11
2.0,16,-141.97497142857023,0.05304241071428571,0.12944420968112524,0.10015303316326535,0.3292219280497971,False,10
2.0,16,-141.73080000000337,0.05355859375,0.1362120200223167,0.10355032170758927,0.312472555937384,False,12
2.0,16,-142.0416571428591,0.053656808035714286,0.13504551517538843,0.10479733701371169,0.32063213154125336,False,13
2.0,16,-141.90920000000435,0.05344196428571429,0.13401527448660744,0.09923390369897961,0.3347110765170247,False,16
2.0,16,-141.76965714285924,0.05335491071428571,0.12848030624681428,0.10388821173469392,0.3026884917175574,False,14
2.0,16,-141.69194285714562,0.05307924107142857,0.1330311419610979,0.10301993287627553,0.31254440385338733,False,15
2.0,16,-142.02297142857248,0.053029017857142854,0.13257613646683453,0.10567359757653066,0.3028158412559976,False,17
2.0,16,-141.844914285718,0.053931361607142854,0.12877521748724163,0.10512129205197712,0.3188941395624034,False,18
2.0,16,-142.09239999999863,0.052483816964285716,0.1349343185937535,0.10124363835299743,0.3121146432969778,False,19
2.0,16,-141.8314285714312,0.05341294642857143,0.12805805325254838,0.10244217729591831,0.3200627286350667,False,21
2.0,16,-142.02725714285995,0.05335770089285714,0.1296941182110949,0.1017231469626913,0.32311065193554733,False,20
2.0,16,-142.0606857142866,0.05300669642857143,0.13074153748723916,0.10208035140306121,0.30891749917494493,False,23
2.0,16,-141.984057142854,0.05343526785714286,0.1370525419610935,0.10140252168367347,0.325289320278516,False,22
2.0,16,-141.9642285714317,0.05286886160714286,0.13343986646684058,0.10195080990911987,0.31511924969021343,False,24
2.0,16,-141.8209714285746,0.05305859375,0.12946823122129913,0.10348263867187496,0.31088484636829117,False,26
2.0,16,-141.609885714288,0.052776785714285714,0.1325330072417117,0.10064430102040822,0.31499842502177233,False,25
2.0,16,-142.06342857143002,0.05258203125,0.13330459789541038,0.10214323465401787,0.3075787249509403,False,27
2.0,16,-141.96474285714385,0.05308314732142857,0.12937974588966838,0.10353242087850772,0.3045073151936213,False,28
2.0,16,-141.65302857142945,0.05308872767857143,0.13074484316326362,0.10556205257493623,0.288717470449117,False,30
2.0,16,-142.22160000000065,0.05285491071428571,0.13484316044642952,0.1032012653061225,0.3063405842211898,False,29
2.0,16,-141.60628571428688,0.05275502232142857,0.13428080963010203,0.10174380703922198,0.310930354443693,False,31
2.0,16,-141.87279999999961,0.053056919642857144,0.13452607437499964,0.10242976387117342,0.3146728154069899,False,33
2.0,16,-141.95457142857003,0.053547991071428575,0.1339500158641549,0.10220209805484687,0.3237275351032213,False,32
2.0,16,-141.75222857143157,0.052615513392857145,0.13281942316326578,0.10070522285554845,0.3159014090704071,False,35
2.0,16,-141.79948571428568,0.053285714285714283,0.12809308009885356,0.10569602423469393,0.3068864756077444,False,34
2.0,16,-141.67857142857258,0.052432477678571426,0.13842265425701328,0.10248944989636483,0.304227715116983,False,36
2.0,16,-141.91228571428624,0.05322321428571428,0.13026049992028632,0.10143146619897964,0.3135397651914321,False,37
2.0,16,-142.54394285714355,0.05322767857142857,0.1256475116039546,0.10418704336734691,0.30456259227290894,False,38
2.0,16,-142.1744571428572,0.053080357142857144,0.12941936285396594,0.10321570471938774,0.3056107697692597,False,40
2.0,16,-142.0625714285731,0.05298381696428572,0.13055427925701935,0.10115609817442595,0.31974865013072895,False,39
2.0,16,-141.92948571428997,0.053171875,0.1283408139158162,0.10224168303571429,0.31737837238928324,False,41
2.0,16,-141.6744571428615,0.05345368303571429,0.13372643874681245,0.10456323656728317,0.31226261490730534,False,42
2.0,16,-141.7542857142899,0.05325892857142857,0.1298693431122473,0.10177337372448986,0.3184236379716615,False,43
2.0,16,-141.9924571428578,0.05323828125,0.132134408724486,0.10209807840401786,0.31996082647350155,False,45
2.0,16,-142.367028571433,0.05324888392857143,0.1324168178284424,0.1047585266262755,0.2989559440376711,False,44
2.0,16,-142.20142857142804,0.053198102678571425,0.12808325693558587,0.10465439409279342,0.31732644443168534,False,46
2.0,16,-141.75628571428675,0.05305133928571429,0.13298822313456782,0.1028738590561224,0.31956777035519623,False,47
2.0,16,-141.68680000000376,0.053189732142857146,0.1318046289508885,0.10366486543367343,0.31075464624067706,False,48
2.0,16,-141.9664000000021,0.05331529017857143,0.13009528142857718,0.10525814409279333,0.3076181567318307,False,50
2.0,16,-142.0833142857161,0.053497209821428575,0.12744576605867408,0.10412361730707903,0.31819799554159844,False,49
2.0,16,-141.70297142857157,0.05343582589285714,0.13469254718112111,0.10194483223054851,0.31530420301831186,False,51
2.0,16,-141.9838857142907,0.053406808035714286,0.12975479105868004,0.10372169862085456,0.312875923996761,False,52
2.0,16,-142.1989142857146,0.053180245535714286,0.13400227563456824,0.10425189728156886,0.30341466430161734,False,53
2.0,16,-142.07234285714426,0.053189732142857146,0.1312880141709165,0.10267435204081626,0.3192725364759612,False,54
2.0,16,-142.2382285714314,0.05240122767857143,0.13123026925701353,0.1024071106106505,0.30000028763830966,False,55
2.0,16,-141.90382857143166,0.05348325892857143,0.13245005264987597,0.10464417394770409,0.30593537016267924,False,57
2.0,16,-142.31411428572122,0.0531484375,0.13753759563456924,0.10159914843750001,0.3222890204268948,False,56
2.0,16,-142.02337142857098,0.052871651785714284,0.13042127461415376,0.10139825749362252,0.30995237346738913,False,59
2.0,16,-141.75851428572307,0.05277734375,0.13089715855868178,0.09866103599330361,0.32631216282135356,False,58
2.0,16,-142.05777142857204,0.052802455357142855,0.13241149514987427,0.10325889333545923,0.30225566579054464,False,60
2.0,16,-141.98451428571929,0.05267410714285714,0.13188514527742612,0.1047813431122449,0.30006446725748304,False,61
2.0,16,-141.7702285714323,0.05278683035714286,0.13113221479272497,0.10555991565688777,0.29997089127091225,False,62
2.0,16,-141.67337142857383,0.05261662946428571,0.13210670709183603,0.10364275665656886,0.3013424624276043,False,63
2.0,16,-142.3563999999994,0.05340122767857143,0.12992919270089232,0.10302287846779334,0.32101830949096244,False,64
2.0,16,-141.90982857142805,0.053204799107142854,0.13203487218112286,0.10282435231983422,0.3197606696960087,False,65
2.0,16,-142.31948571428757,0.0529765625,0.13241409349170397,0.1013993002232143,0.3157394181194645,False,66
2.0,16,-142.08348571428877,0.05303013392857143,0.1361710729559924,0.10705018734056126,0.3025005738054488,False,67
2.0,16,-141.9499999999988,0.052714285714285714,0.13604767020089525,0.10237997066326532,0.31290400398317175,False,68
2.0,16,-142.00811428571635,0.05364620535714286,0.12621788213010632,0.10636902279974492,0.3088270054194582,False,69
2.0,16,-141.89137142857325,0.05258816964285714,0.1314188558641618,0.10226344690688782,0.30591887887231406,False,70
2.0,16,-142.03434285714104,0.05298046875,0.1313501651753839,0.1033270694754464,0.307395781999952,False,71
2.0,16,-141.8222857142831,0.05335435267857143,0.13623259534438148,0.10249823337850766,0.31895990781354133,False,72
2.0,16,-142.00765714285924,0.05329185267857143,0.12825221952806132,0.10192952802136479,0.31536705614700766,False,73
2.0,16,-141.94628571428424,0.05315345982142857,0.12510539668367215,0.10637818873565047,0.28729135373639536,False,74
2.0,16,-142.05874285714336,0.05308203125,0.1310189515816269,0.10437124804687498,0.3118771691332384,False,75
2.0,16,-142.04948571428963,0.05377511160714286,0.1348416264158132,0.10355388133769133,0.3080829241643719,False,76
2.0,16,-141.97554285714315,0.05306640625,0.1256457105102058,0.10074035295758926,0.311154802381131,False,77
2.0,16,-142.10257142856995,0.05341685267857143,0.13470881050701067,0.10558100569993617,0.3056740264785691,False,78
2.0,16,-142.04205714286,0.05378794642857143,0.131148942295912,0.10585066390306119,0.3125691357952598,False,79
2.0,16,-142.30182857143294,0.05338225446428571,0.13266036503826228,0.10436814728156896,0.31170236730299605,False,80
2.0,16,-142.0485142857142,0.05289453125,0.12920276849170875,0.10007428376116068,0.3193116847964562,False,81
2.0,16,-141.80645714286226,0.05338783482142857,0.1341830396396695,0.10362726239636477,0.32841482291820345,False,82
2.0,16,-141.8704571428589,0.053755580357142854,0.12690216106824082,0.10778392458545921,0.29461276974921535,False,83
2.0,16,-141.93954285714634,0.05383761160714286,0.13622723417091365,0.10367010008769134,0.3237500858249761,False,84
2.0,16,-141.99680000000367,0.05353738839285714,0.13372396321429036,0.10335217151626275,0.30820964810998985,False,85
2.0,16,-142.0976571428567,0.052959821428571426,0.13536740535396063,0.10421391836734695,0.3074824901566334,False,87
2.0,16,-141.56337142857123,0.05365234375,0.13366027461416152,0.10044905831473216,0.3194401209382518,False,86
2.0,16,-141.79828571428754,0.05313950892857143,0.13015370248724523,0.10347620073341834,0.3150993547941805,False,88
2.0,16,-141.39765714285954,0.05344977678571428,0.1309437446396693,0.1035488869579082,0.3232775027554279,False,89
2.0,16,-141.33948571428272,0.05304520089285714,0.13306945956313498,0.10338328089126275,0.31389560006525774,False,90
2.0,16,-141.62862857143364,0.05300558035714286,0.13231382014987503,0.102895161192602,0.3134315686163247,False,91
2.0,16,-141.85645714286073,0.053811383928571425,0.1283767087244918,0.1016534239477041,0.324197840231361,False,93
2.0,16,-141.65702857143222,0.05273381696428572,0.13334209182398382,0.10130301335299746,0.30501013723038495,False,92
2.0,16,-141.86274285714694,0.05336886160714286,0.12691682524234338,0.10474032330197697,0.30703283146620997,False,94
2.0,16,-142.17840000000314,0.05267689732142857,0.13231307116070568,0.10406933159279341,0.29965969688992344,False,95
2.0,16,-141.99577142857427,0.053467075892857145,0.13032471468112306,0.10427224294483411,0.32293769241480297,False,96
2.0,16,-142.351257142856,0.05365792410714286,0.1310691307111007,0.10345388133769129,0.33262151968354936,False,98
2.0,16,-142.07365714286084,0.05344977678571428,0.13267356338966607,0.10431730213647966,0.3157432204033962,False,97
2.0,16,-141.92257142857494,0.05322098214285714,0.13223756050701851,0.10202884311224492,0.32049678155177996,False,99
2.5,16,-126.96817142857694,0.04940848214285714,0.09947816683877476,0.07272622448979597,0.3114552790451286,False,0
2.5,16,-127.2769142857202,0.04938058035714286,0.10156218833469324,0.07164106823979592,0.3101993014149875,False,1
2.5,16,-127.65068571429354,0.04898381696428571,0.09931563720612417,0.06968055353954083,0.3155967152117153,False,2
2.5,16,-126.68628571428664,0.04922377232142857,0.10091531816326552,0.07147682777423472,0.3141397439006075,False,3
2.5,16,-127.37040000000376,0.04866183035714286,0.10090516668571581,0.06832440038265304,0.3222103237573808,False,5
2.5,16,-127.08817142858207,0.049641741071428575,0.105242655410201,0.07277060701530612,0.30831022934140073,False,4
2.5,16,-127.44011428571378,0.048861049107142854,0.10232150856326598,0.06904765685586738,0.3205450895952251,False,6
2.5,16,-127.49405714285976,0.04953627232142857,0.09885272792653155,0.07252722063137758,0.30997278070355494,False,7
2.5,16,-127.21085714286393,0.04908482142857143,0.1016994977551019,0.07052539540816327,0.30757598652391493,False,8
2.5,16,-127.7285142857142,0.04938671875,0.09877472040612474,0.06995822700892851,0.3080865419636495,False,9
2.5,16,-127.0370285714271,0.04918359375,0.10480377162448803,0.07127411450892858,0.30913229394385755,False,10
2.5,16,-126.86662857143375,0.048690290178571426,0.09896185396734836,0.06923376884566328,0.3135944447845316,False,11
2.5,16,-126.91662857143521,0.049641183035714284,0.10001865575306283,0.07022293211096944,0.32960455010878975,False,12
2.5,16,-127.35617142857424,0.04917578125,0.10262674226734816,0.06863405200892858,0.3231046464218099,False,13
2.5,16,-126.93548571428525,0.0496171875,0.09991348440612341,0.07279695803571432,0.3117766450110485,False,15
2.5,16,-127.19405714286471,0.049382254464285714,0.10171800649796069,0.0704047178252551,0.32075415358411685,False,14
2.5,16,-126.9846285714244,0.048995535714285714,0.103209795181632,0.06953284438775512,0.3175621828422813,False,16
2.5,16,-126.98840000000165,0.04956808035714286,0.10597120161428734,0.06960509323979594,0.3194271633689958,False,17
2.5,16,-127.53142857142676,0.04913337053571429,0.10097603265306133,0.07205474461096939,0.29902094136925983,False,18
2.5,16,-126.69851428571886,0.04900390625,0.103811477191839,0.0705124609375,0.30422745323994627,False,19
2.5,16,-127.60034285714212,0.04857310267857143,0.1029070856408191,0.07182012598852042,0.29556014325774005,False,20
2.5,16,-127.56542857143714,0.04930078125,0.10140438158163079,0.07309542700892853,0.2922464496663557,False,22
2.5,16,-126.79308571428774,0.04916183035714286,0.10033595583469491,0.07134797181122447,0.3136211948340917,False,21
2.5,16,-127.55497142857374,0.04862667410714286,0.1014998184816318,0.0702302193558673,0.30597360641936766,False,23
2.5,16,-127.09902857143047,0.049171875,0.10672169941020115,0.07039950714285714,0.3092336120204223,False,24
2.5,16,-126.85480000000555,0.0488671875,0.1040759659571404,0.07060832589285715,0.31075999536763377,False,25
2.5,16,-127.16262857143757,0.04914564732142857,0.09721906996734787,0.07089190813137757,0.30686793980785676,False,26
2.5,16,-127.54228571428797,0.048533482142857146,0.10400546102040494,0.06915941377551019,0.31160890711585054,False,27
2.5,16,-127.56034285714723,0.049484375,0.09952701706939024,0.07275723928571431,0.29760476663492663,False,28
2.5,16,-127.54222857142562,0.04905189732142857,0.09990012832448883,0.07067478313137761,0.311333848041628,False,29
2.5,16,-126.68794285714876,0.048831473214285714,0.1013043662836742,0.07048169528061221,0.30958472242011126,False,30
2.5,16,-127.51154285714803,0.04940848214285714,0.10216202386938904,0.07059318877551024,0.3155120154031148,False,31
2.5,16,-127.23760000000632,0.049459263392857146,0.09984585925714327,0.07244581757015305,0.31146632197835933,False,32
2.5,16,-127.24908571428611,0.04897265625,0.09724422269183719,0.07138357522321424,0.3060388675162302,False,33
2.5,16,-127.38371428571884,0.04876171875,0.1016704056632625,0.06988079843749997,0.31059626522590544,False,34
2.5,16,-127.2438285714327,0.04956584821428572,0.10042829941020613,0.07387641313775509,0.29245411913477515,False,35
2.5,16,-127.68651428571224,0.04908872767857143,0.09924592204897976,0.07104483134566326,0.3175287659348114,False,36
2.5,16,-127.07000000000302,0.049402901785714284,0.10200453750000066,0.07071840242346941,0.31279442375399524,False,37
2.5,16,-126.92822857143197,0.04881361607142857,0.10639178053877572,0.06948881772959185,0.3049725100729994,False,38
2.5,16,-126.97079999999994,0.049479910714285716,0.10194329567143086,0.07138239081632651,0.3086588089427267,False,39
2.5,16,-127.2396571428621,0.04902678571428572,0.10492435992652986,0.07090711938775507,0.3104464542018509,False,40
2.5,16,-127.47034285714142,0.04929520089285714,0.09920310742652873,0.07106248185586739,0.3149216472473677,False,41
2.5,16,-127.38291428571664,0.04967466517857143,0.1005728461204103,0.0698020634885204,0.32578998983367413,False,42
2.5,16,-127.18382857143636,0.04871261160714286,0.09853187941020337,0.07162899078443874,0.3028088313989248,False,43
2.5,16,-127.37868571428831,0.04913839285714286,0.09912485892040764,0.07127630306122446,0.30704702122630256,False,44
2.5,16,-127.0975428571462,0.04904966517857143,0.10068233908367233,0.07214140277423468,0.30704678657343265,False,45
2.5,16,-127.21251428571354,0.04884375,0.10027154497754964,0.0683901535714286,0.3200281313768888,False,46
2.5,16,-127.79348571429398,0.04935993303571429,0.0967519734775533,0.07187193211096936,0.3129378106760521,False,47
2.5,16,-127.14680000000554,0.049229910714285716,0.10211813109999753,0.06965846938775506,0.3210691433455569,False,48
2.5,16,-127.24274285714125,0.04932421875,0.10111211529795923,0.07182033415178571,0.2998172160598225,False,49
2.5,16,-126.90737142857893,0.049336495535714286,0.09863303746734686,0.06847978568239795,0.3207147999120159,False,50
2.5,16,-127.089542857147,0.04890234375,0.10067278879795935,0.07172800736607146,0.2992052901541341,False,51
2.5,16,-127.39731428571574,0.04874274553571428,0.0967798240632635,0.06761889639668368,0.3188587618078469,False,52
2.5,16,-127.09645714285851,0.04849274553571428,0.10421544215509926,0.06947687496811228,0.3088007851743443,False,53
2.5,16,-126.96057142857308,0.04943247767857143,0.10512022836734673,0.071838492059949,0.30758401315257244,False,54
2.5,16,-127.3168571428626,0.04938616071428571,0.10256527954081548,0.0709323979591837,0.31893395179620376,False,55
2.5,16,-126.83137142857323,0.049516183035714284,0.10132034203877538,0.07091446782525512,0.3221363980495284,False,56
2.5,16,-127.3656571428635,0.049044642857142856,0.105722434283673,0.06943403877551023,0.32155518716119313,False,57
2.5,16,-127.06457142857515,0.04926395089285714,0.10180379408163276,0.06914126399872447,0.32544465434265,False,58
2.5,16,-127.12462857143088,0.0491328125,0.09813154946734585,0.07152799375000006,0.3110600619559264,False,59
2.5,16,-127.03925714286373,0.04946651785714286,0.10218960822653003,0.07020157091836735,0.3198321523716331,False,60
2.5,16,-127.35245714285743,0.049122767857142854,0.1012725587265345,0.07055584234693879,0.3164038154198595,False,61
2.5,16,-127.16760000000538,0.048953125,0.10201858675714334,0.06689929285714284,0.3320857683811861,False,62
2.5,16,-127.08765714286405,0.04925111607142857,0.10218096906938627,0.0705223034438776,0.3222745628444461,False,63
2.5,16,-127.19548571428204,0.048658482142857146,0.10157583012040731,0.06986133877551018,0.2971651297156589,False,64
2.5,16,-127.29457142858217,0.04888169642857143,0.10197285301020315,0.07071800969387754,0.3154099670594043,False,65
2.5,16,-127.03022857143098,0.04927064732142857,0.10086900032448966,0.06986298313137755,0.3189131170642513,False,66
2.5,16,-127.51011428571775,0.04921372767857143,0.09492087892041128,0.07029548848852044,0.31990715249069357,False,67
2.5,16,-127.47622857142808,0.04916183035714286,0.09767325396734805,0.07048725752551017,0.3086023545763463,False,69
2.5,16,-126.93091428571937,0.04906919642857143,0.09968827412040923,0.06989762040816326,0.3168255969326933,False,70
2.5,16,-127.38874285714658,0.048843191964285715,0.09995369222653266,0.06914060175382652,0.3145681842336322,False,68
2.5,16,-127.17594285713915,0.04925167410714286,0.09956448114081581,0.07082895149872447,0.31634847349826556,False,71
2.5,16,-127.33754285713947,0.04919810267857143,0.10393764765510469,0.07403687598852042,0.2923965346825179,False,72
2.5,16,-126.88931428571767,0.049128348214285716,0.10063662863469404,0.07015059170918368,0.31337131421877606,False,73
2.5,16,-127.04600000000482,0.04953627232142857,0.0991107060714296,0.0706044527742347,0.32157935525548487,False,74
2.5,16,-127.02754285714366,0.04928794642857143,0.10044515444081867,0.07000915255102043,0.3208702384142712,False,75
2.5,16,-126.9652571428613,0.04932087053571429,0.1003845884408156,0.07066486961096939,0.3137570144320896,False,76
2.5,16,-127.44177142857353,0.04893024553571428,0.09770365232448854,0.07111589639668368,0.30655673363197955,False,77
2.5,16,-127.69914285714239,0.04954799107142857,0.10275181382652818,0.07241434630102042,0.30818305093623743,False,78
2.5,16,-127.33120000000041,0.04949274553571428,0.10489589874285571,0.07088244639668369,0.3135477873555047,False,79
2.5,16,-127.1815999999957,0.04901171875,0.09666301697142898,0.07026083415178573,0.30220763474961343,False,80
2.5,16,-127.52417142857513,0.04934207589285714,0.09964724912448787,0.07155375507015309,0.32053705524576714,False,81
2.5,16,-127.18068571428748,0.04873325892857143,0.10785288113469846,0.06937452487244898,0.3133662106238325,False,82
2.5,16,-126.77554285715132,0.04895591517857143,0.10360174044081759,0.06896216705994895,0.31802872932924353,False,83
2.5,16,-127.39788571428451,0.04873716517857143,0.09777479720612291,0.06785093848852042,0.3111862602021992,False,84
2.5,16,-127.2024571428634,0.04944810267857143,0.10429795336938696,0.06992224741709184,0.3207347908799534,False,85
2.5,16,-127.22388571428371,0.04931808035714286,0.10268770056326502,0.07057497181122448,0.321830113939222,False,86
2.5,16,-127.04102857142756,0.049546875,0.10601491933877924,0.07116361785714287,0.3139938694859177,False,87
2.5,16,-126.86120000000263,0.04912723214285714,0.10328164481428644,0.07058101734693878,0.3120366846968836,False,88
2.5,16,-126.82645714285701,0.04886495535714286,0.0999262339408142,0.07053602181122445,0.31202847978844517,False,89
2.5,16,-127.0114857142864,0.04929743303571429,0.10068471754898155,0.0701203035395408,0.3144259504977732,False,90
2.5,16,-126.96799999999892,0.04966517857142857,0.10222053142856907,0.07181441326530616,0.31771160084056593,False,91
2.5,16,-127.10177142857597,0.04896316964285714,0.10294544089592023,0.07065438252551025,0.3120493851950974,False,92
2.5,16,-127.22965714285918,0.04881919642857143,0.1051211217122443,0.0704861525510204,0.30521874960074,False,94
2.5,16,-127.38022857143653,0.04905915178571429,0.10270798425306112,0.0691494452806122,0.326988981996191,False,93
2.5,16,-127.00674285714591,0.04890904017857143,0.10054514301224458,0.07010513313137756,0.31415692432762865,False,95
2.5,16,-127.24120000000092,0.049333705357142855,0.10012138195714555,0.0706689146683674,0.3185068555790346,False,96
2.5,16,-126.7986857142913,0.04968470982142857,0.10461844177755325,0.07081906170280612,0.32184652550760784,False,97
2.5,16,-126.97257142857511,0.049525669642857144,0.10217950122448884,0.07082071109693877,0.3204762426423253,False,98
2.5,16,-127.58165714285948,0.04907756696428572,0.09928174685510271,0.07017264639668364,0.31715672002660433,False,99
3.0,16,-115.57822857142995,0.04672712053571428,0.08282456609835502,0.05277770979485548,0.3125602747268419,False,0
3.0,16,-115.77440000000581,0.04679017857142857,0.08695501317460241,0.054449906887755084,0.29939289836473837,False,1
3.0,16,-115.619771428576,0.04679296875,0.08217026684240539,0.0543374094122024,0.3113513362913859,False,2
3.0,16,-115.30394285713626,0.04630133928571428,0.08237881269699601,0.0536091947278912,0.3083252842013461,False,3
3.0,16,-115.57034285714406,0.04710212053571428,0.08035242579223399,0.053037822890093546,0.31038004976038824,False,4
3.0,16,-115.31691428571494,0.04706919642857143,0.0815913688832192,0.05505035331632653,0.30578161969805806,False,5
3.0,16,-115.56897142857385,0.04675446428571429,0.08059695316184919,0.053008804846938776,0.3101582245095337,False,6
3.0,16,-115.84291428571231,0.046580357142857146,0.0825794784566322,0.05262540433673468,0.31816014418557037,False,7
3.0,16,-115.40605714285851,0.04661383928571428,0.08263053963151792,0.052927959608843556,0.3174258902117649,False,8
3.0,16,-115.98251428571511,0.046618861607142854,0.08138623634353731,0.05283498934417519,0.3180562892218842,False,9
3.0,16,-115.24885714285811,0.04695758928571429,0.08524252547477415,0.05272300425170066,0.31149426632221844,False,10
3.0,16,-115.62245714286355,0.04716629464285714,0.08426854103033084,0.05427884555697282,0.31349506387348824,False,11
3.0,16,-116.12308571428719,0.047171875,0.08096665856576142,0.05340988988095237,0.330469463906754,False,12
3.0,16,-115.73908571428159,0.04665736607142857,0.08104973872449033,0.053578547512755106,0.2955592493291045,False,13
3.0,16,-115.11262857143019,0.047197544642857144,0.0813099307808945,0.05344647948554422,0.3179260394589689,False,14
3.0,16,-116.2762857142851,0.04667857142857143,0.08141973607568155,0.05232892474489792,0.31429113701786826,False,15
3.0,16,-115.4012571428623,0.04706473214285714,0.0812134913775498,0.053591794217687116,0.3187711960554993,False,16
3.0,16,-115.50668571428932,0.046345982142857144,0.08249041710742627,0.05250848469387755,0.3118476614688933,False,17
3.0,16,-115.81771428571304,0.04679241071428571,0.08063063761337869,0.05350648639455783,0.3111029661659461,False,18
3.0,16,-115.29582857142545,0.04631082589285714,0.08379144086026082,0.052358069701318025,0.3142601927480395,False,19
3.0,16,-115.51771428571519,0.04656417410714286,0.08045928344671201,0.05286545362988948,0.3061265279979235,False,20
3.0,16,-115.1069142857125,0.04657421875,0.08118708242488519,0.0533343558407738,0.3083093986767289,False,21
3.0,16,-115.36737142857065,0.04643024553571429,0.08112027205073563,0.05269796425914112,0.3124983424664163,False,22
3.0,16,-115.8684571428595,0.04633984375,0.08362875963151832,0.05243928887648811,0.30001289664413466,False,23
3.0,16,-115.75148571428177,0.0460703125,0.08327310544075948,0.05214080133928567,0.2990203321018394,False,24
3.0,16,-115.76514285714791,0.046809151785714286,0.08490629804421701,0.05336012106717687,0.32020667234687583,False,25
3.0,16,-115.62708571429098,0.04699330357142857,0.08381724110543981,0.05379196045918366,0.30765695816257255,False,26
3.0,16,-115.74622857143224,0.04676841517857143,0.08220057046343499,0.05285970766900512,0.3127327481923512,False,27
3.0,16,-115.88817142857084,0.04673549107142857,0.07951678451105298,0.05484990167942179,0.2953414025559592,False,28
3.0,16,-115.44142857143007,0.04651171875,0.08058042570153152,0.052029846912202395,0.32192478285742665,False,29
3.0,16,-115.95885714285451,0.046964285714285715,0.08318462244897912,0.051969929846938746,0.3201509290277952,False,30
3.0,16,-115.36697142856981,0.04658761160714286,0.08277476462017969,0.054095072677508495,0.30801699778246927,False,31
3.0,16,-115.53822857143196,0.04702232142857143,0.08259454427295923,0.05314584141156464,0.3180154963850145,False,32
3.0,16,-115.54525714285974,0.04665792410714286,0.0808860009013625,0.0523655845822704,0.32576466923091096,False,33
3.0,16,-115.46125714286015,0.04644921875,0.08419521657596284,0.05327080226934522,0.30529908903124225,False,34
3.0,16,-115.4477714285771,0.04641294642857143,0.07947918807256116,0.05316444557823126,0.2984489479597807,False,35
3.0,16,-115.86228571428981,0.04650279017857143,0.08380172888321782,0.05494297701424318,0.3009196479419054,False,36
3.0,16,-115.66531428571784,0.04708482142857143,0.08414573774234589,0.05436715093537414,0.307858498351984,False,37
3.0,16,-115.13897142857171,0.046325334821428574,0.08415903823129156,0.0551038683832908,0.288027717732141,False,38
3.0,16,-115.50611428571104,0.04698046875,0.08305092623441052,0.053031974888392876,0.3159520389830768,False,39
3.0,16,-115.52565714285619,0.0469921875,0.08407322618905984,0.05417256324404766,0.3138879294302128,False,40
3.0,16,-115.65120000000061,0.04704910714285714,0.07990902095238066,0.05435083588435374,0.3071871882911257,False,41
3.0,16,-115.1025714285686,0.04667633928571428,0.08260892570152992,0.05150109651360546,0.32433588836282146,False,42
3.0,16,-115.86119999999934,0.04736830357142857,0.08044629104166587,0.05440966581632656,0.3206487015871248,False,43
3.0,16,-115.8200571428654,0.04688560267857143,0.08195216666525024,0.053495340109481274,0.3130254450059107,False,44
3.0,16,-115.50965714285933,0.04648939732142857,0.07915480079223475,0.05475461094281464,0.2956386780701371,False,45
3.0,16,-115.4202285714336,0.046570870535714286,0.08286031842970548,0.05368946574723639,0.3079481866070841,False,46
3.0,16,-115.20605714285608,0.04635491071428571,0.08161184915532813,0.051890236394557844,0.3222087895871021,False,47
3.0,16,-115.7668571428649,0.046955357142857146,0.08230045578231365,0.05483017814625849,0.3063133249606539,False,48
3.0,16,-115.46640000000296,0.04658091517857143,0.08227705464285703,0.0520616302880527,0.3187850604085206,False,49
3.0,16,-115.74605714286261,0.04683482142857143,0.08142294340136008,0.0529269455782313,0.31506003910785607,False,50
3.0,16,-114.93748571428274,0.04628125,0.08405092285147396,0.05320540773809519,0.3026046900233341,False,51
3.0,16,-115.85588571428484,0.04686049107142857,0.08208808888322021,0.05534112786989798,0.2974088361855456,False,52
3.0,16,-115.32788571428601,0.046464285714285715,0.0830862150736959,0.054050337585034004,0.29844809936944905,False,54
3.0,16,-115.76891428571868,0.04673939732142857,0.08119854884353749,0.05331892939519556,0.3184465203108805,False,53
3.0,16,-115.16942857143158,0.046628348214285714,0.08280940586026178,0.05225782940051019,0.31782362419851307,False,55
3.0,16,-115.84560000000288,0.04697265625,0.08219405781746127,0.05376425316220238,0.3068646443923051,False,56
3.0,16,-116.07085714286043,0.046964285714285715,0.08013067800453497,0.05375378401360542,0.3152329620369919,False,57
3.0,16,-115.16542857143024,0.04639787946428572,0.08368683244756249,0.053795492532950684,0.3016521968498621,False,58
3.0,16,-115.05605714285804,0.0468828125,0.08100472737953465,0.0536227626488095,0.3086584842901907,False,59
3.0,16,-116.14142857143095,0.04663225446428571,0.08252785625708646,0.05348213687818881,0.31458807265707656,False,60
3.0,16,-115.9595999999933,0.04663392857142857,0.08116319040674903,0.0544630467687075,0.3020809742035363,False,61
3.0,16,-115.25714285713937,0.04666796875,0.0830353684807245,0.053181424293154755,0.31538180955758277,False,62
3.0,16,-115.28760000000031,0.04689787946428572,0.08415713564484169,0.054295156223426844,0.3065641009362311,False,63
3.0,16,-115.10468571428416,0.04655078125,0.08054750535147154,0.05356264453125004,0.3066743437134455,False,64
3.0,16,-115.7250857142816,0.04660546875,0.07919696893282296,0.05379123381696434,0.3064666834071206,False,65
3.0,16,-115.55165714285177,0.04647433035714286,0.08237620788548759,0.05274894972363945,0.3084267017734803,False,66
3.0,16,-115.16428571428956,0.04643470982142857,0.08221128171060046,0.053517497847576534,0.30965323300440495,False,67
3.0,16,-115.47817142857431,0.04661774553571429,0.08277439140589532,0.05283717259247448,0.318719150121069,False,68
3.0,16,-115.66714285714146,0.04714732142857143,0.08397061277636118,0.053835933673469394,0.30951973669163013,False,69
3.0,16,-115.95039999999544,0.04602734375,0.08399121396825393,0.05381647637648808,0.3026673925764466,False,70
3.0,16,-114.8850857142854,0.04724497767857143,0.08399131218678946,0.05395502314519558,0.3097005834403388,False,71
3.0,16,-115.78742857143128,0.046996651785714286,0.08429911791383343,0.053268082376700665,0.318281473708244,False,72
3.0,16,-115.7820571428618,0.046628348214285714,0.08268313407596474,0.052201653805272086,0.31381214636881005,False,73
3.0,16,-116.04502857143198,0.046809151785714286,0.08145663981859425,0.052713543686224495,0.307665365182617,False,74
3.0,16,-115.90582857142806,0.04670200892857143,0.08283865092970662,0.05394275882227887,0.295752294625085,False,75
3.0,16,-115.13205714285876,0.04618582589285714,0.0820055261890597,0.052138599463222815,0.314024669391063,False,76
3.0,16,-115.20268571428751,0.04676953125,0.08531304250425444,0.05400742131696427,0.30986660638963603,False,77
3.0,16,-115.1375999999975,0.04629296875,0.0829445203174591,0.05157916536458329,0.3134730506559258,False,78
3.0,16,-115.1399428571432,0.04607645089285714,0.0814618571414406,0.05332114261798471,0.29343651015965333,False,79
3.0,16,-115.19788571428508,0.04660825892857143,0.08044228972647242,0.05388046120323131,0.3024269068177474,False,81
3.0,16,-115.6298857142864,0.0464765625,0.08229553496457084,0.05293995014880955,0.3152060765445557,False,80
3.0,16,-115.49874285714799,0.04643247767857143,0.0786617602267583,0.05433801421662413,0.30735396064547604,False,82
3.0,16,-115.20462857143035,0.04653459821428572,0.08213964347930869,0.05195439785289113,0.3190992551565782,False,83
3.0,16,-115.5273714285735,0.046912946428571425,0.07949920855867118,0.0535646092687075,0.30583631183751636,False,84
3.0,16,-115.49451428571582,0.0466171875,0.08468517047052318,0.05210258705357147,0.3179334759771616,False,85
3.0,16,-115.6121714285717,0.046674665178571426,0.08253649324121426,0.05276424635948133,0.3121105140135755,False,86
3.0,16,-115.4521142857128,0.04646819196428571,0.08127969424036428,0.05247899550914118,0.31673119919346615,False,87
3.0,16,-115.43142857142604,0.04677622767857143,0.08571486890589755,0.05265374338329076,0.3220196778384703,False,88
3.0,16,-115.38091428571754,0.046787946428571425,0.08095962364512449,0.05275195748299322,0.3176444597823497,False,89
3.0,16,-115.05800000000286,0.04677845982142857,0.08070744866071461,0.0513092865380527,0.32820503038587967,False,90
3.0,16,-115.75085714286136,0.0463671875,0.08313655102040861,0.05197799479166668,0.3173541976320501,False,91
3.0,16,-115.44045714286014,0.046853236607142856,0.08283528165532851,0.053060413451318025,0.30223131491017863,False,93
3.0,16,-115.21662857143156,0.04692745535714286,0.08175691371740296,0.052224095556972785,0.32362040720575247,False,92
3.0,16,-115.40171428571485,0.046533482142857144,0.08410253840702905,0.052787294217687054,0.30485295215095376,False,94
3.0,16,-114.93839999999898,0.04639676339285714,0.07995371019841081,0.052984389641794194,0.3116108649614825,False,95
3.0,16,-115.75177142857184,0.04700390625,0.08133331585034004,0.054858887090773835,0.30815429330308286,False,96
3.0,16,-115.43160000000292,0.047006138392857146,0.08030547929563407,0.05159916493941326,0.3338364933382495,False,97
3.0,16,-115.35148571428195,0.04692354910714286,0.08362187528202883,0.05380244023703229,0.3105190515323579,False,98
3.0,16,-115.17074285713869,0.04727566964285714,0.0814592316553302,0.05368086936649659,0.3092856442257138,False,99
3.5,16,-106.59948571428612,0.04497991071428571,0.06780384831216157,0.042101794460641405,0.3150723938059521,False,0
3.5,16,-106.37902857142936,0.04501674107142857,0.06907717025301896,0.04290814276603497,0.3061799714466328,False,1
3.5,16,-106.09617142857724,0.04564174107142857,0.06838229124427381,0.04296688001093294,0.31923274299646154,False,2
3.5,16,-105.78417142857172,0.045147321428571426,0.06936327287692617,0.042276575801749275,0.3252832048173705,False,3
3.5,16,-105.81851428572027,0.044972098214285716,0.06756219390253976,0.04303776193513117,0.3054174017096337,False,5
3.5,16,-105.76559999999952,0.045656808035714286,0.07046866055393726,0.042480264007835285,0.3231407218781306,False,4
3.5,16,-105.52920000000346,0.0448046875,0.06772585784985416,0.041988472576530614,0.31533273658540273,False,6
3.5,16,-106.09748571428898,0.045175223214285715,0.06877091999583383,0.04306896601676386,0.30526546601700055,False,7
3.5,16,-105.415085714286,0.044951450892857146,0.06870166212411567,0.041116007448068474,0.32148358499154117,False,8
3.5,16,-105.84531428572183,0.04511941964285714,0.06846686708767281,0.043687196701895054,0.3113359926402879,False,9
3.5,16,-106.19542857142581,0.04508091517857143,0.06825857934193998,0.041911734124453384,0.3233949777322782,False,10
3.5,16,-106.16594285714913,0.04531640625,0.0683934202249071,0.04370449505739793,0.2959777921154644,False,11
3.5,16,-105.55645714285757,0.04505803571428572,0.06937866655143796,0.04349067201166177,0.3042207701445456,False,12
3.5,16,-105.91388571428831,0.04498381696428572,0.06670612656289078,0.04117924742620258,0.3327796651789362,False,13
3.5,16,-106.24639999999853,0.04531305803571429,0.06850622309037899,0.04335009564048832,0.30592202157550297,False,14
3.5,16,-105.9398857142835,0.04531529017857143,0.07154065524364933,0.04346221244077987,0.3086399656788761,False,15
3.5,16,-106.07291428570838,0.04574330357142857,0.06759327553519323,0.04344745845481051,0.3075802794384428,False,16
3.5,16,-106.26485714285731,0.04506305803571429,0.06782896478030032,0.04354956247722302,0.31177737566150143,False,17
3.5,16,-106.0830285714286,0.04485212053571429,0.06902766325593485,0.04149358543640669,0.3233225133886376,False,18
3.5,16,-105.85657142857468,0.0454375,0.07006857132444864,0.04268591071428575,0.3224846936713155,False,19
3.5,16,-106.36657142857361,0.04487779017857143,0.06827626902853012,0.04142045733873905,0.31272277218562927,False,20
3.5,16,-106.0026285714299,0.045217075892857145,0.06762195114951995,0.04282685311133383,0.29684082239567045,False,21
3.5,16,-106.05931428571397,0.044962611607142856,0.06777520466055692,0.0426838709684767,0.31373571721597693,False,22
3.5,16,-106.2310857142849,0.045510602678571425,0.07083393384423242,0.042452964991800304,0.323732235618318,False,23
3.5,16,-105.7364571428574,0.04531696428571429,0.07169031596834728,0.04213080211370263,0.31775814094630095,False,24
3.5,16,-105.85868571428975,0.04557868303571429,0.06798034493023611,0.04386927548742712,0.30606506113870924,False,25
3.5,16,-105.90582857142883,0.04540234375,0.06763071438567297,0.0439088164859694,0.3041858766739096,False,26
3.5,16,-106.05754285714161,0.04484040178571429,0.06830562781237047,0.04130181040451892,0.3204565729319627,False,27
3.5,16,-105.8199428571459,0.04497042410714286,0.07035124343919195,0.04242903678480319,0.31163884487586013,False,28
3.5,16,-105.07748571428593,0.04524888392857143,0.069444280783009,0.04220933409256558,0.32753762940202125,False,29
3.5,16,-106.53325714286254,0.04465513392857143,0.06755626174094048,0.04201424735787174,0.3089201427034821,False,30
3.5,16,-106.37948571428214,0.045422433035714284,0.06643138912848869,0.04355597191599855,0.31472361802706306,False,31
3.5,16,-105.99594285714906,0.045200892857142856,0.06822917113598469,0.04296114249271137,0.3123210808356841,False,32
3.5,16,-106.08320000000262,0.044772321428571425,0.0675493815743432,0.043893772230320725,0.2918525346861147,False,33
3.5,16,-106.50302857142846,0.04531026785714286,0.06476752622969732,0.042981313411078706,0.31470709890956583,False,34
3.5,16,-106.01651428572065,0.04529017857142857,0.06923554714598319,0.04278854774052476,0.31113899453047444,False,35
3.5,16,-105.64559999999878,0.04516071428571428,0.06859707746355592,0.04191483272594754,0.3215080414882122,False,36
3.5,16,-105.57091428571859,0.04531138392857143,0.0687889357757181,0.04289323970481048,0.3109215693205488,False,37
3.5,16,-105.49879999999702,0.045309151785714284,0.06849407388483832,0.042204272139212816,0.3199035100236163,False,38
3.5,16,-105.98337142857146,0.04534095982142857,0.06623133311016223,0.042763301726494146,0.3155873480084924,False,39
3.5,16,-106.20034285714158,0.04550111607142857,0.07098752182840466,0.042037321337463567,0.32756225716962173,False,40
3.5,16,-105.65851428571364,0.04509542410714286,0.07087097815909899,0.043202197499088914,0.2996788003237907,False,41
3.5,16,-106.43594285714086,0.04526004464285714,0.06814323964910417,0.04353213292638485,0.30432868549390113,False,42
3.5,16,-106.21422857142652,0.04490290178571429,0.0666512036640979,0.042055777241253624,0.3121927595335061,False,43
3.5,16,-105.9186857142816,0.04474441964285714,0.06898579974073335,0.04147027323250727,0.31625287242498645,False,44
3.5,16,-105.65565714285411,0.04528683035714286,0.06708270025406106,0.04232603598760936,0.3178218928677641,False,45
3.5,16,-105.83845714285971,0.04501953125,0.06987229807476136,0.04221613919005101,0.3216633431048175,False,46
3.5,16,-106.15051428571273,0.04523883928571429,0.066383198713037,0.04268876129737609,0.3167150718360704,False,47
3.5,16,-105.82062857143131,0.045096540178571426,0.06901573894106672,0.04297353386935132,0.31615097959310345,False,48
3.5,16,-105.80079999999752,0.0452890625,0.0687476820116609,0.04322547002551023,0.30832322979904336,False,49
3.5,16,-105.85925714285095,0.04523828125,0.07241874909516818,0.04264382541454083,0.31461896170565695,False,50
3.5,16,-106.00920000000005,0.04488002232142857,0.07017040303935805,0.042815879532616626,0.30463641955899456,False,51
3.5,16,-106.6664571428592,0.04485044642857143,0.06824981615056216,0.043399818148688034,0.2920224502825519,False,52
3.5,16,-105.39337142856901,0.04548158482142857,0.06995645829237838,0.04317255810404522,0.3059191325458943,False,54
3.5,16,-105.71422857143301,0.044476004464285714,0.0706188931684704,0.04192136477314141,0.30393825466256297,False,53
3.5,16,-106.26279999999888,0.04506529017857143,0.06920038962828107,0.042240523665269675,0.3222235470436997,False,55
3.5,16,-106.2518285714378,0.04494084821428571,0.068546082206373,0.0418252287718659,0.31643376158318215,False,56
3.5,16,-105.63594285714457,0.04466908482142857,0.06941742332257284,0.0415600581040452,0.31592594929224704,False,57
3.5,16,-105.91057142857592,0.04491741071428571,0.06997620343086125,0.041334182215743455,0.32096740219127684,False,58
3.5,16,-105.84988571428718,0.04515736607142857,0.07046981869117057,0.04218216827623907,0.31896160082826175,False,59
3.5,16,-105.90857142856942,0.044981026785714286,0.06986259683465305,0.0421869252004373,0.31914054834245587,False,60
3.5,16,-106.07857142856224,0.044828125,0.06603688710433292,0.042469063775510164,0.3010060252886737,False,61
3.5,16,-105.89931428571333,0.04491908482142857,0.0687862134069142,0.042281249430575825,0.3116263683515844,False,62
3.5,16,-105.98931428571628,0.045328125,0.07354899420137516,0.04195508418367349,0.31613169056487467,False,64
3.5,16,-106.05119999999536,0.044989955357142855,0.06736203580174957,0.04216930384475221,0.3097348944526648,False,63
3.5,16,-105.26611428571879,0.0452734375,0.07109211198563022,0.04113317920918367,0.3316233094284601,False,65
3.5,16,-105.69754285714976,0.0445625,0.06860968466368114,0.042230030612244916,0.29867188662624455,False,66
3.5,16,-106.31125714285515,0.04489397321428571,0.06869545521761858,0.042635466016763886,0.30963959505936056,False,67
3.5,16,-106.31228571428545,0.044666294642857145,0.06695166469700098,0.04202424006924197,0.30423798820554093,False,68
3.5,16,-105.42474285714239,0.04521875,0.06738958612140836,0.04338130867346937,0.3069647512040098,False,69
3.5,16,-106.04005714285944,0.04524553571428572,0.07029994752082534,0.044132006195335256,0.30371012921190965,False,70
3.5,16,-105.86862857142896,0.045427455357142855,0.0689001745095797,0.04254507935495628,0.3273979996650823,False,71
3.5,16,-106.05582857142663,0.044678013392857145,0.06675873643377787,0.0426212880603134,0.3007929235384238,False,72
3.5,16,-105.95451428571943,0.04487276785714286,0.06929999623490202,0.041194020043731766,0.318282790871114,False,73
3.5,16,-105.77411428571772,0.044538504464285714,0.06726586504685585,0.04023382905885569,0.3258252037781286,False,74
3.5,16,-105.679542857149,0.04505412946428571,0.07088075211994951,0.04403730482416182,0.2971358815098839,False,75
3.5,16,-106.58691428572006,0.045258370535714285,0.07127595122761468,0.04305804462008018,0.30654439094330377,False,76
3.5,16,-106.24137142857417,0.044219308035714285,0.06614805479383606,0.04083156247722305,0.31520909749304316,False,77
3.5,16,-105.29314285715027,0.04544475446428571,0.06716771459808542,0.04321214538538629,0.3105537638203134,False,78
3.5,16,-106.03365714286043,0.04503627232142857,0.0656434507278218,0.04215369841016761,0.32338354310230455,False,79
3.5,16,-105.77857142857445,0.04476897321428572,0.0663386873958764,0.0423178053024781,0.31400056142445276,False,80
3.5,16,-106.29565714286038,0.04500669642857143,0.06751364194502336,0.043362356413994184,0.29968514535901447,False,81
3.5,16,-106.17914285714575,0.04527734375,0.06844143562578174,0.0423077220982143,0.3294310837301797,False,82
3.5,16,-105.88359999999935,0.04494252232142857,0.07012265475947405,0.04285487953261662,0.305548982863172,False,83
3.5,16,-105.96960000000172,0.04462890625,0.0704071397084554,0.04257344148596937,0.29118946949873825,False,84
3.5,16,-106.18062857143491,0.04528013392857143,0.06544695031132793,0.0425285585823615,0.31615954553495684,False,85
3.5,16,-105.74217142857817,0.04486997767857143,0.06743410855476935,0.04187416524690235,0.31529495166987487,False,86
3.5,16,-106.32154285714206,0.044918526785714286,0.06784756338088277,0.04293558591472303,0.3064132690388546,False,87
3.5,16,-105.94142857143042,0.04506138392857143,0.07046955474281591,0.042640476949708433,0.3095756206645507,False,88
3.5,16,-105.86142857142977,0.04518805803571429,0.06908108535506122,0.04279870788538626,0.31281506493679856,False,89
3.5,16,-105.83400000000067,0.04500055803571429,0.06799852350582984,0.04310190686497812,0.3015343202156502,False,90
3.5,16,-106.09474285713912,0.04492689732142857,0.06846299774677354,0.04162531703261659,0.3122490161294078,False,91
3.5,16,-106.28954285714639,0.04519475446428572,0.06989040244793811,0.04199901783436588,0.32062028671944043,False,92
3.5,16,-106.14382857142637,0.044877232142857146,0.0664265594658464,0.04339239249271138,0.30347795842368896,False,93
3.5,16,-105.93451428571515,0.04508816964285714,0.06741759754685557,0.04291538802842568,0.305645149835884,False,94
3.5,16,-105.38560000000263,0.04522042410714286,0.06982738285714163,0.042886018927660335,0.3096339860528584,False,95
3.5,16,-106.0213142857193,0.0448671875,0.06797911898271411,0.042211197066326527,0.31186576720463854,False,96
3.5,16,-106.13822857142752,0.045490513392857146,0.07059524098188223,0.043358683468476676,0.30595873043656774,False,97
3.5,16,-106.22011428571848,0.045305245535714286,0.06908573104539827,0.04335659691599852,0.3069838959805756,False,98
3.5,16,-105.50131428570737,0.044989955357142855,0.06909433618388079,0.042420898232507324,0.3141708575808082,False,99
0.1,16,-269.2077714285716,0.20851060267857144,4.815333551022149,0.6736218104272851,0.6587772083134484,True,0
0.1,16,-307.2000000000003,0.5,0.0,0.0,0.6666666666666667,True,1
0.1,16,-282.4000000000004,0.21018694196428572,-5.684341886080801e-12,0.07605227598851627,0.6657789824488615,True,2
0.1,16,-265.5997714285718,0.2539056919642857,7.140817501749551e-05,0.02604352598854831,0.6664563243652424,True,3
0.1,16,-268.0000000000004,0.113671875,0.0,0.019140624999995914,0.6658985141124916,True,4
0.1,16,-285.60000000000025,0.07499944196428572,-1.1368683772161601e-11,0.006246650988517288,0.6660705565896217,True,5
0.1,16,-262.88308571428587,0.2562650669642857,0.0598034234485567,0.024813034917130494,0.6664735407619353,True,6
0.1,16,-307.20000000000016,0.5,-1.1368683772161601e-11,0.0,0.6666666666666667,True,7
0.1,16,-253.61885714285737,0.086796875,3.4176825255116223,0.3664687500000019,0.6515639950003975,True,8
0.1,16,-278.40000000000015,0.2416640625,-5.684341886080801e-12,0.030537433035711103,0.6663911364805755,True,9
0.1,16,-240.9450285714287,0.11574553571428571,1.5976767296024261,0.11141816326531107,0.6623937650486362,True,10
0.1,16,-307.20000000000033,0.5,1.70530256582424e-11,0.0,0.6666666666666667,True,11
0.1,16,-257.8412571428574,0.152515625,8.572085096926683,2.8498797321428704,0.6124949238796018,True,12
0.1,16,-286.4000000000004,0.054165736607142856,-1.70530256582424e-11,0.009721599968113281,0.6649595832918844,True,13
0.1,16,-263.19874285714315,0.22549776785714284,0.0003922397922906384,0.44376079081633435,0.6619878929225447,True,14
0.1,16,-307.20000000000033,0.5,1.70530256582424e-11,0.0,0.6666666666666667,True,15
0.1,16,-256.7995428571431,0.17577790178571429,0.00014277551372288141,0.12043523915816756,0.6646152002271082,True,16
0.1,16,-238.39988571428577,0.11741127232142858,3.570918920559051e-05,0.0036162300701514383,0.6665222935987348,True,17
0.1,16,-307.2000000000004,0.5,2.2737367544323203e-11,0.0,0.6666666666666667,True,18
0.1,16,-286.40000000000015,0.4140625,1.1368683772161601e-11,0.0,0.6666666666666667,True,19
0.1,16,-307.2000000000006,0.5,-1.1368683772161601e-11,0.0,0.6666666666666667,True,20
0.1,16,-286.4000000000005,0.054166294642857146,-2.8421709430404e-11,0.004516616709182575,0.6659076331575542,True,21
0.1,16,-307.2000000000006,0.5,-2.8421709430404e-11,0.0,0.6666666666666667,True,22
0.1,16,-263.1994285714288,0.2792963169642857,0.0001784438779850461,0.0663616063456729,0.6662263693236827,True,23
0.1,16,-294.40000000000055,0.375,0.0,0.0,0.6666666666666667,True,24
0.1,16,-286.40000000000055,0.3916651785714286,-2.8421709430404e-11,0.007631938775531921,0.6666406345720253,True,25
0.1,16,-276.0000000000004,0.14583314732142857,-5.684341886080801e-12,0.008679935427293728,0.6664522619132728,True,26
0.1,16,-287.5680000000002,0.42578125,0.9271000000239835,0.0,0.6666666666666667,True,27
0.1,16,-307.2000000000006,0.5,-2.8421709430404e-11,0.0,0.6666666666666667,True,28
0.1,16,-289.6000000000004,0.25,5.684341886080801e-12,0.0,0.6666666666666667,True,29
0.1,16,-289.6000000000003,0.375,-5.684341886080801e-12,0.0,0.6666666666666667,True,30
0.1,16,-307.2000000000002,0.5,-1.1368683772161601e-11,0.0,0.6666666666666667,True,31
0.1,16,-307.2000000000003,0.5,0.0,0.0,0.6666666666666667,True,32
0.1,16,-307.2000000000006,0.5,-1.1368683772161601e-11,0.0,0.6666666666666667,True,33
0.1,16,-307.2000000000003,0.5,0.0,0.0,0.6666666666666667,True,34
0.1,16,-307.2000000000004,0.5,2.2737367544323203e-11,0.0,0.6666666666666667,True,35
0.1,16,-307.2000000000003,0.5,0.0,0.0,0.6666666666666667,True,36
0.1,16,-286.4000000000005,0.14999832589285714,-2.8421709430404e-11,0.014583698182404348,0.6663318457289457,True,37
0.1,16,-262.39862857142896,0.24999665178571429,0.00042783671005963686,0.1900557748724374,0.665081050115774,True,38
0.1,16,-288.80000000000024,0.421875,2.8421709430404e-11,0.0,0.6666666666666667,True,39
0.1,16,-260.79817142857166,0.16600390625,0.0005701224552012717,0.19428536272321217,0.6630069731849368,True,40
0.1,16,-307.20000000000033,0.5,1.70530256582424e-11,0.0,0.6666666666666667,True,41
0.1,16,-283.9171428571431,0.3985161830357143,6.044568239798308,2.7733602670598856,0.6579945998265864,True,42
0.1,16,-307.2000000000004,0.5,2.2737367544323203e-11,0.0,0.6666666666666667,True,43
0.1,16,-307.20000000000033,0.5,1.70530256582424e-11,0.0,0.6666666666666667,True,44
0.1,16,-307.20000000000033,0.5,1.70530256582424e-11,0.0,0.6666666666666667,True,45
0.1,16,-265.5996571428575,0.24218805803571428,0.0001070969517513731,0.026065847417093835,0.6664352837083607,True,46
0.1,16,-307.2000000000003,0.5,0.0,0.0,0.6666666666666667,True,47
0.1,16,-307.2000000000002,0.5,-1.1368683772161601e-11,0.0,0.6666666666666667,True,48
0.1,16,-263.199085714286,0.16210602678571429,0.00028538774472508516,0.17001113201530416,0.6632764105055602,True,49
0.1,16,-291.20000000000033,0.4375,5.684341886080801e-12,0.0,0.6666666666666667,True,50
0.1,16,-307.20000000000033,0.5,1.70530256582424e-11,0.0,0.6666666666666667,True,51
0.1,16,-307.2000000000006,0.5,-1.1368683772161601e-11,0.0,0.6666666666666667,True,52
0.1,16,-307.2000000000002,0.5,-1.1368683772161601e-11,0.0,0.6666666666666667,True,53
0.1,16,-282.4000000000002,0.05416685267857143,1.1368683772161601e-11,0.030561631855866578,0.6611934066374463,True,54
0.1,16,-258.39942857142864,0.22069977678571429,0.000178443883669388,0.03582586415815214,0.666283800805336,True,55
0.1,16,-286.40000000000055,0.012499441964285714,-2.8421709430404e-11,0.011458704559949018,0.6294621508200196,True,56
0.1,16,-307.2000000000002,0.5,-1.1368683772161601e-11,0.0,0.6666666666666667,True,57
0.1,16,-307.20000000000067,0.5,-1.70530256582424e-11,0.0,0.6666666666666667,True,58
0.1,16,-273.59885714285747,0.357421875,0.0003566326483905868,0.18921874999996646,0.6658968647814079,True,59
0.1,16,-307.20000000000033,0.5,1.70530256582424e-11,0.0,0.6666666666666667,True,60
0.1,16,-307.2000000000003,0.5,0.0,0.0,0.6666666666666667,True,61
0.1,16,-307.2000000000003,0.5,0.0,0.0,0.6666666666666667,True,62
0.1,16,-286.40000000000055,0.35416573660714284,-2.8421709430404e-11,0.019107760682430808,0.6665884181932533,True,63
0.1,16,-277.60000000000025,0.375,-5.684341886080801e-12,0.0,0.6666666666666667,True,64
0.1,16,-258.3987428571431,0.24023046875,0.00039223980934366404,0.035837014508910414,0.6663433921527255,True,65
0.1,16,-259.42354285714305,0.19072767857142858,1.4115513469505456,0.11848640306121538,0.6649625044074119,True,67
0.1,16,-307.20000000000033,0.5,1.70530256582424e-11,0.0,0.6666666666666667,True,66
0.1,16,-290.40000000000015,0.4296875,1.70530256582424e-11,0.0,0.6666666666666667,True,68
0.1,16,-307.20000000000067,0.5,-1.70530256582424e-11,0.0,0.6666666666666667,True,69
0.1,16,-272.79965714285737,0.3164029017857143,0.00010709695743571499,0.1788950605867612,0.6657323952941792,True,70
0.1,16,-278.173142857143,0.3642633928571429,0.5437182398054573,0.07500829081628524,0.666389863383501,True,71
0.1,16,-307.2000000000002,0.5,-1.1368683772161601e-11,0.0,0.6666666666666667,True,72
0.1,16,-261.5996571428575,0.18749720982142856,0.00010709692901400555,0.15619975685588372,0.664359019497498,True,73
0.1,16,-275.38514285714297,0.3529693080357143,1.0045387755212685,0.15416897241706806,0.6660521883371917,True,74
0.1,16,-285.6000000000003,0.390625,5.684341886080801e-12,0.0,0.6666666666666667,True,75
0.1,16,-307.2000000000003,0.5,0.0,0.0,0.6666666666666667,True,76
0.1,16,-294.4000000000005,0.125,-2.8421709430404e-11,0.0,0.6666666666666667,True,77
0.1,16,-307.20000000000016,0.5,-1.1368683772161601e-11,0.0,0.6666666666666667,True,78
0.1,16,-266.39931428571447,0.27148214285714284,0.00021410206727523468,0.2964285586735116,0.6645787747810609,True,79
0.1,16,-274.37828571428616,0.28124497767857143,0.006744387735579947,0.052806855070137715,0.666319111410007,True,80
0.1,16,-255.99908571428605,0.0800703125,0.00028538773619857233,0.24697529017857045,0.6471058119841347,True,81
0.1,16,-307.20000000000033,0.5,1.70530256582424e-11,0.0,0.6666666666666667,True,82
0.1,16,-267.9994285714289,0.25976450892857145,0.00017844386093202044,0.15794642538264014,0.665449370774811,True,83
0.1,16,-248.79954285714302,0.087890625,0.00014277551656505236,0.16602678571428608,0.6554478598061577,True,85
0.1,16,-289.6000000000003,0.42578125,-5.684341886080801e-12,0.0,0.6666666666666667,True,84
0.1,16,-307.20000000000033,0.5,1.70530256582424e-11,0.0,0.6666666666666667,True,86
0.1,16,-262.3979428571433,0.11290904017857142,0.0006412040818304375,0.1393830604272983,0.6608930327884672,True,87
0.1,16,-307.2000000000006,0.5,-1.1368683772161601e-11,0.0,0.6666666666666667,True,88
0.1,16,-279.2000000000004,0.1875,1.70530256582424e-11,0.0,0.6666666666666667,True,89
0.1,16,-307.20000000000033,0.5,1.70530256582424e-11,0.0,0.6666666666666667,True,90
0.1,16,-307.2000000000003,0.5,0.0,0.0,0.6666666666666667,True,91
0.1,16,-270.1765714285716,0.26117299107142855,0.05032130103472809,0.004695086096937473,0.6666312041717191,True,92
0.1,16,-261.81222857142876,0.18313058035714286,0.23279872960415554,0.7318726881377557,0.655877769786702,True,93
0.1,16,-307.20000000000033,0.5,1.70530256582424e-11,0.0,0.6666666666666667,True,94
0.1,16,-278.4000000000001,0.375,5.684341886080801e-12,0.0,0.6666666666666667,True,95
0.1,16,-252.72845714285742,0.13348828125,14.905500632647769,1.8706445145089212,0.6116340794014745,True,96
0.1,16,-259.99920000000014,0.224609375,0.00024975001338134456,0.06127232142857153,0.6660438365138277,True,97
0.1,16,-307.20000000000033,0.5,1.70530256582424e-11,0.0,0.6666666666666667,True,98
0.1,16,-307.20000000000033,0.5,1.70530256582424e-11,0.0,0.6666666666666667,True,99
0.5,16,-307.05942857142895,0.49986383928571426,0.011176959184467705,0.00040568622451075953,0.6666625005253347,True,0
0.5,16,-307.0910857142861,0.4998973214285714,0.00835322265402283,0.00027138775510593405,0.6666638714138955,True,1
0.5,16,-307.0833142857147,0.49988058035714283,0.009480114082407454,0.0003967161989919532,0.666662599115481,True,2
0.5,16,-307.0905142857149,0.4998856026785714,0.009186986937720576,0.00039396922832679593,0.6666626287773743,True,3
0.5,16,-307.0459428571435,0.49984933035714285,0.01227773387677189,0.0004794483418351092,0.666661755975552,True,4
0.5,16,-307.0945142857145,0.4998911830357143,0.008424708366419509,0.0003655891262752675,0.6666629207727517,True,5
0.5,16,-307.0916571428574,0.4998939732142857,0.00859373387766027,0.0003201371173560119,0.6666633797603717,True,6
0.5,16,-307.0900571428574,0.4998895089285714,0.008922562448105964,0.000353124362248991,0.6666630439339125,True,7
0.5,16,-307.11394285714306,0.4999151785714286,0.006894283877500129,0.0002664056122370084,0.6666639339383946,True,8
0.5,16,-307.0857142857147,0.4998889508928571,0.00910734693957238,0.00032962356506516244,0.6666632804097491,True,9
0.5,16,-307.0939428571432,0.49989006696428573,0.008587105306787635,0.00036323198341392526,0.6666629433153273,True,10
0.5,16,-307.0820571428577,0.4998800223214286,0.009668362448564949,0.00041115672830471794,0.6666624577490989,True,11
0.5,16,-307.0957714285716,0.49990011160714287,0.00824168489771182,0.00029288249361059115,0.666663658275891,True,12
0.5,16,-307.10480000000035,0.4999056919642857,0.007619818572948134,0.0003023659120060529,0.6666635673154957,True,13
0.5,16,-306.91302857142927,0.49872488839285717,0.060897526325334184,0.07827356106503203,0.6660565958178228,True,14
0.5,16,-307.0940571428575,0.49989006696428573,0.008508912448405681,0.0003654641262755831,0.6666629205900289,True,15
0.5,16,-307.0800000000004,0.4998861607142857,0.009457857143843285,0.0003304183673407124,0.6666632730059551,True,16
0.5,16,-307.065485714286,0.4998671875,0.01065299408219289,0.00042400446429269323,0.6666623209524343,True,17
0.5,16,-307.0918857142861,0.49988671875,0.008665935510407508,0.0003829386160703052,0.6666627425702388,True,18
0.5,16,-307.071885714286,0.49987555803571426,0.010490685511058473,0.0003771159120020684,0.6666627933130014,True,19
0.5,16,-307.088914285715,0.4998950892857143,0.008658615508693401,0.00030016836734603203,0.6666635845618734,True,20
0.5,16,-307.07737142857155,0.4998772321428571,0.009932177754990335,0.0003784438775653598,0.6666627792646862,True,21
0.5,16,-307.07862857142896,0.49987834821428573,0.00978982775473014,0.00038304783163312095,0.6666627348970356,True,22
0.5,16,-307.08960000000025,0.49989676339285716,0.008480988570681802,0.0002724449936124529,0.6666638610036322,True,23
0.5,16,-307.08434285714316,0.4998822544642857,0.009393848164108931,0.00040026769771372983,0.6666625725952879,True,24
0.5,16,-307.09771428571463,0.49989899553571426,0.008077954081500138,0.0002972319834384507,0.6666636109229414,True,25
0.5,16,-307.0838857142863,0.49988448660714285,0.009157906938071392,0.0003558914222026033,0.6666630135414007,True,26
0.5,16,-307.0939428571432,0.49990011160714287,0.008295676734860535,0.0002884182079014863,0.666663705351797,True,27
0.5,16,-307.1044571428574,0.4999118303571429,0.007505939591737842,0.0002393233418302998,0.6666642053669035,True,28
0.5,16,-307.09531428571466,0.49989341517857144,0.008340192653122358,0.00034351387117226295,0.6666631431141885,True,29
0.5,16,-307.0708571428574,0.4998744419642857,0.010267979592072152,0.00037697305484130084,0.6666627970717189,True,30
0.5,16,-307.09200000000055,0.499890625,0.008562035713566729,0.00033092857144367827,0.6666632649815016,True,31
0.5,16,-307.0915428571432,0.49989676339285716,0.008466203878697343,0.0002880699936156361,0.6666637034941634,True,32
0.5,16,-307.09840000000037,0.49989955357142857,0.008308709999710118,0.0003251913265245321,0.6666633376297051,True,33
0.5,16,-307.1090285714291,0.49990848214285716,0.007262119183224058,0.0002992831632582238,0.6666635996333722,True,34
0.5,16,-307.0693714285718,0.49986941964285714,0.010374806326353792,0.00040198405612557053,0.6666625390235335,True,35
0.5,16,-307.064914285715,0.4998627232142857,0.011106301222753245,0.0005193692602034616,0.6666613821964626,True,36
0.5,16,-307.0868571428574,0.49988169642857144,0.009988551021706371,0.0004593520408064933,0.6666619856165888,True,37
0.5,16,-307.09417142857154,0.49989620535714285,0.008436433469569238,0.0003114483418329428,0.6666634673743137,True,38
0.5,16,-307.0938285714288,0.4998939732142857,0.008422440611866477,0.00033576211735919514,0.6666632233205314,True,39
0.5,16,-307.074742857143,0.49987332589285716,0.010303425305892233,0.0004036146364683191,0.666662522648054,True,40
0.5,16,-307.0737142857146,0.4998794642857143,0.010106525510536812,0.00036309693877001337,0.666662942238221,True,41
0.5,16,-307.10022857142917,0.4999029017857143,0.00806874918248468,0.00028311926020307965,0.6666637553900432,True,42
0.5,16,-307.0875428571428,0.4998895089285714,0.008979539592928631,0.00033303507653670295,0.6666632458486411,True,43
0.5,16,-307.1089142857146,0.49991350446428573,0.007597508367780392,0.0002584462691288536,0.6666640133486679,True,44
0.5,16,-307.08080000000035,0.49988783482142857,0.0091108471433472,0.000318335299752448,0.6666633971637868,True,45
0.5,16,-307.0875428571428,0.49988839285714287,0.00886239673604905,0.00033737244898190966,0.6666632013034264,True,46
0.5,16,-307.0828571428574,0.49988169642857144,0.009272729592112228,0.0003901556122372085,0.6666626716659318,True,47
0.5,16,-307.09680000000037,0.4999012276785714,0.008537875714409893,0.00029299601403920406,0.6666636558750015,True,48
0.5,16,-307.07177142857176,0.4998716517857143,0.010348799184384916,0.0003978156887711748,0.6666625811558753,True,49
0.5,16,-307.0979428571432,0.49989620535714285,0.008221541021612211,0.0003538590561191768,0.6666630446040904,True,50
0.5,16,-307.1041142857147,0.49991350446428573,0.007420628366617166,0.0002204998405659353,0.6666643959702467,True,51
0.5,16,-307.0928000000003,0.4998973214285714,0.008577582857014932,0.000291477040832433,0.6666636684408587,True,52
0.5,16,-307.0886857142859,0.4998828125,0.0089778212238798,0.0004237723214401967,0.6666623339545167,True,53
0.5,16,-307.08994285714306,0.49989453125,0.008592169591338461,0.0002945279017865232,0.6666636364536804,True,54
0.5,16,-307.0837714285719,0.49987332589285716,0.009941777755102521,0.0005353110650361259,0.6666612208685703,True,55
0.5,16,-307.08342857142895,0.4998911830357143,0.009341959184439474,0.0003008569834150876,0.6666635714350776,True,56
0.5,16,-307.07908571428595,0.49987890625,0.009800129795394241,0.00041325111608614407,0.6666624403231172,True,57
0.5,16,-307.0875428571431,0.49989006696428573,0.009145253877022697,0.00034091055483997934,0.6666631685145127,True,58
0.5,16,-307.08537142857176,0.4998889508928571,0.0089989777552546,0.0003340878507742673,0.6666632376325168,True,59
0.5,16,-307.09805714285744,0.4999029017857143,0.008160476735156408,0.00028311926020307965,0.666663758080716,True,60
0.5,16,-307.08594285714327,0.49988839285714287,0.008916733878322702,0.0003351403061202518,0.6666632251157496,True,61
0.5,16,-307.0652571428574,0.4998660714285714,0.010949175306677716,0.0004327806122432776,0.6666622311658776,True,62
0.5,16,-307.07760000000025,0.49987667410714287,0.00976448142796471,0.0003839539221957011,0.6666627240312359,True,63
0.5,16,-307.08194285714353,0.49988058035714283,0.009509369591114591,0.0003944840561445062,0.6666626266648288,True,64
0.5,16,-306.86868571428585,0.49768303571428574,0.05413771408120738,0.13819338265304282,0.6655441125458452,True,65
0.5,16,-307.0805714285721,0.49988169642857144,0.009592852039759237,0.0003611377550924999,0.6666629581001202,True,67
0.5,16,-307.0886857142861,0.4998911830357143,0.008649249796008007,0.0003209462691415865,0.6666633695235247,True,66
0.5,16,-307.0904000000002,0.4998917410714286,0.009208024285953798,0.000353374362234149,0.666663046422891,True,68
0.5,16,-307.09725714285776,0.4999034598214286,0.008150775306830838,0.0002798263711696336,0.6666637950098793,True,69
0.5,16,-307.0858285714287,0.4998911830357143,0.008812040611928751,0.00031648198341827083,0.666663417142616,True,70
0.5,16,-307.0952000000003,0.49990178571428573,0.008201247143688306,0.00026961479591136595,0.6666638936203728,True,71
0.5,16,-307.0979428571432,0.49989955357142857,0.00837296959230116,0.00032072704081542724,0.6666633793584216,True,72
0.5,16,-307.0803428571432,0.49988058035714283,0.009503426734909226,0.00036993048470890244,0.6666628692474817,True,73
0.5,16,-307.0936000000002,0.4998978794642857,0.008390252856997904,0.0002948837691292283,0.6666636360820539,True,74
0.5,16,-307.0885714285718,0.4998889508928571,0.009181709184531428,0.0003608735650715289,0.6666629669753694,True,75
0.5,16,-307.0907428571431,0.49989006696428573,0.009119196733990975,0.0003676962691230301,0.6666628989385537,True,76
0.5,16,-307.0866285714289,0.4998889508928571,0.008947742041527817,0.0003139985650619792,0.6666634347013589,True,77
0.5,16,-307.1052571428574,0.49990792410714285,0.0073640324483221775,0.00025793606505430944,0.6666640124077752,True,78
0.5,16,-307.08640000000025,0.499890625,0.009198359998890737,0.0003220000000112577,0.6666633586030699,True,79
0.5,16,-307.08377142857177,0.49988504464285716,0.009390349183831859,0.0003526090561081219,0.6666630466152839,True,80
0.5,16,-307.1018285714288,0.49990401785714284,0.007870840611531094,0.00028322959184379215,0.6666637551730148,True,81
0.5,16,-307.0857142857147,0.4998917410714286,0.008830204081505144,0.0003154279336712307,0.6666634328576647,True,82
0.5,16,-307.0558857142859,0.499859375,0.011645485509916398,0.00042291071429190197,0.6666623224885653,True,83
0.5,16,-307.0892571428574,0.4998895089285714,0.008684089592406963,0.0003419636479691235,0.6666631565298944,True,84
0.5,16,-307.0792000000006,0.4998794642857143,0.009599132856237702,0.00040550765305624736,0.6666625177885992,True,85
0.5,16,-307.0894857142861,0.49989285714285714,0.009127736939262832,0.00032671173470077974,0.6666633118974757,True,86
0.5,16,-307.0665142857146,0.49986495535714287,0.010461586939300105,0.00042146619897209803,0.6666623401453612,True,87
0.5,16,-307.0901714285717,0.499890625,0.00908438347005358,0.0003554821428650712,0.6666630235097486,True,88
0.5,16,-307.07302857142844,0.49986941964285714,0.010175240613534697,0.00042430548469951646,0.6666623127253304,True,89
0.5,16,-307.07977142857175,0.49988113839285714,0.009716999183410735,0.0003688824936318724,0.6666628806424966,True,90
0.5,16,-307.0931428571434,0.49989564732142855,0.008377301019891092,0.0003147370854605924,0.6666634369137815,True,91
0.5,16,-307.1026285714289,0.49990234375,0.007620427755227865,0.00030873325893310266,0.6666634997513492,True,92
0.5,16,-307.07520000000017,0.49987890625,0.009730925713711258,0.00035298325894927984,0.6666630386265249,True,93
0.5,16,-307.085485714286,0.49988392857142855,0.008992244081582612,0.0003770306122561351,0.6666628018145961,True,94
0.5,16,-307.0844571428574,0.4998911830357143,0.008895689591327027,0.0002986248405676406,0.6666635947077322,True,95
0.5,16,-307.0620571428573,0.49985546875,0.011049826733824375,0.0004926529017978964,0.6666616197781152,True,96
0.5,16,-307.08960000000036,0.49989453125,0.008583845714383642,0.00029676004464818106,0.6666636153336316,True,97
0.5,16,-307.08537142857165,0.4998911830357143,0.00907612061268992,0.0003053212691384033,0.6666635259678482,True,98
0.5,16,-307.0836571428575,0.49988392857142855,0.009454219593180824,0.0003814948979794508,0.6666627616794527,True,99
1.0,16,-235.36754285713465,0.25591573660714284,2.5587696348979705,4.6477134724968145,0.42749329302294947,True,0
1.0,16,-235.9761142857047,0.26274888392857143,2.5567359856632947,4.540364499681122,0.44217411240980387,True,1
1.0,16,-238.0975999999862,0.27201004464285716,2.640869218571538,4.5845542598851985,0.45984791749741505,True,2
1.0,16,-239.37702857141508,0.27736551339285714,2.618717938724501,4.834244856425382,0.4684452542652622,True,3
1.0,16,-230.69085714284623,0.22940234375,2.3831013252552395,4.39284782198661,0.36090869595200537,True,4
1.0,16,-238.9977142857076,0.28034765625,2.681693015306138,4.547164884486602,0.47528360287545657,True,5
1.0,16,-237.0106285714162,0.2614419642857143,2.521963487296034,4.715066325255101,0.43737913217563196,True,6
1.0,16,-241.0237714285558,0.28141573660714286,2.7376651140816364,5.001104017139667,0.47144160970763016,True,7
1.0,16,-235.49279999999015,0.254484375,2.6019101100000057,4.791732517857145,0.41730691907961115,True,8
1.0,16,-233.56959999999006,0.24773995535714285,2.4906413899999507,4.446411152742346,0.40698724448091517,True,9
1.0,16,-231.23988571427682,0.23270703125,2.3307319999490232,4.430937888950892,0.3789355350482527,True,10
1.0,16,-234.56125714284934,0.25147879464285716,2.7305966366836003,5.0154993223852,0.4037847803110166,True,11
1.0,16,-235.1867428571335,0.2585809151785714,2.569177884897954,4.456253417649876,0.435319060268887,True,12
1.0,16,-234.9185142857058,0.25323995535714283,2.421994419949044,4.484597286670919,0.4251148863508827,True,13
1.0,16,-237.87599999999176,0.27298883928571427,2.7831506517856894,4.845855834183677,0.45380463580892505,True,14
1.0,16,-241.6948571428473,0.2868950892857143,2.8548712806122296,4.967407887755105,0.47995021306481744,True,15
1.0,16,-238.81211428570134,0.2737940848214286,2.6579379981633053,4.781282739078442,0.46280709394776287,True,16
1.0,16,-238.1668571428461,0.2656981026785714,2.672816959183706,4.993929993542732,0.43912801852329353,True,17
1.0,16,-230.60354285713447,0.23208928571428572,2.379082093826611,4.216991771683672,0.3600083380783865,True,18
1.0,16,-235.38891428570773,0.2545078125,2.681973805663347,4.974696421875002,0.4127430247582332,True,19
1.0,16,-232.0661714285616,0.23521707589285715,2.3443668244389073,4.474356976961097,0.37005112745138147,True,20
1.0,16,-235.2611428571353,0.2522717633928571,2.3405957538266193,4.396972892139672,0.4236218667464562,True,21
1.0,16,-234.3442285714184,0.24536886160714286,2.496489992653011,4.627564700175384,0.3977529078590172,True,22
1.0,16,-240.61268571427837,0.2837421875,2.842554728520355,4.915423377232141,0.4739032149112413,True,23
1.0,16,-238.8979428571359,0.27996707589285713,2.7587168138265667,4.674238807318243,0.47168641809001877,True,24
1.0,16,-236.51805714284708,0.2534737723214286,2.7193155566837106,5.2383165158641525,0.4024539738084769,True,25
1.0,16,-233.85348571427505,0.2518353794642857,2.527417575306117,4.474260959741713,0.41814983711333864,True,26
1.0,16,-234.26902857141783,0.2504235491071429,2.6101358512246406,4.803707981425379,0.4062681333744762,True,27
1.0,16,-230.7075428571324,0.22298325892857143,2.2694744652552004,4.283253874681122,0.33541930286321875,True,28
1.0,16,-231.0937142857037,0.23185100446428572,2.439885158163264,4.480673267777425,0.35828914896996167,True,29
1.0,16,-235.22799999999063,0.2523270089285714,2.5143694374999086,4.724281178252554,0.41844377480010275,True,30
1.0,16,-234.14034285713691,0.25135546875,2.567722347755108,4.60311279966518,0.41272214536892826,True,31
1.0,16,-238.43359999998992,0.2729375,2.6514005900001223,4.88206658035714,0.46083257975710024,True,32
1.0,16,-234.13062857142032,0.25375390625,2.559915487295825,4.456252429129467,0.42420229246679664,True,33
1.0,16,-239.5475428571316,0.2832907366071429,2.64167853668377,4.4854232582110924,0.4832275923504734,True,34
1.0,16,-235.27931428570545,0.26267299107142855,2.668414712448964,4.685827160395412,0.4391911021799808,True,35
1.0,16,-235.05451428570132,0.2503833705357143,2.4263733913776377,4.649767620455993,0.414420805648676,True,36
1.0,16,-231.6860571428472,0.23471484375,2.3031939281123357,4.490342643415177,0.3801269415719104,True,37
1.0,16,-233.2717714285607,0.24003013392857142,2.6119098783674133,4.850456955038265,0.36870524472850486,True,38
1.0,16,-238.3190857142755,0.2713353794642857,2.6895729967347393,5.040505477598856,0.45456694535270536,True,39
1.0,16,-234.54948571427778,0.2558504464285714,2.452001282449004,4.57052118494898,0.42998840053381504,True,40
1.0,16,-241.40914285713112,0.27926004464285714,2.6649205663266002,4.927360143813775,0.46715334169178646,True,41
1.0,16,-235.3706285714196,0.25659486607142856,2.5305673444387367,4.667044553252552,0.42424653656169864,True,42
1.0,16,-239.2477714285555,0.277,2.828950371224522,5.06247309821428,0.46372068674086253,True,43
1.0,16,-235.58411428570122,0.25768191964285714,2.7301818713775106,4.707737822385205,0.4193554137305562,True,44
1.0,16,-237.50708571427643,0.2646891741071429,2.740770919948943,5.045009619818238,0.4373270568705233,True,45
1.0,16,-237.49485714284629,0.2692220982142857,2.549623244898072,4.696875086415815,0.45657125452970604,True,46
1.0,16,-239.57634285712433,0.27764676339285715,2.8963056709696673,5.098044017139667,0.4601829302817274,True,47
1.0,16,-237.48719999998642,0.2720747767857143,2.4123092260714714,4.399882863201533,0.47104679324355236,True,49
1.0,16,-235.56457142856485,0.2588420758928571,2.6264529540817136,4.7279680305325265,0.4273118857051851,True,48
1.0,16,-238.80959999998672,0.27371651785714285,2.675887497143009,4.880512436224489,0.4590357312169804,True,50
1.0,16,-235.25805714285013,0.2536986607142857,2.7040811191835985,4.888411959183674,0.41182083219727084,True,51
1.0,16,-236.15085714284973,0.26039285714285715,2.5563311020409856,4.689335668367345,0.43497881740024125,True,52
1.0,16,-238.7599999999867,0.2764073660714286,2.3633101785714246,4.3849808925382625,0.4789848227909401,True,53
1.0,16,-235.24651428570593,0.25615792410714283,2.587398334234706,4.717468253746816,0.4248574426387385,True,54
1.0,16,-236.00114285713235,0.25964732142857144,2.563906423469291,4.605266506377546,0.4327348772692756,True,55
1.0,16,-231.57817142856513,0.23825725446428572,2.2297795672959637,4.265758223134567,0.39400580098890037,True,56
1.0,16,-239.1603428571307,0.27858816964285715,2.7381749281122723,4.667144858099487,0.4670247078385711,True,57
1.0,16,-235.8279999999935,0.25841238839285713,2.582302651785625,4.707890575175387,0.4305946786861331,True,58
1.0,16,-234.87439999998944,0.2611568080357143,2.724326234642831,4.568050299027426,0.4358693093294984,True,59
1.0,16,-237.44422857141845,0.2660870535714286,2.7156162872959158,4.800390658163263,0.44175990965715295,True,60
1.0,16,-236.2905142857047,0.26499441964285714,2.640760318163302,4.668831242028062,0.44335987683004485,True,61
1.0,16,-240.4725714285558,0.2891947544642857,2.892407284438889,4.814404562420279,0.48856865160461127,True,63
1.0,16,-230.82068571427675,0.2285697544642857,2.2460133285203767,4.293598580277424,0.3647937725103969,True,62
1.0,16,-236.8150857142743,0.2622712053571429,2.692166968163292,4.824185259885201,0.4330959326007797,True,64
1.0,16,-233.33908571427736,0.23963058035714285,2.328656577091806,4.623743724170918,0.38633155695673005,True,65
1.0,16,-233.44525714284754,0.24245591517857143,2.412609320612205,4.409611578364158,0.39655258582877295,True,66
1.0,16,-235.61337142856064,0.25576450892857144,2.4493228730102317,4.62882135682398,0.4255350151621108,True,67
1.0,16,-237.3932571428444,0.26016462053571426,2.324253393826723,4.709421299027426,0.4379634594172781,True,68
1.0,16,-237.41565714284746,0.2654135044642857,2.899778328112177,5.169918794563138,0.43271045749265225,True,69
1.0,16,-239.71359999999032,0.2752064732142857,2.8559910185713306,5.10617547034439,0.45225959521026193,True,70
1.0,16,-238.47942857141925,0.2760234375,2.8071314272959285,4.9070704754464245,0.4611042830931652,True,71
1.0,16,-232.42434285713654,0.23789006696428572,2.5384598281121384,4.645993749920281,0.3772561581544459,True,72
1.0,16,-235.58777142856363,0.25849832589285715,2.660219415867317,4.6934582716039515,0.42639316149617534,True,73
1.0,16,-236.52091428570242,0.2645725446428571,2.6163907467348224,4.725851483099493,0.44479290638029234,True,75
1.0,16,-240.12354285713238,0.279984375,2.8135950223980615,4.964515160714285,0.4664239864768689,True,74
1.0,16,-238.93771428570597,0.27492131696428573,2.58921877423478,4.579067499920278,0.463324363237978,True,76
1.0,16,-241.29382857141698,0.2879095982142857,2.7366127530102062,4.711993434630106,0.48465285420076754,True,77
1.0,16,-239.62194285713076,0.28167857142857144,2.627817404897968,4.596730881377546,0.47814393969425584,True,78
1.0,16,-232.94274285713274,0.23544363839285715,2.337020050969386,4.713229414461097,0.371832892491363,True,79
1.0,16,-234.95897142855884,0.24727734375,2.4266355672959605,4.678323848772322,0.4002946012523856,True,80
1.0,16,-238.50479999999024,0.27100279017857143,2.7373195975000897,4.840235270328442,0.4492021653176058,True,81
1.0,16,-235.83931428570392,0.26018582589285716,2.5758162838777423,4.717439173389668,0.43568007874437875,True,82
1.0,16,-238.86342857141773,0.28261328125,2.663965713010157,4.410253567522318,0.4818928638059796,True,83
1.0,16,-235.11302857141996,0.25793191964285717,2.64751366729584,4.7028668848852,0.4293560866464521,True,84
1.0,16,-238.6901714285601,0.2749369419642857,2.6187835958673986,4.701918290098856,0.46624958236980374,True,85
1.0,16,-232.05039999999192,0.23389174107142857,2.382544720357089,4.5298486961096955,0.3659010910831716,True,86
1.0,16,-236.72662857142248,0.2600725446428571,2.790272542653071,4.985975884885207,0.42321425228772713,True,87
1.0,16,-232.9933714285626,0.23644866071428572,2.4462132212245535,4.7751469502551025,0.3732962989256223,True,88
1.0,16,-235.30251428570455,0.24875558035714285,2.4601493056632933,4.640283250956633,0.40537938818616737,True,89
1.0,16,-237.0278857142781,0.26883705357142856,2.4481007124490475,4.508624399234694,0.45838999074837883,True,90
1.0,16,-238.12251428570318,0.2686372767857143,2.5392220824489016,4.708873532844386,0.4506218250293247,True,91
1.0,16,-236.97474285713017,0.2588013392857143,2.6344646509695053,4.95540258418367,0.424469495456385,True,92
1.0,16,-233.38262857141433,0.2409810267857143,2.4983782855101992,4.634365095344387,0.3852927400535061,True,93
1.0,16,-235.45497142856144,0.254171875,2.7441599815816744,5.114856937500001,0.40964892020463817,True,94
1.0,16,-236.56502857141766,0.2691607142857143,2.6502479012245885,4.596794093112244,0.45532598860972073,True,95
1.0,16,-237.7705142857047,0.26396540178571426,2.6493342824490185,4.868798256058675,0.4349996503786615,True,96
1.0,16,-237.74879999999004,0.27312388392857145,2.379528509999915,4.392336428252548,0.47547961031534036,True,97
1.0,16,-236.6726857142769,0.27091852678571426,2.522461683877566,4.334124506058675,0.465025383213138,True,98
1.0,16,-236.21051428570493,0.257578125,2.7097854610204024,4.807033928571428,0.4193505051723403,True,99
1.5,16,-169.9398857142858,0.06967578125,0.199231186485267,0.23673103311011903,0.31002874204684494,True,0
1.5,16,-170.1435428571429,0.06974553571428571,0.19966264090702956,0.24304781802721093,0.2931435678314933,True,1
1.5,16,-169.63977142857155,0.06914955357142857,0.19587058721087183,0.23979671258503404,0.2879190400827586,True,2
1.5,16,-169.70468571428563,0.07001618303571429,0.19200033886619394,0.24375249994685358,0.29100642350973305,True,3
1.5,16,-170.13040000000004,0.06972265625,0.19206285984127666,0.24049010156250006,0.2952667774848249,True,4
1.5,16,-169.48548571428577,0.06916964285714286,0.20026231283446172,0.24366548129251697,0.28759956895951944,True,5
1.5,16,-169.60434285714288,0.069703125,0.20241869741496682,0.24147605952380946,0.3125630761914361,True,6
1.5,16,-170.14251428571436,0.06910044642857142,0.20100569140590274,0.2246376709183675,0.3257056232466736,True,7
1.5,16,-169.69302857142867,0.06892354910714285,0.20430370530612485,0.23408853523596962,0.3025694676767732,True,8
1.5,16,-170.15325714285729,0.07042578125,0.2060601750340096,0.23589327120535702,0.31274265790351774,True,9
1.5,16,-169.85897142857144,0.07003404017857143,0.20322737514739073,0.23945365640943878,0.30400359186684756,True,10
1.5,16,-170.20205714285723,0.07034486607142858,0.19522372281179892,0.24017169621598633,0.3060207606405788,True,11
1.5,16,-170.1029714285715,0.07010100446428572,0.2015257187981913,0.2393387201849489,0.31519289055824695,True,12
1.5,16,-169.53760000000025,0.06993080357142857,0.19552879555556046,0.24410831972789118,0.2967503747672703,True,13
1.5,16,-169.59600000000006,0.06881863839285714,0.1956039404762022,0.23378096678358862,0.30572240328950095,True,14
1.5,16,-170.01725714285718,0.0704140625,0.20061630836733635,0.24070731696428577,0.3038715223298918,True,15
1.5,16,-170.24102857142856,0.06961272321428572,0.20835755371882037,0.24657714094387742,0.28288564482915834,True,16
1.5,16,-169.86594285714293,0.06930747767857143,0.19642181566895386,0.22454673676658166,0.32321590136427836,True,17
1.5,16,-169.80114285714288,0.06974888392857143,0.1974237278911662,0.23233045812074843,0.31080827252556464,True,18
1.5,16,-169.5632000000002,0.06989899553571428,0.20440304571429932,0.245842470184949,0.3091029493897587,True,19
1.5,16,-169.77382857142854,0.06866127232142857,0.1997391283219877,0.2389524510522958,0.28002392206408544,True,20
1.5,16,-169.74057142857149,0.07025502232142856,0.20732918594106625,0.24780784390943894,0.2876050978468303,True,21
1.5,16,-169.48400000000012,0.06895647321428572,0.20488600396825835,0.23763632546768704,0.28209990155819076,True,22
1.5,16,-170.1648,0.06999274553571429,0.19724269015874066,0.2380342618516155,0.3075179142390059,True,23
1.5,16,-170.3124571428571,0.06964174107142856,0.20493590122446725,0.23881458312074835,0.30181084253961044,True,24
1.5,16,-169.66274285714292,0.06932421875,0.1986314194784692,0.23230168787202388,0.31318963140733236,True,25
1.5,16,-169.87634285714304,0.06923102678571429,0.20416075455782826,0.23275946832482988,0.30183290268402085,True,26
1.5,16,-169.81622857142864,0.07018582589285714,0.20557565387755655,0.24180046083120743,0.3027818245685361,True,27
1.5,16,-169.87554285714302,0.06956082589285714,0.1977658067800563,0.24115766321215984,0.3058437868557279,True,28
1.5,16,-170.25874285714295,0.06895647321428572,0.19479424725624817,0.23730968856292511,0.30011231914470005,True,29
1.5,16,-169.6020571428572,0.06765959821428572,0.20075078630384902,0.21901910522959184,0.315342043833824,True,30
1.5,16,-169.96720000000013,0.069546875,0.20713305285712144,0.2374661785714287,0.29921918453207885,True,31
1.5,16,-169.838742857143,0.06892633928571429,0.20379009249432378,0.22749424659863937,0.31671033507655044,True,32
1.5,16,-169.57257142857142,0.06928738839285714,0.21295774149659666,0.2327004905931124,0.32120812371199925,True,33
1.5,16,-170.23040000000015,0.06982477678571429,0.20575133206349014,0.23609109927721078,0.3191753882533447,True,34
1.5,16,-169.65474285714282,0.06928180803571428,0.2020552734467237,0.24374168744685393,0.2908169108696145,True,35
1.5,16,-169.45508571428573,0.06866964285714286,0.20009750965985834,0.23345604081632648,0.2958078563940686,True,36
1.5,16,-169.6616000000001,0.06960825892857143,0.19367134873016312,0.23435136883503396,0.31903603510931133,True,37
1.5,16,-169.6302857142858,0.06885881696428571,0.2036753917233606,0.23610623804209188,0.2983441676213119,True,38
1.5,16,-169.7243428571429,0.06949720982142857,0.19720172916099601,0.23971207902848649,0.3111802160400322,True,39
1.5,16,-169.79965714285728,0.06980078125,0.202204285510201,0.22928827120535722,0.3204891452101152,True,40
1.5,16,-169.69017142857138,0.06942857142857142,0.20849969340136137,0.23184135544217704,0.32109143698131526,True,41
1.5,16,-170.17222857142852,0.06964508928571428,0.20147961340136236,0.2368339489795921,0.3145734734790874,True,42
1.5,16,-169.58000000000004,0.06955524553571428,0.1970527976190447,0.23852229756590151,0.29498857383868793,True,43
1.5,16,-170.0521142857144,0.06930691964285714,0.20421369759638233,0.23879766135204106,0.30070917632215144,True,44
1.5,16,-170.10228571428559,0.07017299107142858,0.20499485204083434,0.24274742240646258,0.30080539262920514,True,45
1.5,16,-169.91771428571434,0.06905189732142857,0.20602411791384156,0.23162722783801026,0.29810116412039867,True,46
1.5,16,-169.77165714285724,0.06859821428571429,0.19766884344670643,0.22759219897959176,0.3190485602268407,True,47
1.5,16,-169.91074285714282,0.06887332589285715,0.19415251789115473,0.23450253821215972,0.29986960843834787,True,48
1.5,16,-169.92491428571435,0.06901674107142858,0.20396100569160402,0.22885482121598627,0.3157285236385343,True,49
1.5,16,-169.9372571428572,0.06905524553571428,0.20036999090700014,0.24058030351828252,0.29349777921807974,True,50
1.5,16,-169.86411428571438,0.06918247767857143,0.19910191108844957,0.23666636771896257,0.29875890011645234,True,51
1.5,16,-170.0013714285716,0.07001283482142857,0.1952555522902344,0.23486525462372443,0.31637562774410866,True,52
1.5,16,-169.89691428571442,0.07024386160714285,0.20360694775510207,0.24605611559311238,0.29139160573549006,True,53
1.5,16,-169.94262857142857,0.06937053571428571,0.19547904752834533,0.2446171692176871,0.2838317789162398,True,54
1.5,16,-169.40102857142867,0.06861941964285714,0.20197872832198982,0.22956137563775503,0.32350815000475697,True,55
1.5,16,-169.63234285714304,0.06998549107142857,0.2021310410657596,0.23646091645408163,0.31111070642107175,True,56
1.5,16,-169.98182857142857,0.06928962053571429,0.19939022038548476,0.23205692554209173,0.3163732583994089,True,57
1.5,16,-169.7563428571429,0.06934040178571428,0.19931502439909662,0.22717280165816334,0.32726408702002674,True,58
1.5,16,-169.8041142857144,0.06923046875,0.19904639918367037,0.23447317596726203,0.3053680018285986,True,59
1.5,16,-169.92102857142868,0.06953515625,0.19904472832197623,0.23536078608630967,0.3088648732589392,True,60
1.5,16,-169.63382857142855,0.07015736607142857,0.1969443624489663,0.24309559502551017,0.30174604984335884,True,61
1.5,16,-169.8442285714285,0.06849497767857143,0.20203628641722718,0.23423049271896237,0.3139962397476751,True,62
1.5,16,-169.5290285714286,0.06957533482142857,0.2078476045124565,0.23774765938562936,0.3075453477714396,True,63
1.5,16,-169.6338285714286,0.06956696428571428,0.19957293387755548,0.23988877040816342,0.2999825741801272,True,64
1.5,16,-169.5705142857143,0.06902455357142857,0.20232420489795938,0.2394802899659864,0.29625796352317724,True,65
1.5,16,-169.81394285714288,0.06980691964285714,0.20132244027210314,0.23670637563775512,0.3175727988395396,True,66
1.5,16,-169.46731428571425,0.06916127232142857,0.19702419680273428,0.24090885581420066,0.29081818288359196,True,67
1.5,16,-170.2964571428571,0.07005022321428571,0.1952064663038742,0.2351087957057823,0.30595399153133784,True,68
1.5,16,-169.5013714285715,0.06980357142857142,0.1971435880045457,0.23127499234693882,0.32244330442023184,True,69
1.5,16,-170.08342857142858,0.07024107142857143,0.19123775736959991,0.24398945663265303,0.31211980791365324,True,70
1.5,16,-169.79657142857153,0.07041238839285714,0.19901767800454687,0.23774643702168374,0.31445690341232435,True,71
1.5,16,-170.17600000000013,0.06908482142857143,0.19612780952381095,0.2325143494897957,0.30190285509429204,True,72
1.5,16,-170.0337142857143,0.06903180803571428,0.19657389965987526,0.22981196720875863,0.3002672800063967,True,73
1.5,16,-169.47428571428586,0.06857589285714286,0.20772526077097886,0.22841313010204073,0.3091050587554691,True,74
1.5,16,-169.73360000000017,0.07003125,0.20646758365076165,0.24900286904761884,0.28503296258432653,True,75
1.5,16,-169.86102857142856,0.06936886160714285,0.20004615292516645,0.23943694297406473,0.2905022851085268,True,76
1.5,16,-169.52925714285715,0.069109375,0.19885432741495557,0.24161456547619037,0.2918033839520754,True,77
1.5,16,-170.09325714285717,0.06941573660714286,0.19733696471655549,0.2329598507121598,0.3204269330821178,True,78
1.5,16,-169.54239999999984,0.06867299107142857,0.20309963682540733,0.23244080335884343,0.29695096135104626,True,79
1.5,16,-169.90331428571437,0.06975502232142858,0.1996672626757206,0.2350797724808671,0.3044386386188471,True,80
1.5,16,-169.7928000000001,0.06965401785714286,0.1984324496825391,0.2388099277210885,0.30604099148479935,True,81
1.5,16,-169.6162285714287,0.06913337053571429,0.2009855745124835,0.23937692554209158,0.2969477123058025,True,82
1.5,16,-169.88708571428566,0.06922042410714285,0.19963754775511056,0.24777004416454096,0.28550885804596093,True,83
1.5,16,-169.457142857143,0.06906082589285714,0.2001893310657705,0.2280328417835884,0.3165365246522618,True,84
1.5,16,-169.86948571428584,0.06943526785714285,0.19687328426303768,0.23746762414965988,0.30382945988050303,True,85
1.5,16,-169.64834285714298,0.06899441964285714,0.20732340297051147,0.2336573637329932,0.312732533742344,True,86
1.5,16,-169.96285714285722,0.06846205357142857,0.20591633503401377,0.22830921258503417,0.3043550848084279,True,87
1.5,16,-170.35588571428582,0.07003348214285714,0.19780551029477542,0.23697629676870752,0.3116318851455724,True,88
1.5,16,-170.08194285714288,0.07082868303571428,0.19965818392289394,0.24318183328018722,0.31836750891656695,True,89
1.5,16,-169.55725714285714,0.06948381696428571,0.2057663520181513,0.2371339166135205,0.2889285179836839,True,90
1.5,16,-169.77805714285702,0.06975,0.19866273551020994,0.23803082142857127,0.31148074904202916,True,91
1.5,16,-169.74914285714286,0.06881975446428572,0.20858884297053415,0.24486486899447257,0.27484741786400213,True,92
1.5,16,-169.8338285714286,0.06849832589285715,0.19908825133786776,0.2388910501169216,0.2901873395974329,True,93
1.5,16,-169.75760000000008,0.06965792410714286,0.20584275190478568,0.24230075845025492,0.29047470735444136,True,94
1.5,16,-169.3899428571429,0.06868470982142857,0.19957736408162596,0.23179666831420068,0.2897959186568565,True,95
1.5,16,-170.12902857142868,0.06991796875,0.19777712832198327,0.24149910453869042,0.3052742805376426,True,96
1.5,16,-170.01279999999994,0.0700546875,0.20261146158732243,0.24165457886904754,0.2943592454014391,True,97
1.5,16,-169.26411428571433,0.06817354910714286,0.19781699045349418,0.22195839237882647,0.3119017680500751,True,98
1.5,16,-170.14548571428602,0.06890011160714286,0.20154357077099247,0.2308920620216835,0.310283291609439,True,99
2.0,16,-149.00742857143277,0.056995535714285714,0.13006485682397795,0.11811166709183674,0.3136946632850537,True,0
2.0,16,-149.30400000000424,0.05736049107142857,0.13511354464286285,0.11595431680484697,0.3289007837781386,True,1
2.0,16,-149.2732571428599,0.05772265625,0.13600065202805567,0.11981330831473219,0.3231434485596657,True,2
2.0,16,-149.41954285714579,0.05716517857142857,0.1340179305994944,0.11697147640306127,0.33015559774288183,True,3
2.0,16,-149.03680000000244,0.057328683035714284,0.1346123828571386,0.12207667853156895,0.303331156722752,True,4
2.0,16,-148.88857142857407,0.056997767857142854,0.12961492825255405,0.11819237882653061,0.30948602444194107,True,5
2.0,16,-149.17382857143198,0.05699888392857143,0.13704468825254779,0.12133234359056116,0.3104497424547126,True,6
2.0,16,-149.00297142857556,0.05664453125,0.13458816102040672,0.1185809132254464,0.3061387522998412,True,7
2.0,16,-149.62697142857328,0.05747209821428571,0.1340676824489826,0.12372512356505105,0.3003156351180496,True,8
2.0,16,-149.11062857142983,0.057567522321428574,0.13702934280611956,0.11908366864636472,0.3130462095602551,True,9
2.0,16,-149.61028571428662,0.057671316964285714,0.13561489668366988,0.12044828567442606,0.3168541164467912,True,10
2.0,16,-148.91325714285955,0.05803571428571429,0.1342355984566268,0.12092219387755099,0.3208877950259842,True,11
2.0,16,-149.02205714285964,0.05703515625,0.1340142570280527,0.12101969670758927,0.3034383721383035,True,12
2.0,16,-149.17154285714403,0.05757087053571429,0.13924403059950308,0.12120787272799743,0.3068654941615936,True,13
2.0,16,-149.376114285715,0.05767075892857143,0.1323097107015272,0.12322521859056124,0.30469636046096815,True,14
2.0,16,-149.04011428571545,0.057736049107142855,0.13214003570153565,0.12025656214126279,0.31410034186159974,True,15
2.0,16,-148.80731428571724,0.05718694196428571,0.13132226918367707,0.12090934147799748,0.2975156211811486,True,16
2.0,16,-149.41565714285846,0.05741015625,0.1339990463137788,0.12112844224330366,0.3024229841946918,True,17
2.0,16,-149.2278857142877,0.05738169642857143,0.13599191918367026,0.12041910140306122,0.3214790905731423,True,18
2.0,16,-149.53017142857283,0.05720535714285714,0.13894657753826323,0.11814277168367354,0.31403751603643837,True,19
2.0,16,-149.33862857143154,0.057150669642857144,0.13442230396684351,0.11787183529974488,0.3255091502730735,True,20
2.0,16,-149.4661714285734,0.056766741071428574,0.13281331325255152,0.11843992841198975,0.3099930230533918,True,21
2.0,16,-148.9089142857161,0.05724944196428571,0.13493279070152653,0.12270869415656888,0.2960409806975841,True,22
2.0,16,-149.13485714285906,0.05711941964285714,0.13194192729591947,0.11524186208545922,0.3333802204063364,True,23
2.0,16,-148.83828571428654,0.05691127232142857,0.13296562213010787,0.11463571328922201,0.3259851956984171,True,24
2.0,16,-148.90651428571627,0.057599888392857145,0.13609088489796406,0.12315342151626274,0.29897143229895173,True,25
2.0,16,-149.79874285714615,0.05773772321428571,0.13027455202805882,0.12184705213647962,0.3100943601897468,True,26
2.0,16,-149.3906285714294,0.057650111607142854,0.13498040530611988,0.12067313133769136,0.32250033929153565,True,27
2.0,16,-149.3547428571444,0.05681919642857143,0.13529268729592303,0.11473531568877549,0.321674013413349,True,28
2.0,16,-149.315657142858,0.05717745535714286,0.13616354408163645,0.11504067904974485,0.3272632716806708,True,29
2.0,16,-149.6533714285725,0.05724888392857143,0.13484070039540796,0.12062284359056119,0.3183678161228195,True,30
2.0,16,-149.0672000000026,0.05730078125,0.1305636703571409,0.1215463373325893,0.30308788321610913,True,31
2.0,16,-148.66160000000178,0.05699274553571428,0.13746388366071116,0.11949194192442614,0.3085495575479379,True,32
2.0,16,-149.25771428571608,0.05780915178571429,0.13438656855868203,0.12064441820790817,0.3225845982303873,True,33
2.0,16,-148.91428571428918,0.05693973214285714,0.13250778061224366,0.11636187436224493,0.31219006674491445,True,34
2.0,16,-149.02948571428865,0.05785323660714286,0.13353107061224634,0.1249552005341199,0.30007291288682025,True,35
2.0,16,-149.29314285714622,0.05728850446428571,0.1336240277423535,0.12295296871014033,0.3028554544635558,True,36
2.0,16,-149.26457142857265,0.056870535714285714,0.13349414253826453,0.1184485911989796,0.3137083445003178,True,37
2.0,16,-149.50777142857274,0.05732645089285714,0.12716678253826075,0.11633488356983412,0.32478716720125866,True,38
2.0,16,-149.4681142857153,0.05759486607142857,0.13361640668367158,0.12096770966198983,0.31255317961704066,True,39
2.0,16,-149.37908571428716,0.05718973214285714,0.13906671570152795,0.12420303507653063,0.2944177411155766,True,40
2.0,16,-149.04171428571732,0.05755970982142857,0.13295821141581143,0.1176792646285077,0.3255701159908483,True,41
2.0,16,-148.9152000000023,0.05764564732142857,0.1309315042857193,0.12274515302136474,0.30758678222207925,True,42
2.0,16,-149.20000000000232,0.057979352678571426,0.13118374999999816,0.12275664855707913,0.31167005570622675,True,43
2.0,16,-149.13782857143016,0.05786997767857143,0.13110318959184042,0.12279762400350763,0.30639357744920115,True,44
2.0,16,-149.2661714285725,0.057054129464285716,0.1333896525382663,0.1188681807637117,0.31719212671042774,True,45
2.0,16,-149.07325714285898,0.05744084821428572,0.1363539555994926,0.11613511017219386,0.32971648519838503,True,46
2.0,16,-149.22057142857466,0.057593191964285716,0.13197530102040744,0.12110874326371174,0.3163387759439047,True,47
2.0,16,-148.81577142857446,0.05697600446428572,0.13498082852040838,0.11925345978156882,0.311687206759483,True,48
2.0,16,-149.39348571428803,0.05712611607142857,0.13629629784439246,0.11824047751913264,0.3132101888562786,True,49
2.0,16,-149.05988571429094,0.05745089285714286,0.13052957811224175,0.12021618686224483,0.31692478226029197,True,50
2.0,16,-149.16320000000132,0.05767466517857143,0.13115832035714448,0.12039103918207911,0.31421084491765483,True,51
2.0,16,-149.31577142857307,0.057090959821428575,0.13169744682398488,0.11771288069993624,0.3238088010148985,True,52
2.0,16,-149.1120000000039,0.057900111607142854,0.13578690178571406,0.12186949740911995,0.3085129269502843,True,53
2.0,16,-149.1330285714309,0.05626618303571428,0.13170472709184367,0.12007357138871178,0.2999286327690799,True,54
2.0,16,-149.24388571428923,0.05689732142857143,0.13214776204081602,0.11823654336734696,0.30854929835819267,True,55
2.0,16,-149.2171428571452,0.05725613839285714,0.13876989158163155,0.12219257776626274,0.29886179128969126,True,56
2.0,16,-149.12228571428858,0.05716573660714286,0.13619695918367114,0.11943178089126277,0.31047691661832255,True,57
2.0,16,-149.33862857143194,0.05707756696428572,0.13391891110969922,0.12176071871014027,0.2955063075710338,True,58
2.0,16,-149.1633142857162,0.05663671875,0.1270036857015313,0.11611662751116064,0.3145509252517744,True,59
2.0,16,-149.56982857143169,0.05710658482142857,0.13373607530612475,0.11813403918207899,0.3159095524168075,True,60
2.0,16,-149.03622857143142,0.05733984375,0.13393987896683157,0.12205237527901786,0.30909027759509,True,61
2.0,16,-149.13771428571746,0.05783258928571428,0.13662317570153348,0.11997997066326538,0.31757671866863735,True,62
2.0,16,-148.87862857143148,0.056954241071428574,0.13917181959183722,0.11841151769770408,0.3020918236836341,True,63
2.0,16,-149.06742857142953,0.05784542410714286,0.1346796224489779,0.12277179205197702,0.30712186374719286,True,64
2.0,16,-149.0989714285744,0.05693080357142857,0.13330628244897724,0.11861589604591838,0.3065692725249085,True,65
2.0,16,-149.28205714285812,0.056961495535714286,0.13610056729591946,0.11953592853156891,0.31281080914665726,True,66
2.0,16,-149.1558857142882,0.05768359375,0.13309184954081843,0.12176366545758932,0.3134489385924,True,67
2.0,16,-149.08571428571713,0.056738839285714285,0.13522849489795874,0.12159028316326526,0.30096045174776986,True,68
2.0,16,-149.65634285714557,0.05769866071428571,0.12941734631377955,0.12021664477040817,0.3225525071365041,True,69
2.0,16,-149.22285714285775,0.05721484375,0.13139198979591526,0.12349964760044635,0.29022934570850223,True,70
2.0,16,-148.5753142857163,0.05655970982142857,0.13488587811224662,0.11783119319993623,0.3027245811529573,True,71
2.0,16,-149.2833142857169,0.057086495535714286,0.13212536427295873,0.12012578121014034,0.30052416576915775,True,72
2.0,16,-149.2654857142883,0.057622767857142855,0.12940652641582062,0.12123088329081638,0.3084840132223814,True,73
2.0,16,-149.16708571428902,0.057049107142857144,0.1303228706122468,0.11825486989795914,0.31767030666238805,True,74
2.0,16,-148.9299428571446,0.05711997767857143,0.13826627845662998,0.11760507489636474,0.3201549966491206,True,75
2.0,16,-149.4435428571444,0.0575,0.13605832702805642,0.11992276785714284,0.3198218477636555,True,76
2.0,16,-149.0844571428596,0.05708761160714286,0.13167214131377136,0.11627743937340562,0.3136679930145059,True,77
2.0,16,-149.12971428571493,0.057209263392857146,0.1327287471300984,0.11849488356983412,0.31904409358649954,True,78
2.0,16,-149.58845714285917,0.05687723214285714,0.13313549488520593,0.1193036600765306,0.3085419626028708,True,79
2.0,16,-149.22160000000073,0.05748493303571429,0.13448543723214001,0.1221057410315689,0.31009334772082553,True,80
2.0,16,-149.34948571428762,0.05743136160714286,0.13494299918367147,0.12278157330197703,0.30416708180208896,True,81
2.0,16,-149.02182857143188,0.057238839285714285,0.13306471325255131,0.12008923852040815,0.30681457655481215,True,82
2.0,16,-149.13520000000233,0.05761662946428572,0.1303075065178554,0.12214090397799743,0.31862917836368,True,83
2.0,16,-149.42571428571577,0.05805245535714286,0.1296956042729569,0.12174932637117347,0.32306944248975256,True,84
2.0,16,-149.37245714285936,0.05725390625,0.1315339913137663,0.11988210295758928,0.3151263563298905,True,85
2.0,16,-149.114857142859,0.057759486607142856,0.12942184917092092,0.1224602987484057,0.31441813964984744,True,86
2.0,16,-149.07211428571642,0.057049107142857144,0.1323138499872485,0.11899928954081634,0.3098781958138622,True,87
2.0,16,-149.04228571428723,0.05701395089285714,0.1321223163265337,0.11955303089126279,0.31227000271592886,True,88
2.0,16,-149.49040000000187,0.05726729910714286,0.13438728723214766,0.12055241035554848,0.3053220347796446,True,89
2.0,16,-149.0864000000023,0.05702901785714286,0.13654989750000013,0.11720223150510206,0.32091391638470956,True,90
2.0,16,-149.07108571428898,0.0568515625,0.13607716346939114,0.11876327790178576,0.3087200599620288,True,91
2.0,16,-149.2426285714298,0.058071986607142856,0.13964054682397986,0.12020873624840561,0.3192200878951137,True,92
2.0,16,-149.54388571428734,0.057053571428571426,0.13079915713009882,0.11625384247448983,0.3134738467261372,True,93
2.0,16,-149.3268571428587,0.057417410714285716,0.13221499872449627,0.12032845727040814,0.3128515848382132,True,94
2.0,16,-148.9958857142885,0.05732645089285714,0.13601217096938711,0.12031312017697704,0.30256460965526855,True,95
2.0,16,-149.43360000000402,0.057632254464285715,0.12930706714285733,0.12067212496014029,0.316215870452189,True,96
2.0,16,-149.23360000000218,0.05715011160714286,0.13584782607142998,0.12330885008769132,0.3026203176296002,True,97
2.0,16,-148.98525714285952,0.05786941964285714,0.13496478774234077,0.12289322369260214,0.30817172248697133,True,98
2.0,16,-148.9480000000025,0.05731919642857143,0.13225512723213484,0.11951137372448972,0.309496400768281,True,99
2.5,16,-134.07291428572105,0.052415736607142854,0.10398696290612407,0.07919674614158168,0.32157681530758353,True,1
2.5,16,-134.66514285715084,0.052501674107142855,0.10138074775510177,0.08015874078443877,0.3134802406180376,True,0
2.5,16,-134.20205714286595,0.05177901785714286,0.10299676878366881,0.07826859234693875,0.3172045225230584,True,2
2.5,16,-134.14514285714898,0.05243526785714286,0.10277037632652991,0.08039039234693877,0.3062184213461371,True,3
2.5,16,-133.8980571428675,0.052061941964285714,0.10546287621224792,0.0794336088966837,0.3172325328449015,True,5
2.5,16,-134.14205714286362,0.05197935267857143,0.103453558783674,0.07798135813137758,0.3255229415208939,True,4
2.5,16,-134.41165714286828,0.05159095982142857,0.10306025792652462,0.07783889027423473,0.31162729295369795,True,6
2.5,16,-134.08022857143396,0.05222712053571429,0.10270363425306414,0.08204999103954079,0.2950770228572509,True,7
2.5,16,-134.09885714286722,0.0521640625,0.10348726346938747,0.07977919375000005,0.31110922971947175,True,8
2.5,16,-134.14000000000428,0.051782366071428575,0.10554729285714756,0.07724424630102039,0.32256284522179746,True,9
2.5,16,-134.31725714286785,0.05195647321428572,0.1050542352979619,0.0782192845663265,0.313490335520921,True,10
2.5,16,-134.47394285715396,0.051939174107142855,0.1032200684979557,0.0784432836415817,0.31673173915139585,True,11
2.5,16,-134.00205714286614,0.0513984375,0.1024103973551064,0.07951858303571431,0.2878946805733831,True,12
2.5,16,-133.92514285715325,0.052080357142857144,0.10537158346938441,0.07850039591836735,0.3093674496095038,True,13
2.5,16,-134.59988571429636,0.05195535714285714,0.10404102856326518,0.07813473163265305,0.3197454728998741,True,14
2.5,16,-134.350400000007,0.05220256696428571,0.10452154811428273,0.07715586068239798,0.3276448557786861,True,15
2.5,16,-133.9885714285819,0.05179464285714286,0.10803431836734945,0.0791198387755102,0.31290666293056535,True,17
2.5,16,-134.36422857143444,0.051599888392857146,0.10488794311020457,0.07770391935586729,0.3166135841887727,True,16
2.5,16,-134.21097142857903,0.05148883928571429,0.10332886762448652,0.07471837295918364,0.33207701138054935,True,18
2.5,16,-134.58228571429714,0.05215569196428571,0.10184306102041318,0.0800643696109694,0.3065712651535737,True,19
2.5,16,-134.3556571428647,0.05213002232142857,0.10505499964081765,0.08006884920280616,0.3083736821528863,True,20
2.5,16,-134.38560000000848,0.05220033482142857,0.10479667039999868,0.07971990277423467,0.31970265424001465,True,21
2.5,16,-134.6905142857214,0.0520234375,0.10748850804897757,0.08297547589285714,0.2901883757833099,True,22
2.5,16,-134.5969142857277,0.05180970982142857,0.10424302262041238,0.07801869741709183,0.31273533210093063,True,23
2.5,16,-134.44640000000783,0.05212834821428571,0.1048082543999999,0.07950033813775513,0.3066597784100651,True,24
2.5,16,-134.0333714285875,0.05195479910714286,0.10223838968162909,0.07815607114158159,0.31444929896159346,True,25
2.5,16,-134.4333714285763,0.05193415178571428,0.10495827539591573,0.07792951670918367,0.3170913420553608,True,26
2.5,16,-134.39622857143542,0.05265178571428571,0.10255170539591972,0.07949796224489797,0.3150483413566415,True,27
2.5,16,-133.4664000000056,0.0521171875,0.10480330154285639,0.07855920803571426,0.3227764124596826,True,28
2.5,16,-133.79291428572432,0.05195033482142857,0.1031999400489758,0.0784857134885204,0.3196215084350503,True,29
2.5,16,-134.07325714286512,0.052520647321428575,0.1035283030122423,0.08114889384566326,0.315018870168587,True,30
2.5,16,-134.6960000000048,0.05196372767857143,0.1003965542857145,0.07780525634566327,0.3221471022939948,True,31
2.5,16,-133.95222857144034,0.05229464285714286,0.10444257368163334,0.08180743163265305,0.29867698918668617,True,32
2.5,16,-134.4894857142928,0.051897879464285715,0.10357402376326717,0.07690022318239796,0.31972102602466035,True,33
2.5,16,-134.0096000000096,0.05202455357142857,0.10361662811428005,0.07966269183673469,0.3070598012519863,True,34
2.5,16,-134.50777142858092,0.05176897321428572,0.10445062653877585,0.07847063456632651,0.3022182187276793,True,35
2.5,16,-134.34228571429898,0.05179520089285714,0.102290203877551,0.07768378542729591,0.3224448021749097,True,36
2.5,16,-134.41280000000876,0.05145870535714286,0.10265246902856916,0.07945523609693877,0.29788918868104497,True,37
2.5,16,-134.52845714286696,0.05216071428571428,0.10246660101224507,0.07962031938775511,0.3188746228130499,True,38
2.5,16,-134.14742857143565,0.05137388392857143,0.10197464408163569,0.076612249872449,0.32198618265662426,True,39
2.5,16,-134.85874285715383,0.05211160714285714,0.1055311004408145,0.08026608877551028,0.29920825390692396,True,40
2.5,16,-134.15828571429768,0.052522879464285716,0.10238239816326768,0.07876193746811225,0.32352060598242127,True,41
2.5,16,-134.11131428572236,0.051532366071428574,0.10343774142041184,0.07828597844387751,0.3094166879674266,True,42
2.5,16,-134.82182857143755,0.05165792410714286,0.10237513076735012,0.07921438007015302,0.30573186710333744,True,43
2.5,16,-134.18285714286608,0.051483258928571425,0.10349635918367767,0.07782408915816333,0.30965555043369797,True,44
2.5,16,-134.5220571428672,0.05135546875,0.10450314592653058,0.07808967343749998,0.30013933971067897,True,45
2.5,16,-134.09485714286959,0.05217857142857143,0.1044899191836771,0.08049470612244898,0.3066415800911012,True,46
2.5,16,-134.50834285715086,0.052224330357142856,0.10307186364081417,0.08097291466836737,0.3093229391199577,True,47
2.5,16,-134.33051428572244,0.051879464285714286,0.1007506966204096,0.07659212295918368,0.32536281122321076,True,48
2.5,16,-134.13451428572577,0.05217857142857143,0.10479074833469212,0.0810482775510204,0.30669301822107775,True,49
2.5,16,-134.48811428572446,0.052640625,0.10431337599183735,0.08174642142857139,0.3121221142486793,True,50
2.5,16,-133.97268571429305,0.05203069196428572,0.1034121051346915,0.07918411603954074,0.3136497226877665,True,51
2.5,16,-134.28514285714888,0.05158035714285714,0.10759409775510222,0.07820737806122446,0.3086633055795165,True,52
2.5,16,-133.94045714286878,0.05186607142857143,0.10685972701224272,0.07769154540816325,0.30636887705543103,True,53
2.5,16,-134.2470857142971,0.05228515625,0.1022474429061208,0.08045344308035718,0.30768488895514545,True,54
2.5,16,-134.87680000000876,0.052707589285714285,0.10392831360000628,0.08004055153061224,0.30791862257789926,True,55
2.5,16,-134.14274285715175,0.052103794642857144,0.1021785795836695,0.07954588966836731,0.3160292376549706,True,56
2.5,16,-133.90365714287117,0.05223660714285714,0.10229522735510273,0.0799536459183674,0.30851281768621397,True,57
2.5,16,-134.13714285715125,0.051978794642857144,0.10248538775510269,0.07977189681122449,0.3117611436546516,True,58
2.5,16,-134.54422857143555,0.05149832589285714,0.10681054168163427,0.07914578364158165,0.3077097451282468,True,59
2.5,16,-134.89371428572338,0.05266071428571428,0.10139942530611962,0.08062578367346945,0.3121911974147549,True,60
2.5,16,-134.15714285714864,0.051978794642857144,0.10282456632653066,0.07875403966836735,0.31286913123168925,True,61
2.5,16,-134.121714285722,0.051203125,0.10566114102040729,0.07706570357142853,0.30627445287272137,True,62
2.5,16,-133.82125714287068,0.052195870535714284,0.1053399175836762,0.07826226961096944,0.33480797178221555,True,63
2.5,16,-134.20845714286662,0.051745535714285716,0.10342724101224576,0.07696817653061223,0.3217781949592057,True,64
2.5,16,-134.05462857143485,0.05203738839285714,0.10448727768163735,0.07869221935586741,0.31274058403315996,True,65
2.5,16,-134.23417142858315,0.052171875,0.1042980701959209,0.07765867142857147,0.31744529029509905,True,66
2.5,16,-133.9915428571542,0.05219140625,0.10336144101224817,0.08183588236607142,0.2932979849525752,True,67
2.5,16,-133.9038857142959,0.051921316964285716,0.10645171199183551,0.08090909282525507,0.31514282183645326,True,68
2.5,16,-133.7142857142952,0.05157087053571428,0.10449743673469584,0.08088771603954084,0.29739004024534477,True,69
2.5,16,-134.44194285715352,0.05233426339285714,0.10108821478367418,0.0793434282844388,0.32171548358628965,True,70
2.5,16,-133.82902857144038,0.0515078125,0.10566778762449075,0.07860397946428571,0.311687859741807,True,71
2.5,16,-133.8424000000071,0.05217410714285714,0.10593670497142967,0.08115580306122455,0.31245388977152433,True,73
2.5,16,-134.17200000001046,0.051793526785714285,0.1066623100000038,0.07799417742346942,0.3180804968974149,True,72
2.5,16,-134.6733714285756,0.05216685267857143,0.10655043539591816,0.07841344741709184,0.3178102901543076,True,74
2.5,16,-134.15817142858106,0.05237611607142857,0.10115830648163637,0.08013819630102043,0.30989287831993884,True,75
2.5,16,-134.61920000000916,0.05291741071428571,0.0991970553142869,0.08107290867346939,0.31281305443935314,True,76
2.5,16,-134.38891428572265,0.0516171875,0.0997629517632663,0.07917085446428569,0.31249027996425127,True,77
2.5,16,-134.1745142857231,0.05171819196428572,0.1037586797632639,0.07636791961096936,0.3150119186663154,True,78
2.5,16,-134.18948571429516,0.052489955357142855,0.10244350233469049,0.08365415038265311,0.2982184151633648,True,79
2.5,16,-134.35280000001094,0.05192410714285714,0.10229009331428415,0.07891446734693881,0.31475824036253996,True,80
2.5,16,-134.52525714286807,0.05161328125,0.10303385129795288,0.07849986986607145,0.2928861120552332,True,81
2.5,16,-134.12857142857797,0.052420758928571426,0.10267321122448948,0.07997073201530616,0.30561974714393303,True,82
2.5,16,-134.24697142857957,0.05226897321428572,0.102365306767349,0.07865773099489792,0.31947207602556715,True,83
2.5,16,-134.66068571429324,0.05201283482142857,0.10532112684898266,0.07792570634566327,0.3186200575427037,True,84
2.5,16,-134.09611428572072,0.051971540178571425,0.10222348342040732,0.07964442955994899,0.3145562734741707,True,85
2.5,16,-134.16560000001218,0.05200055803571429,0.10087006040000006,0.0801296803252551,0.2976632776343796,True,86
2.5,16,-134.32240000000724,0.052200892857142855,0.10337217925714412,0.0797864816326531,0.3041139031135611,True,87
2.5,16,-134.42800000001097,0.05226004464285714,0.10491110999999818,0.08082071109693878,0.30151390750842155,True,88
2.5,16,-134.09508571429606,0.052087611607142856,0.10188303490612725,0.07961207649872454,0.30581630633064083,True,89
2.5,16,-133.75268571429726,0.051844866071428575,0.10235674370612059,0.07932835344387752,0.313102487725073,True,90
2.5,16,-134.33142857143548,0.051659598214285715,0.10167786122449343,0.07966965956632653,0.2991869227127689,True,91
2.5,16,-134.1321142857221,0.05228069196428571,0.1004207482775496,0.0798677624681123,0.31260470371832516,True,92
2.5,16,-134.4140571428666,0.05277399553571428,0.1035310193551004,0.07909314282525513,0.333753677030011,True,93
2.5,16,-133.88114285715213,0.052195870535714284,0.10560374204081427,0.07988816246811226,0.3094767685064641,True,94
2.5,16,-134.38080000001023,0.052210379464285715,0.10017862674285424,0.07821518746811225,0.3142764122576214,True,95
2.5,16,-133.9182857142941,0.05210267857142857,0.10424314102041307,0.07841404897959184,0.3136079849268394,True,96
2.5,16,-134.12697142858124,0.05121651785714286,0.10301255248163216,0.07585024234693877,0.3254191685530182,True,97
2.5,16,-134.24125714286896,0.05236607142857143,0.1046848790122408,0.07863298469387754,0.3205786174434059,True,98
2.5,16,-133.8227428571525,0.052011160714285715,0.10756367672653595,0.07898751224489797,0.30718545993473567,True,99
3.0,16,-122.28834285715303,0.04891350446428572,0.08442875550453503,0.05775942259247446,0.3250092548873109,True,0
3.0,16,-121.43211428572125,0.048426897321428575,0.0875806634863952,0.05785419427614791,0.3026826311956563,True,1
3.0,16,-121.54788571429619,0.048905691964285715,0.08779453551020645,0.05830119789009354,0.3072388330717567,True,2
3.0,16,-121.82354285714892,0.04927455357142857,0.08593021578231151,0.057308142006802745,0.32596924786208126,True,3
3.0,16,-122.5146285714402,0.04917131696428571,0.08424489223923043,0.059671496997236395,0.3116433145542058,True,4
3.0,16,-122.6332571428586,0.049241071428571426,0.08738761518707605,0.058867517006802775,0.31800718865198063,True,5
3.0,16,-121.65840000000928,0.048699776785714285,0.08710435305555819,0.05707560321003402,0.31752364267018773,True,6
3.0,16,-122.79108571429019,0.04913560267857143,0.08321615598639436,0.05846514665710034,0.32481267869567676,True,7
3.0,16,-122.46914285714723,0.048986607142857144,0.08346717106009056,0.057854255527210866,0.32169722796273625,True,8
3.0,16,-122.30091428572275,0.04870982142857143,0.08530268316893579,0.0584828086734694,0.2964624466240847,True,9
3.0,16,-122.5208000000117,0.04970591517857143,0.08490386480158997,0.060770930883290775,0.30508513624921885,True,10
3.0,16,-122.48354285715236,0.048915178571428575,0.08319280407596273,0.057344219387755094,0.3239771083427715,True,11
3.0,16,-122.21382857143725,0.048295200892857146,0.08621396462018065,0.05790768428465132,0.3107679887039708,True,12
3.0,16,-122.3504000000141,0.04898158482142857,0.0855556782539703,0.06005342195471937,0.2988461708595451,True,13
3.0,16,-121.92365714286936,0.048979910714285715,0.0847750100680263,0.05786856972789115,0.3132823171803961,True,14
3.0,16,-122.59417142857859,0.04903180803571429,0.08439669160430678,0.059121459794855426,0.321318520907939,True,15
3.0,16,-122.53360000000981,0.04915736607142857,0.08369403876984036,0.058348264774659854,0.3149546297037371,True,16
3.0,16,-122.53360000000997,0.048385044642857145,0.08380118162698519,0.056284586628401335,0.3217994615353439,True,17
3.0,16,-122.53165714286685,0.04909933035714286,0.08564850848072642,0.059227726509353706,0.3071728598666179,True,18
3.0,16,-122.5332571428649,0.04898493303571429,0.08402832451247219,0.05828063985437926,0.31574878664505956,True,19
3.0,16,-122.1465142857242,0.04874553571428571,0.08380496868480553,0.05684726020408163,0.32701240183916214,True,20
3.0,16,-122.0032000000123,0.04874609375,0.08576697968254068,0.05924384542410717,0.30049712619589775,True,21
3.0,16,-122.63108571429825,0.04952455357142857,0.08574761630385473,0.05931910331632654,0.3131701044384424,True,22
3.0,16,-122.18137142857591,0.049199776785714286,0.0884461985884373,0.060225936543367345,0.3026681196011701,True,23
3.0,16,-121.9747428571468,0.049051339285714285,0.0836299612188177,0.05852365008503402,0.31253445398034785,True,24
3.0,16,-121.54514285714811,0.04897823660714286,0.08235250340135912,0.059238404522746604,0.3022312504517254,True,25
3.0,16,-122.14731428572149,0.04902232142857143,0.08261693015306311,0.05730518962585033,0.3249615257933408,True,26
3.0,16,-122.6712000000094,0.04844140625,0.08100248226190526,0.05695189601934525,0.31558315209261045,True,27
3.0,16,-122.5837714285717,0.04922265625,0.08378970712018309,0.0583334436383928,0.32330867558032184,True,28
3.0,16,-121.83382857143643,0.04849553571428571,0.08486904696145262,0.05675953401360545,0.3199307651478953,True,29
3.0,16,-121.8657142857233,0.04867354910714286,0.08559812570861583,0.05757087773703229,0.3180416576602415,True,30
3.0,16,-122.61268571429447,0.04895535714285714,0.08442096189909559,0.05920248767006804,0.30571357627722195,True,31
3.0,16,-122.32617142858031,0.04934263392857143,0.08603906283446605,0.05842272310799316,0.3129322357989843,True,32
3.0,16,-121.8467428571498,0.049150669642857144,0.0815415516950111,0.05732631579506801,0.31818638316919945,True,33
3.0,16,-122.39725714286227,0.04946986607142857,0.08187967927437415,0.057850645727040795,0.32320629200380124,True,34
3.0,16,-122.65828571429567,0.04943973214285714,0.08812850566893281,0.05966599659863947,0.3176098724622609,True,35
3.0,16,-122.27257142858137,0.049255022321428574,0.08771830938208641,0.05887284159757651,0.3199618420757422,True,36
3.0,16,-122.48045714286489,0.04882868303571428,0.08501338086167859,0.05963318449723638,0.3059819830730156,True,37
3.0,16,-122.03805714286321,0.048484375,0.08642921264739162,0.0588563601190476,0.30270571752576547,True,38
3.0,16,-122.08662857144283,0.04902008928571429,0.08510856823129131,0.0592807096088435,0.30986510358117536,True,39
3.0,16,-121.6962285714365,0.04902957589285714,0.08784359997732435,0.05968775720131806,0.30124793693326035,True,40
3.0,16,-122.21337142857513,0.048604910714285715,0.08568722398526063,0.056726403061224485,0.31563213629336373,True,41
3.0,16,-122.53108571429458,0.04928180803571429,0.08122218475623476,0.059435560985331606,0.31460106983699876,True,42
3.0,16,-122.01771428571499,0.049179129464285716,0.08465700666099786,0.05903189729485543,0.3229710044103128,True,43
3.0,16,-122.68342857143621,0.04902957589285714,0.08376362585033882,0.059019974463222824,0.3077640959541631,True,44
3.0,16,-121.99565714286234,0.04889341517857143,0.08707808705215332,0.058206481478528874,0.30875990597518777,True,45
3.0,16,-122.10297142858099,0.048709263392857145,0.08678992176303603,0.057425133689413266,0.31508898013865005,True,46
3.0,16,-122.0709714285807,0.0489140625,0.08399392493764107,0.057667524553571416,0.3220594601232869,True,47
3.0,16,-122.39371428572242,0.04860379464285714,0.0833589114229009,0.05830783365221093,0.3066859906450844,True,48
3.0,16,-122.4189714285818,0.0496953125,0.08561285965986404,0.058607703125000035,0.3235277274289948,True,49
3.0,16,-121.94057142858344,0.049116629464285716,0.08518695918367393,0.0608474359853316,0.29726323348768324,True,50
3.0,16,-122.15245714286783,0.049023995535714286,0.08362784832199882,0.0584721725924745,0.3146363910251523,True,51
3.0,16,-121.95840000000639,0.048497767857142854,0.08373028063491875,0.056612338860544245,0.32237273931122035,True,52
3.0,16,-122.15382857144164,0.04918080357142857,0.0863401263265323,0.058621082482993206,0.30941507698462856,True,53
3.0,16,-122.464571428579,0.048553571428571425,0.08267180144557784,0.05871008545918369,0.30363741567564007,True,54
3.0,16,-122.24182857143495,0.048789620535714284,0.0825958874376427,0.0597803794377126,0.29230767890891385,True,55
3.0,16,-122.46240000001227,0.04920758928571429,0.08447624650793589,0.05633220663265304,0.333502693025037,True,56
3.0,16,-121.93714285714981,0.04887890625,0.0862826502267598,0.059121059709821434,0.3161577612935198,True,57
3.0,16,-122.1478857142933,0.048521763392857145,0.08551693630385336,0.05774385095131799,0.3099272526674045,True,58
3.0,16,-122.22548571429625,0.04885546875,0.08408547205782292,0.059678135602678574,0.30106437793712437,True,59
3.0,16,-122.07062857143337,0.04957366071428571,0.0855001364852615,0.05926246556122453,0.31087676979849976,True,60
3.0,16,-122.20308571429278,0.04930691964285714,0.08519321015306108,0.06036697055697282,0.30100895017366613,True,61
3.0,16,-122.35862857143886,0.04893080357142857,0.0827333047392279,0.058115543792517,0.32128982374851345,True,62
3.0,16,-122.63577142857748,0.04883984375,0.0819446430328799,0.05883741387648811,0.31194889410878657,True,63
3.0,16,-122.415542857156,0.04892299107142857,0.0838058475283437,0.05769380048894557,0.3188400184940017,True,64
3.0,16,-122.26491428572449,0.048834263392857145,0.08289906392290113,0.05878608309417517,0.3184989531964215,True,65
3.0,16,-121.97394285715451,0.04921707589285714,0.08369319736961403,0.057622135177508506,0.32320400446029274,True,66
3.0,16,-121.9888000000092,0.04828125,0.08242780269841335,0.05687440476190475,0.30913194353341744,True,67
3.0,16,-122.14457142857964,0.04921986607142857,0.08236013477891173,0.05734032727465983,0.32938588371621147,True,68
3.0,16,-122.32617142858021,0.04879575892857143,0.08349953902494336,0.05660519334608845,0.32761816224934803,True,69
3.0,16,-121.9147428571479,0.049234375,0.08314160705215319,0.058534651785714334,0.30899773190192936,True,70
3.0,16,-122.17782857143996,0.049176339285714285,0.08505722712018127,0.06077462329931971,0.3051376985029114,True,71
3.0,16,-122.56857142858024,0.04892689732142857,0.08604865858843722,0.05684514963329083,0.3208261374058625,True,72
3.0,16,-122.22434285714617,0.049000558035714285,0.08287442534580375,0.0606425520567602,0.29888823586983804,True,73
3.0,16,-121.8757714285805,0.04913783482142857,0.08369369858843673,0.05795386838329086,0.3222376477878891,True,74
3.0,16,-122.22480000000951,0.04881696428571428,0.08300393940476249,0.059755941751700695,0.29152887143588724,True,75
3.0,16,-122.1138285714324,0.04928013392857143,0.08583207473922745,0.05801641953656459,0.3276563218968578,True,76
3.0,16,-122.36777142857687,0.049671316964285714,0.08503478727891117,0.059475044616284015,0.32278080888444083,True,77
3.0,16,-122.34560000000498,0.04906640625,0.08588839809523642,0.05754500613839286,0.3181123039574483,True,78
3.0,16,-122.54125714286927,0.049236049107142854,0.08365379990929887,0.06068669321322284,0.30029814198124305,True,79
3.0,16,-122.22262857144115,0.04957979910714286,0.08445507537414916,0.06124084797512752,0.303676502817952,True,80
3.0,16,-122.68640000000534,0.0489453125,0.0819803512698398,0.05662010788690478,0.32165711396517893,True,81
3.0,16,-122.65017142858572,0.04912388392857143,0.08609168525510175,0.05790845822704083,0.3148869097066175,True,82
3.0,16,-122.07977142858174,0.04908035714285714,0.08116803172335728,0.05855372278911567,0.3111966660089198,True,83
3.0,16,-122.32651428571623,0.04921205357142857,0.08306087047052005,0.05776123129251705,0.3133908861442303,True,84
3.0,16,-122.40297142858311,0.04899944196428571,0.08548840886621178,0.057565575866284004,0.3160316997212268,True,85
3.0,16,-122.41085714286282,0.04815959821428571,0.08542387740930085,0.05648604368622452,0.3131397814217973,True,86
3.0,16,-122.09542857143872,0.048933035714285714,0.08502596811224489,0.05714675425170068,0.3261691009386928,True,87
3.0,16,-122.14834285714593,0.0489609375,0.08457909975056783,0.056951991815476166,0.32930468413591196,True,88
3.0,16,-122.41360000000711,0.04879575892857143,0.08418797527777934,0.05770787191751703,0.32495717139851277,True,89
3.0,16,-121.97417142857856,0.04858816964285714,0.0859839961678001,0.05717737829506804,0.31652253046117906,True,90
3.0,16,-122.28160000000948,0.04890625,0.08109399492063336,0.05819776785714288,0.32121020286705904,True,91
3.0,16,-122.38788571429947,0.048965959821428574,0.08343882519274438,0.05843104249043363,0.31137401596271863,True,92
3.0,16,-122.41748571429373,0.04832087053571429,0.08256816094671314,0.057931540151998265,0.3113134370104922,True,93
3.0,16,-122.13222857144194,0.04932589285714286,0.08678272874716303,0.05740445195578229,0.3340635314445395,True,94
3.0,16,-122.28342857143633,0.049204241071428574,0.08123941950113472,0.057874833227040824,0.3220790928425882,True,95
3.0,16,-121.99542857143838,0.04918191964285714,0.08349491156462581,0.05855144674744901,0.3118257810127715,True,96
3.0,16,-122.49108571429666,0.049268973214285715,0.08297223237528407,0.05962180856717687,0.30908073659339497,True,97
3.0,16,-122.06445714286654,0.04931194196428571,0.08812224435374263,0.05861916217580787,0.31864946770341995,True,98
3.0,16,-122.51782857143546,0.04912890625,0.08679766462017982,0.059264601376488105,0.31074317008718166,True,99
3.5,16,-112.50480000000603,0.047292410714285714,0.07137731408163325,0.046387128644314865,0.3213264934726944,True,0
3.5,16,-112.75417142858394,0.04653794642857143,0.07603603581424416,0.04469290233236151,0.3140275247350677,True,1
3.5,16,-111.60560000000801,0.04671875,0.07186103956268179,0.046758418367346906,0.29516154771485226,True,2
3.5,16,-112.47588571428986,0.046964285714285715,0.07353542317367748,0.04659635568513117,0.30362228680890235,True,3
3.5,16,-112.5642285714333,0.04744921875,0.07149029167430274,0.047444792251275514,0.3048008622632764,True,4
3.5,16,-111.7281142857237,0.04674107142857143,0.06964252127863338,0.0460688411078717,0.31063895891248827,True,5
3.5,16,-112.00525714285999,0.047049665178571426,0.07051812529779308,0.04702535147139215,0.3026652336115002,True,6
3.5,16,-111.8296000000044,0.046536272321428575,0.0711244144897951,0.04493086167547374,0.3158617440838535,True,7
3.5,16,-112.18468571429311,0.04719810267857143,0.07249886107455128,0.047340737950983966,0.31515404853077744,True,8
3.5,16,-112.32297142857878,0.046996651785714286,0.0732683703623521,0.0469647976494169,0.2964376191112532,True,9
3.5,16,-112.27131428571863,0.04652120535714286,0.06870754737192897,0.044298561497813395,0.3280696381619914,True,10
3.5,16,-112.49062857143112,0.04699330357142857,0.07089982986672147,0.04603851712827987,0.31169739505791216,True,11
3.5,16,-112.68274285714911,0.04681696428571429,0.06944681101207936,0.0472720750728863,0.2892194956211597,True,12
3.5,16,-112.64960000000708,0.047262834821428575,0.0732995507871727,0.0472015300428207,0.3145979112338384,True,13
3.5,16,-112.33142857143366,0.04696261160714286,0.07030246563931658,0.04548014647868073,0.3153016752577451,True,14
3.5,16,-112.24617142857997,0.047154017857142856,0.07093641934194199,0.04686898688046646,0.3058943635049646,True,15
3.5,16,-112.4681142857258,0.04673381696428571,0.06936435145355946,0.04589602293640671,0.3138375164975823,True,16
3.5,16,-112.03840000000713,0.047021763392857144,0.07098326157434465,0.04680406867255828,0.30079464391632615,True,17
3.5,16,-112.30754285714553,0.04683482142857143,0.07049966480216674,0.04622437172011663,0.3058859603369193,True,18
3.5,16,-112.30914285714574,0.04684765625,0.07017311109954236,0.04530877822066324,0.32472385771302836,True,19
3.5,16,-112.51485714285906,0.04723883928571428,0.06949398573510908,0.04494567456268223,0.32572593744224076,True,20
3.5,16,-112.54045714285897,0.04713616071428572,0.07298659541440919,0.04735948833819241,0.31173103517960055,True,21
3.5,16,-112.51154285714934,0.04669754464285714,0.07235148448146575,0.04570975027332362,0.31218071828519833,True,22
3.5,16,-111.88674285714673,0.046681919642857145,0.07372538491878393,0.04541245180393583,0.3160755228400254,True,23
3.5,16,-112.8181714285721,0.04711774553571429,0.0729873874177438,0.04493685712008017,0.32232329699858886,True,24
3.5,16,-112.4274285714317,0.04728515625,0.06998757351103665,0.04726559709821428,0.30843439109428306,True,25
3.5,16,-112.71977142857705,0.046395089285714286,0.07105345770928904,0.045721355685131214,0.29748255359215015,True,26
3.5,16,-112.79028571429008,0.046966517857142856,0.0697420981882535,0.0470003440233236,0.2987856866159859,True,27
3.5,16,-112.63965714286331,0.04653013392857143,0.07021375506455653,0.045394362153790065,0.31374302294206446,True,28
3.5,16,-112.63668571429663,0.046380580357142855,0.07102726763431914,0.044127847212099135,0.3262670790481862,True,29
3.5,16,-112.02948571429606,0.04702957589285714,0.06951202597251294,0.04704879443786445,0.3049174958536893,True,30
3.5,16,-112.28320000000791,0.04691462053571428,0.07217973142857137,0.04714609053844754,0.30425807203301614,True,31
3.5,16,-112.30788571429053,0.04705803571428571,0.07195099693461132,0.04728390160349855,0.29818776629146304,True,32
3.5,16,-112.47965714286335,0.04648158482142857,0.0678675393211157,0.04628539483873907,0.2984544708149621,True,33
3.5,16,-112.45371428571671,0.046725446428571425,0.07212543565181219,0.046378147230320695,0.3068265458920516,True,34
3.5,16,-112.65108571429269,0.04684933035714286,0.0720977392378165,0.04819701813046647,0.2900413435481024,True,35
3.5,16,-112.31668571429104,0.046878348214285714,0.07026799066638875,0.04575988438411078,0.3211356881340113,True,36
3.5,16,-112.92354285715285,0.04637220982142857,0.06973755284881364,0.0461280338693513,0.29614603937381767,True,37
3.5,16,-111.8533714285781,0.04690234375,0.06818594298625631,0.045929632812499996,0.3161413288211793,True,38
3.5,16,-112.26628571429264,0.04695814732142857,0.06968001291128778,0.04643013846118804,0.31000227200390995,True,39
3.5,16,-112.44102857143258,0.04699497767857143,0.07135917167430395,0.04654374943057582,0.30830465068037505,True,40
3.5,16,-112.29051428572235,0.04614174107142857,0.07186544871303586,0.04550499735787174,0.3000421799119485,True,41
3.5,16,-112.43360000000249,0.04728236607142857,0.06884576244897928,0.04772096164358601,0.3053299667434528,True,42
3.5,16,-111.72617142858367,0.04756696428571429,0.07264133770928828,0.04675069241982507,0.3071627502140446,True,43
3.5,16,-112.29828571428831,0.046563616071428574,0.06921314410662283,0.04626554837827986,0.3038283856375589,True,44
3.5,16,-112.12308571429242,0.0469375,0.06858685993752457,0.04608039030612246,0.31159564253179706,True,45
3.5,16,-111.7380571428574,0.046873883928571426,0.07167998640566413,0.045769770317055425,0.31182602188637765,True,46
3.5,16,-112.27245714286106,0.04659765625,0.06827475445231058,0.04583955883290816,0.30938648673416136,True,47
3.5,16,-111.87565714285962,0.046887834821428574,0.07086953042898773,0.04488726473669824,0.32243129462123077,True,48
3.5,16,-112.47177142857288,0.04631696428571429,0.07321585012911262,0.0451060495626822,0.3160575033755415,True,49
3.5,16,-112.8360000000047,0.04765680803571429,0.0714239307580181,0.04775806757926383,0.31594472967828857,True,50
3.5,16,-112.33051428571711,0.04696261160714286,0.07062714842148969,0.04648110311133381,0.2914066243187817,True,51
3.5,16,-112.42194285714852,0.046424665178571425,0.06952491935027183,0.04605898667547376,0.29719538346529095,True,52
3.5,16,-112.46628571428747,0.04666015625,0.07177964847979912,0.0466661073022959,0.2947695871830197,True,53
3.5,16,-113.14971428571891,0.04699944196428572,0.07120700708038229,0.04495087625273321,0.32095509678665335,True,54
3.5,16,-112.47954285714391,0.04688839285714286,0.06806392996251552,0.04534469351311952,0.3158407682018236,True,55
3.5,16,-111.799771428581,0.046670200892857144,0.0734522303040404,0.044903341631741985,0.31365429855713944,True,56
3.5,16,-112.63725714286704,0.046976004464285716,0.07073132121616206,0.045680854569059744,0.32362051490243193,True,57
3.5,16,-112.4008000000025,0.04719921875,0.07172822137026313,0.04641689684311226,0.31551336672855457,True,58
3.5,16,-112.06788571429087,0.04670591517857143,0.07129217477717659,0.04590368055302478,0.31179483341237746,True,59
3.5,16,-112.06285714286345,0.046922433035714285,0.07104614535610114,0.04655866834456994,0.30259115496773936,True,60
3.5,16,-112.74662857144315,0.04717410714285714,0.0720869342399009,0.04637706596209913,0.31367116735273604,True,61
3.5,16,-112.43234285714621,0.04691796875,0.07331581803831697,0.04495729480229591,0.3278354222110301,True,62
3.5,16,-112.33200000000564,0.04713671875,0.0731331027696798,0.046183606026785694,0.3224672578053225,True,63
3.5,16,-112.63520000000794,0.047256138392857146,0.06934096058309051,0.047004202601129724,0.3019599409116275,True,64
3.5,16,-112.751542857143,0.0468984375,0.06935295386922195,0.044759526147959194,0.3166041986423125,True,65
3.5,16,-112.61222857143245,0.04681696428571429,0.07134680362765565,0.04395128425655976,0.3294025432669514,True,66
3.5,16,-112.03817142857777,0.047494419642857146,0.07005434587255345,0.0467407502733236,0.3182314118574747,True,67
3.5,16,-112.47097142857076,0.04692131696428571,0.07057151336526572,0.04727423722212103,0.3097745329865591,True,68
3.5,16,-112.80205714285835,0.04675167410714286,0.06903708319866755,0.045760207703170554,0.3086107267645858,True,69
3.5,16,-112.52160000000528,0.04697767857142857,0.0722294539941709,0.046223718658892105,0.3117255830418638,True,70
3.5,16,-112.26068571429117,0.04689174107142857,0.0692892046605592,0.04505610194970844,0.32349501201166364,True,71
3.5,16,-111.89600000000426,0.047148995535714285,0.06996226530612157,0.04737221936497815,0.3017263579340871,True,72
3.5,16,-112.83828571429511,0.04747265625,0.06786824979175313,0.0461526047512755,0.3216636921099183,True,73
3.5,16,-112.46148571428961,0.046573102678571426,0.07078415891711866,0.04655025325710642,0.29796878769449664,True,74
3.5,16,-111.65691428571644,0.04634765625,0.07107097874218975,0.04558122209821429,0.30116251226529844,True,75
3.5,16,-112.58262857143767,0.04700390625,0.07056720698042505,0.046149135363520416,0.32166206284217735,True,76
3.5,16,-112.77805714286453,0.0475078125,0.07193949660974658,0.04570349043367343,0.32620587499147347,True,77
3.5,16,-111.90194285714595,0.04678292410714286,0.07006772109954099,0.04540802147868073,0.3205395607517104,True,78
3.5,16,-111.9622857142896,0.04707645089285714,0.07115779716784638,0.046946489590925636,0.3047210490065928,True,79
3.5,16,-112.09908571429787,0.047396205357142854,0.0684295514827157,0.04659939057944608,0.3151581203581576,True,80
3.5,16,-112.70400000000892,0.047100446428571426,0.07178271720116597,0.04657313192419827,0.3021525072818505,True,81
3.5,16,-112.516914285714,0.04682645089285714,0.07084852757600923,0.046852665611333846,0.2967257870602802,True,82
3.5,16,-112.01314285714928,0.046887276785714284,0.07201099448146736,0.0460197593841108,0.307567983694238,True,83
3.5,16,-112.88937142857485,0.04713169642857143,0.07095838598917226,0.045392820699708444,0.32238319711886376,True,84
3.5,16,-112.51485714286027,0.04716127232142857,0.0673472801957508,0.04632292800200439,0.31164589643830043,True,85
3.5,16,-112.22411428572133,0.04640569196428571,0.0719889107830062,0.04633768492620262,0.3073778180291856,True,86
3.5,16,-112.25451428571797,0.046975446428571425,0.07103126810079108,0.045764568148688074,0.30885896118507794,True,87
3.5,16,-112.31394285714984,0.047119419642857145,0.07213734690129125,0.04595130639577257,0.31690224037282866,True,88
3.5,16,-112.21222857143397,0.04651395089285714,0.07171050625156254,0.04444566306031342,0.3271815333348568,True,89
3.5,16,-112.49611428571201,0.04684486607142857,0.07037314751770114,0.04561600501093297,0.3124249068319622,True,90
3.5,16,-112.21177142857667,0.04676674107142857,0.07094718613494451,0.045191744806851314,0.31415916943120226,True,91
3.5,16,-112.06194285714155,0.046787946428571425,0.07025860156601405,0.04451124416909624,0.322127474892533,True,92
3.5,16,-112.66445714286635,0.04690904017857143,0.07050825241149443,0.044927051726494166,0.32371609105809784,True,93
3.5,16,-112.38651428571958,0.047163504464285716,0.07010787203665175,0.046612056099671985,0.3133429600734815,True,94
3.5,16,-112.68822857142672,0.046499441964285716,0.06765129327780064,0.04502523849763116,0.3097296072501198,True,95
3.5,16,-111.97702857143413,0.04631975446428571,0.0707967705081213,0.04575854079354955,0.30254863806137466,True,97
3.5,16,-112.24102857143694,0.04696261160714286,0.07031584805914157,0.046970261274599114,0.3020562924253265,True,96
3.5,16,-112.18194285715005,0.047154017857142856,0.07023270943773531,0.0460351220845481,0.322108700114365,True,98
3.5,16,-112.40925714286443,0.046829799107142855,0.07047210095377021,0.04655677020317055,0.300628181869223,True,99
0.1,24,-565.6488571428569,0.04890550595238095,0.27996257083739484,0.14313918331916753,0.6520480616929952,False,0
0.1,24,-596.3233714285707,0.09878298611111112,0.005127391715278563,0.05508827628965873,0.6653644453357326,False,1
0.1,24,-600.5390285714271,0.09143402777777777,0.034378407609539044,0.1620811210317541,0.6622932053730758,False,2
0.1,24,-602.2036571428561,0.17355133928571428,0.012997677994361662,0.05090452062077144,0.6662811323078914,False,3
0.1,24,-602.2062857142838,0.11552604166666666,0.013405839025734972,0.04890143105158784,0.6658609528300621,False,4
0.1,24,-601.767657142855,0.16027876984126985,0.015866011330621804,0.5103140816326657,0.6621231636137891,False,5
0.1,24,-591.8235428571417,0.14747519841269838,0.015499011321177624,0.07733971088438762,0.6658340870514334,False,6
0.1,24,-627.3130285714257,0.12475421626984128,0.01906775283310303,0.06196106823979086,0.6657442083299177,False,7
0.1,24,-601.4674285714269,0.06405183531746032,0.009282086193707071,0.027917003613939784,0.6650568784355786,False,8
0.1,24,-595.3082857142847,0.03856696428571429,0.16959522391617707,0.12233559948979539,0.6475233437775954,False,9
0.1,24,-611.3759428571406,0.07208556547619048,0.015034443893253204,0.08183737209466524,0.6634118921663049,False,10
0.1,24,-619.833999999998,0.17164087301587305,0.011227876954459738,0.21102354875277118,0.6650537421583376,False,11
0.1,24,-614.215028571426,0.3503859126984127,0.012579836200327713,0.03117292517014647,0.6666088342669827,False,12
0.1,24,-589.2299999999989,0.022521577380952378,0.014062003982770771,0.0916013857001146,0.6359220732381198,False,13
0.1,24,-602.6760571428557,0.14368998015873016,0.008249681953505688,0.02761119472790563,0.66636595293222,False,14
0.1,24,-599.3996571428557,0.11107539682539683,0.013301566913368229,0.1013765816326595,0.6647897813367194,False,15
0.1,24,-577.0115428571419,0.05917881944444444,0.012992741499652358,0.09581353422619288,0.6607523748641184,False,16
0.1,24,-560.6957714285705,0.09207142857142857,0.007201260753693833,0.10762973922903485,0.6637391612521593,False,17
0.1,24,-634.4811428571398,0.49859375,0.021888662114280217,0.014814732142962583,0.6666529303836641,False,18
0.1,24,-618.6968571428553,0.10826413690476192,0.007149078788239015,0.574511606788527,0.6555457251114178,False,19
0.1,24,-627.3643999999977,0.12356671626984127,0.015660924610630088,0.07281255633503902,0.6656499506943683,False,20
0.1,24,-604.9829142857125,0.10411731150793652,0.014774716035188042,0.030226544430261848,0.666012272570787,False,21
0.1,24,-613.4238285714268,0.1027373511904762,0.011496661520343168,0.07715874114229582,0.6649467740608486,False,22
0.1,24,-634.4800571428544,0.4985885416666667,0.02156587243007379,0.01467315724188012,0.6666530614318629,False,23
0.1,24,-599.9062285714269,0.11557837301587301,0.00626310601445665,0.17238727891157768,0.6636847567262909,False,24
0.1,24,-617.446399999998,0.12047321428571425,0.010070666667161273,0.05329170068029798,0.6658750596889068,False,26
0.1,24,-627.3218285714269,0.02165749007936508,0.01924068936002893,0.04498889987244948,0.6385872018541341,False,25
0.1,24,-626.5290857142833,0.05398933531746032,0.01856344613568378,0.08798107107426262,0.6586544570597112,False,27
0.1,24,-610.1436571428561,0.07655555555555556,0.03494093196220799,0.5978112301587324,0.6420586633697261,False,28
0.1,24,-616.1834857142836,0.21679414682539683,0.014666938235071328,0.07546591695011262,0.6663115539221263,False,29
0.1,24,-579.6473714285703,0.23025421626984127,0.030963582190047915,0.1571034491921619,0.6659778731556126,False,30
0.1,24,-619.4615428571414,0.086390625,0.008778951814747414,0.09730940724205828,0.663969384484752,False,31
0.1,24,-594.190857142856,0.1966956845238095,0.014247392260181688,0.31065159828520095,0.6648612978451911,False,32
0.1,24,-585.968857142856,0.07275719246031745,0.0021768565501487395,0.21969230123300154,0.657138863061966,False,33
0.1,24,-604.9502857142838,0.3737745535714286,0.017062981886637213,0.015906150439501943,0.6666405144550853,False,34
0.1,24,-606.5885142857127,0.27491592261904757,0.014040588990206335,0.03552029443040894,0.6665600056903151,False,35
0.1,24,-625.0067428571411,0.20663318452380952,0.013507979636213143,0.06591764987247561,0.6663283012984722,False,36
0.1,24,-605.4549714285698,0.11950372023809525,0.00975314963701142,0.02468859091553477,0.666263640314869,False,37
0.1,24,-612.6708571428557,0.20634325396825398,0.008874376433393786,0.06601736961449944,0.6663134921818399,False,38
0.1,24,-599.3549714285705,0.25447966269841266,0.03659243536983719,0.10788412556697935,0.6662824529462917,False,39
0.1,24,-618.6010285714273,0.08212723214285714,0.01352362586557218,0.04526935622166217,0.6652372525406364,False,40
0.1,24,-615.7605142857124,0.3092306547619047,0.016189636618138235,0.056444471372074645,0.666532878531982,False,41
0.1,24,-608.5847999999983,0.15911879960317463,0.014205920615495412,0.09968590950959921,0.6657462839759217,False,42
0.1,24,-569.3918285714277,0.15755679563492062,0.013813804424797932,0.07898052685660018,0.6659761884355215,False,43
0.1,24,-627.3342285714269,0.05709771825396826,0.01604262979526538,0.24750158588434656,0.6477771944237771,False,44
0.1,24,-600.8717142857125,0.06759151785714286,0.6341983985496172,0.44908062606292487,0.6484701784126281,False,45
0.1,24,-611.0285714285703,0.23532465277777775,0.01066780044614764,0.1171491493055532,0.6661678976379846,False,46
0.1,24,-615.0127999999978,0.08601240079365079,0.012614412692831438,0.08209070153061881,0.6639152095360392,False,47
0.1,24,-627.3197714285692,0.16613864087301586,0.01882697505506156,0.06281617028064623,0.6661435786459362,False,48
0.1,24,-614.1688571428557,0.371390625,0.015561777217953928,0.025241351686720037,0.6666245730459225,False,49
0.1,24,-634.4827999999975,0.4986006944444445,0.02192482935343933,0.014907113095130597,0.6666528489312308,False,50
0.1,24,-587.9654857142845,0.1517934027777778,0.028459854901383443,0.3407305977181929,0.6632298414162393,False,51
0.1,24,-594.1886285714271,0.24677182539682538,0.014961677445373623,0.06074324829933975,0.6664395896792774,False,52
0.1,24,-634.4836571428544,0.49860763888888887,0.021189741477832685,0.014240009920989394,0.6666534605618524,False,53
0.1,24,-611.1093714285701,0.18977728174603178,0.006177213132711281,0.1041662684239908,0.6660067740057763,False,54
0.1,24,-612.7395428571411,0.26141666666666663,0.08996861453043592,0.15574793650806384,0.6661445949090481,False,55
0.1,24,-627.307142857141,0.06518229166666666,0.019558602616598357,0.1512098834325487,0.6571327368039379,False,56
0.1,24,-597.9982857142841,0.07898859126984127,0.0003090136285916539,0.018506829648513023,0.6659811195095143,False,57
0.1,24,-601.9656571428555,0.06309226190476191,0.0021960311844142974,0.04781585034012881,0.6637917387731711,False,58
0.1,24,-605.4042285714272,0.20497445436507938,0.013314355995438136,0.03871320542792489,0.6664551427661359,False,59
0.1,24,-634.4875999999975,0.4986197916666667,0.020909813449381743,0.014203435019961574,0.6666534961892706,False,60
0.1,24,-606.5942285714264,0.31112524801587305,0.013708502835167257,0.10628406710597282,0.6664149766438483,False,61
0.1,24,-595.4579428571413,0.2523864087301587,0.009544106564539507,0.09069909155331679,0.6663397007668217,False,62
0.1,24,-618.6617142857127,0.10883953373015873,0.009481632676195454,0.0653648380810723,0.665483619744436,False,63
0.1,24,-603.267142857141,0.2384293154761905,0.739054634373638,0.2263791776500801,0.6657733194593947,False,64
0.1,24,-625.7694857142837,0.12374156746031745,0.01524310882814461,0.05610137613381472,0.6658752427144465,False,65
0.1,24,-634.4874857142834,0.49862152777777785,0.021564081048887192,0.014689851190183845,0.6666530519261284,False,66
0.1,24,-605.0741714285699,0.2616165674603175,0.3831242607601678,0.22523375708612292,0.6658961933875012,False,67
0.1,24,-624.3456571428551,0.22138070436507937,0.003356348669411898,0.07379058638036007,0.6663251556929572,False,68
0.1,24,-607.752285714284,0.20724603174603176,0.015803160426407375,0.1281804648526208,0.6660018217049218,False,69
0.1,24,-616.6899999999976,0.18929910714285714,0.007498511927729445,0.1127797208050163,0.6659322045710943,False,70
0.1,24,-620.2218857142839,0.1353829365079365,0.011885096985982573,0.08081685941045746,0.6657083492879645,False,71
0.1,24,-608.1738857142839,0.24354290674603174,2.186460969935271,3.036417153840696,0.6578935692238634,False,72
0.1,24,-626.532857142855,0.37356969246031746,0.018399872442387274,0.02319398774098147,0.666628629350809,False,73
0.1,24,-608.1985142857123,0.05076240079365078,0.013840886660748054,0.10861526502268543,0.6527948506572168,False,74
0.1,24,-602.0724571428557,0.26258110119047623,0.06942980500955145,0.24418384034854412,0.6658755412681499,False,76
0.1,24,-634.4816571428543,0.49859474206349214,0.021917777212365756,0.014984567743265842,0.6666527772689487,False,75
0.1,24,-600.5686857142842,0.14049603174603173,2.521702775488342,0.05636252834469113,0.6660077057818378,False,77
0.1,24,-580.2603999999986,0.137671626984127,0.009588861090984814,0.02486803287981232,0.6663642905027981,False,78
0.1,24,-584.6469714285705,0.07082762896825398,0.018823308396854872,0.08196360225339094,0.6625055892705735,False,79
0.1,24,-606.9410285714268,0.22581944444444443,0.018356562365321825,0.18057964285717265,0.6658784166450759,False,80
0.1,24,-603.4558857142849,0.20698859126984132,0.009529204069420098,0.0766723058388985,0.666259867372509,False,81
0.1,24,-579.3834285714278,0.16705605158730158,0.014380895683845863,0.3587397604875542,0.6636907204658502,False,82
0.1,24,-634.4836571428542,0.49860466269841275,0.021737360526054135,0.014693212868479577,0.6666530431444733,False,83
0.1,24,-605.3703428571414,0.1832693452380952,0.015537777219126126,0.02139903486404915,0.6665220155891876,False,84
0.1,24,-598.8236571428561,0.20816815476190478,0.0295218843449321,0.617744630101984,0.6632327181374167,False,85
0.1,24,-595.2391428571412,0.15477058531746032,6.3311744755891475,5.069960237740916,0.630085206468475,False,86
0.1,24,-613.796742857141,0.23946180555555555,0.013275935958113725,0.14136830357140528,0.6661175983880223,False,87
0.1,24,-603.6955428571414,0.32168377976190476,0.04793901135700353,0.08788412662983802,0.6664767298870495,False,88
0.1,24,-634.4866285714262,0.4986190476190477,0.021490784567706412,0.01448178004507028,0.6666532377626437,False,89
0.1,24,-592.7611999999984,0.13858630952380951,0.0025045119501656793,0.10751828231292837,0.6653795764181789,False,90
0.1,24,-598.6954857142844,0.05668576388888889,0.006901223938863645,0.15417260168650554,0.6556189626464558,False,91
0.1,24,-608.6887428571413,0.24867584325396827,0.007894666123320347,0.157065645904102,0.6660862240704258,False,92
0.1,24,-607.7213714285697,0.13695114087301588,0.17253776870549897,0.11470380916949185,0.665295747117278,False,93
0.1,24,-634.482571428569,0.49859846230158733,0.02122504251423783,0.014437074475583955,0.6666532771654541,False,94
0.1,24,-606.6757714285699,0.17274975198412695,0.008296895733413594,0.18262374964572725,0.6652543309492541,False,95
0.1,24,-615.8823428571417,0.20599751984126988,0.007997459771205384,0.10993738520401308,0.6660862656814617,False,96
0.1,24,-620.203142857141,0.04311805555555556,0.013458602613051573,0.11644277777777698,0.6465355173428096,False,97
0.1,24,-618.6661714285696,0.21202604166666664,0.87717632429,1.1840528199406242,0.6628539529147544,False,98
0.1,24,-624.1726857142836,0.12417088293650794,0.015235553261542611,0.06699523490644954,0.665683593368781,False,99
0.5,24,-624.9258285714238,0.45617609126984127,0.07418147836748783,0.24895442148529412,0.6653219105869301,False,0
0.5,24,-624.8897142857105,0.4558229166666667,0.0732571224487199,0.2537130892857107,0.6652951406334455,False,1
0.5,24,-624.9145142857108,0.456702628968254,0.07349433070218463,0.23815932362529324,0.665383387233333,False,2
0.5,24,-624.9729142857125,0.4557276785714286,0.06996887355934531,0.28223511649656885,0.6651525178568336,False,3
0.5,24,-619.8076571428547,0.27250892857142855,0.1760529261676614,29.19099578117917,0.41748798804696574,False,4
0.5,24,-617.0763428571411,0.15799379960317458,0.09662587537483584,8.204252412060665,0.3643700570426416,False,5
0.5,24,-624.7668571428545,0.4551540178571429,0.07858729251610283,0.2919681291808267,0.6650957166288032,False,6
0.5,24,-624.9640000000004,0.45671354166666667,0.0728379841275455,0.2613331235119425,0.665270676315294,False,7
0.5,24,-624.9261714285693,0.4555739087301587,0.0745046878910216,0.2998234214853248,0.6650650548982127,False,8
0.5,24,-622.5381714285696,0.3613581349206349,0.16465504027211056,26.407972362811805,0.5644269998668743,False,9
0.5,24,-624.8819999999942,0.45562946428571427,0.07163600396678602,0.2796234691043331,0.665163858378706,False,10
0.5,24,-624.8321142857136,0.4558355654761904,0.07674902848076373,0.2781774347364703,0.6651782902952724,False,11
0.5,24,-625.0289142857112,0.45617956349206357,0.07630784498825152,0.281407181405811,0.6651544889976411,False,12
0.5,24,-623.7377142857116,0.4181465773809524,0.13494321768707274,11.57163916602888,0.6305148683236939,False,13
0.5,24,-616.9611428571392,0.11375992063492063,0.10160284807190895,5.07030921201814,0.27263947345144046,False,14
0.5,24,-624.9087999999969,0.4559012896825397,0.0705146209527609,0.2566652752267622,0.6652790181635785,False,15
0.5,24,-623.9536571428545,0.42366269841269844,0.12124746664347993,10.022502886621318,0.6368700131997111,False,16
0.5,24,-618.6674285714261,0.20200496031746032,0.16012715646259798,25.44478697165532,0.15104135274873687,False,17
0.5,24,-624.9746857142829,0.45581597222222225,0.07098443879739433,0.2654496527777255,0.6652355861203856,False,18
0.5,24,-624.9269714285665,0.45593725198412693,0.06921248789149104,0.26531519834185247,0.6652413803339488,False,19
0.5,24,-624.7697714285688,0.45516344246031737,0.07698301947796911,0.2801848808815919,0.6651574889153458,False,20
0.5,24,-624.9338285714244,0.45544494047619044,0.0705121323359587,0.27970257114521857,0.6651657823541571,False,21
0.5,24,-624.924857142854,0.45585863095238094,0.07035348696202466,0.26716918339002405,0.6652334266627626,False,22
0.5,24,-624.9822285714274,0.45642881944444447,0.07022479090786267,0.2541206036706356,0.6652992676917182,False,23
0.5,24,-624.8595428571413,0.45581969246031745,0.07477791918346258,0.2811770673894891,0.665159926128408,False,24
0.5,24,-624.8383428571392,0.4552775297619047,0.07216010791469468,0.2739802975482384,0.665188977373957,False,25
0.5,24,-624.7907999999968,0.45499454365079367,0.07239131698346075,0.2937959577664344,0.6650926831784612,False,26
0.5,24,-625.0198285714248,0.4563469742063492,0.070929333129445,0.2760513689768018,0.6651947397359825,False,27
0.5,24,-624.8579999999976,0.4556024305555556,0.07832473412700994,0.28575034573408686,0.6651317778247956,False,28
0.5,24,-624.8940571428553,0.4558621031746032,0.07222237378745275,0.2535570226757393,0.6652981071275392,False,29
0.5,24,-624.8452571428555,0.4556210317460317,0.0731648239460709,0.2808446643991722,0.6651609870176833,False,30
0.5,24,-624.3050285714247,0.43232366071428574,0.1066900624949388,9.122909039044806,0.6450628659859151,False,31
0.5,24,-624.698685714285,0.4552008928571429,0.07561268641640911,0.2716070790816296,0.6651973789106188,False,32
0.5,24,-617.0367999999969,0.1327748015873016,0.09424043682479856,8.967395188208613,0.14392164342293645,False,33
0.5,24,-623.1855999999971,0.38562797619047623,0.1489566552380792,22.90382752947845,0.5962561350808369,False,34
0.5,24,-624.9247428571406,0.45633606150793654,0.07625590727911913,0.25012033666380873,0.6653191654317228,False,35
0.5,24,-624.9077714285711,0.4565669642857143,0.07336061233541437,0.23936600878681347,0.6653755059264645,False,36
0.5,24,-624.9617142857129,0.45639037698412693,0.07272728117903979,0.24116797363950582,0.665364211801098,False,37
0.5,24,-624.9071999999968,0.45620461309523813,0.0731528939686541,0.2662276864370803,0.6652364862647224,False,38
0.5,24,-621.3927999999946,0.3148531746031746,0.18903614793695547,33.65910699092974,0.49068933104473333,False,39
0.5,24,-624.9255428571395,0.45627331349206346,0.0746503898185943,0.2614555246599437,0.6652606765726791,False,40
0.5,24,-624.9030857142851,0.4560094246031746,0.07288556879737168,0.2706674532312867,0.6652134031996182,False,41
0.5,24,-619.3847999999989,0.21343501984126984,0.1636844273008238,34.41994225481858,0.20514984099355482,False,42
0.5,24,-624.9058857142828,0.45584598214285715,0.07557468006820676,0.2890537244189204,0.6651198377166978,False,43
0.5,24,-624.8165142857126,0.45496775793650795,0.0734541378450457,0.29791150085032925,0.6650607425761156,False,44
0.5,24,-624.9069142857096,0.4558318452380953,0.07357506482852234,0.26477852919497025,0.6652363270370792,False,45
0.5,24,-620.7519428571413,0.3121569940476191,0.18723808886594875,27.955110991425705,0.4888114468834187,False,46
0.5,24,-624.8062285714248,0.4551418650793651,0.07684179408210588,0.316504434240354,0.6649832830959966,False,47
0.5,24,-624.8667999999935,0.4559575892857143,0.07186313920667292,0.24974445571142923,0.6653161867635107,False,48
0.5,24,-624.8102285714242,0.4554375,0.07930292424094255,0.3114396984126948,0.6650114086238927,False,49
0.5,24,-624.7953714285702,0.4545721726190476,0.0740682639233354,0.32165531285435733,0.6649457987931365,False,50
0.5,24,-625.0153142857121,0.4558000992063492,0.06995265705093819,0.28592773554425577,0.6651375970133292,False,51
0.5,24,-625.0197142857128,0.4565570436507937,0.07002904705182623,0.2653532990362599,0.6652479504938904,False,52
0.5,24,-624.9159428571402,0.45610788690476184,0.07222204442102036,0.2645133411989917,0.6652436323887546,False,53
0.5,24,-624.9158857142829,0.4555295138888889,0.073531501496796,0.27725864335317496,0.6651713580949521,False,54
0.5,24,-623.5040571428552,0.4182470238095238,0.14958988569075396,9.863110942176895,0.6320806144493907,False,55
0.5,24,-624.9551428571402,0.45595188492063493,0.07338983616783581,0.2756640870181073,0.6651932133794018,False,56
0.5,24,-625.0854285714249,0.4569461805555555,0.06975820804978462,0.26495148462302964,0.6652524681222084,False,57
0.5,24,-624.932228571426,0.45566765873015874,0.070990961541813,0.2623011972788838,0.6652489246351438,False,58
0.5,24,-624.9953714285678,0.45611160714285715,0.07216651789106739,0.26227297590705234,0.6652630190571244,False,59
0.5,24,-624.2950857142814,0.4443216765873016,0.10142800689411363,2.740906744260233,0.6564065974256703,False,60
0.5,24,-624.9116571428526,0.4555238095238095,0.07280072299302749,0.2814464580499241,0.6651581524351371,False,61
0.5,24,-617.1581142857115,0.10766369047619047,0.10020226102036152,3.5575806405895722,0.33301386473579164,False,62
0.5,24,-617.1064571428568,0.14132316468253966,0.09340129775470511,11.353043138818038,0.1520227408512892,False,63
0.5,24,-623.5575428571398,0.4171125992063492,0.13531779934378896,9.698772902210905,0.632111403449497,False,64
0.5,24,-624.8183999999972,0.45485515873015875,0.07213510920620239,0.29108230045349615,0.6650986598733319,False,65
0.5,24,-624.8267428571382,0.4551369047619047,0.07097947791488776,0.2689292414966431,0.6652189254038974,False,66
0.5,24,-624.9375999999983,0.45594990079365083,0.07346565841200775,0.2572027990362571,0.6652771068348282,False,67
0.5,24,-622.2750285714271,0.3749868551587302,0.1865818601129124,18.846689781108243,0.5830886180350807,False,68
0.5,24,-624.8966857142824,0.45593402777777775,0.07293984435333793,0.26598240674605833,0.6652346917427199,False,69
0.5,24,-624.9601714285694,0.4559739583333334,0.07103977757409059,0.2853992227182083,0.6651362221743633,False,70
0.5,24,-624.9388571428532,0.4561359126984127,0.07337213378721369,0.2738342120181336,0.665197769681257,False,71
0.5,24,-618.8156571428544,0.20339384920634923,0.16619004362857798,27.187218320861664,0.13775702688665015,False,72
0.5,24,-622.4048571428526,0.36240798611111114,0.17110824886670647,25.673329829861075,0.566542370148188,False,73
0.5,24,-622.1478857142848,0.3421574900793651,0.17891320308343792,30.862560073625296,0.5368521948782926,False,74
0.5,24,-622.0443999999976,0.34284598214285716,0.18504742111043823,29.00044493870464,0.5381208653178042,False,75
0.5,24,-624.7155428571397,0.45472743055555553,0.07649332235814654,0.29267931398812763,0.6650905257512203,False,76
0.5,24,-624.8279999999975,0.4551061507936508,0.07448534920614394,0.2865776541949927,0.6651212518189356,False,77
0.5,24,-623.3502285714264,0.3993053075396826,0.15494374963802532,16.995610615008463,0.6104725708362583,False,78
0.5,24,-620.9194285714289,0.28296899801587305,0.1927317437645494,38.3001330951672,0.41938929808080505,False,79
0.5,24,-624.8731428571392,0.4557061011904762,0.07540824489883056,0.2874914506094015,0.6651325949808768,False,80
0.5,24,-617.078285714284,0.14635714285714285,0.09498505895640443,10.048834712018145,0.2875499949642557,False,81
0.5,24,-619.662057142854,0.2487199900793651,0.18678246267639528,31.064345172831636,0.3316392806790234,False,82
0.5,24,-624.8858285714279,0.4562098214285714,0.07628471646320475,0.25143028316324134,0.6653183263006971,False,83
0.5,24,-621.551257142852,0.33182018849206346,0.1913785802951477,28.84645215412415,0.5204712866093832,False,84
0.5,24,-621.7420571428545,0.34621453373015876,0.20879446267604684,27.615778134282834,0.5422683558576464,False,85
0.5,24,-624.9329714285706,0.4562199900793651,0.07159038709748226,0.2542641410855815,0.6652962672895981,False,86
0.5,24,-617.3115428571406,0.09251339285714287,0.0925148683911377,4.17976415844671,0.09860047075096112,False,87
0.5,24,-624.9161714285676,0.45566220238095234,0.06743088233714742,0.2418470167234119,0.6653534642520998,False,88
0.5,24,-624.930514285712,0.455610119047619,0.07250583546435034,0.29835768140593544,0.6650671478203002,False,89
0.5,24,-624.9114285714243,0.45577901785714287,0.07218329931897137,0.2690497164824066,0.6652149471564126,False,90
0.5,24,-623.2740571428532,0.40854414682539686,0.1545552468030817,13.662277175453475,0.6231722074911041,False,91
0.5,24,-624.8731428571402,0.45626413690476186,0.07382507029453539,0.2610601864371773,0.6652691400643655,False,92
0.5,24,-624.8626857142824,0.4563045634920635,0.07454112451200166,0.25674657029478354,0.6652865354176918,False,93
0.5,24,-623.6977142857136,0.4230719246031746,0.1271076621313922,9.790284135771003,0.6375319921023468,False,94
0.5,24,-624.9309142857117,0.45570411706349206,0.07389479181519062,0.280150070790814,0.6651652244330641,False,95
0.5,24,-625.0386857142832,0.4566790674603175,0.07440960705247966,0.27030875141717914,0.6652238964420385,False,96
0.5,24,-623.7766285714252,0.42282242063492065,0.1260016036054973,9.305788378684799,0.6362856907128589,False,97
0.5,24,-617.2078857142825,0.1244734623015873,0.09577607610036568,7.690442026006236,0.18057119668677768,False,98
0.5,24,-624.8081714285671,0.4551180555555555,0.07530128233500161,0.28303009523815703,0.665139200830986,False,99
1.0,24,-466.8942285714359,0.09439682539682541,0.706288434234668,1.7367228010204072,0.18006650729775286,False,0
1.0,24,-466.7791999999983,0.09094097222222222,0.7087379790475805,1.4642010248015875,0.2950557735242504,False,1
1.0,24,-464.75240000001236,0.08277356150793651,0.676823725118993,1.2651620234906464,0.19885900970023407,False,2
1.0,24,-465.38634285714033,0.08749702380952382,0.6796558666608488,1.277568348072562,0.2775994490648077,False,3
1.0,24,-465.2687999999961,0.0926904761904762,0.6894671790476726,1.552176800453514,0.27588260721847746,False,4
1.0,24,-465.83931428570406,0.08693055555555555,0.6533021579138626,1.305866000000001,0.28251589494895535,False,5
1.0,24,-466.9142857142923,0.09022247023809525,0.6975392290248945,1.320653744012187,0.316032274727161,False,6
1.0,24,-464.9514285714268,0.08604117063492063,0.6520801899092576,1.2198251585884357,0.302108536931475,False,7
1.0,24,-466.76440000000036,0.08971676587301587,0.6685622838493449,1.410135677295918,0.29501806313332024,False,8
1.0,24,-466.68931428573154,0.09018948412698412,0.6931648811281169,1.377943426303856,0.28036833471346057,False,9
1.0,24,-465.9970285714245,0.09290029761904761,0.68918847673457,1.521038000425171,0.268812728084723,False,10
1.0,24,-465.927085714285,0.08809796626984127,0.6906354525169971,1.4866209778557253,0.2198644036669165,False,11
1.0,24,-464.3826857142832,0.08284945436507936,0.6306917414455407,1.220999312606293,0.25774193747763563,False,12
1.0,24,-466.3460571428643,0.09315798611111112,0.672589472018141,1.423465037946428,0.3160603138571084,False,13
1.0,24,-466.6116571428475,0.09037822420634921,0.6525899228117851,1.4492766785359974,0.2886132827184402,False,14
1.0,24,-466.36565714286934,0.09254538690476191,0.7054943412642589,1.4035979503613938,0.3146331506095654,False,15
1.0,24,-464.6350857143036,0.08362425595238096,0.6835519898186249,1.1671722318239786,0.3015085221555256,False,16
1.0,24,-465.1485142857193,0.09374875992063492,0.682598770969384,1.5198876479237522,0.27728859663001826,False,17
1.0,24,-464.31817142857955,0.08525297619047618,0.6449620259411657,1.1616522250566907,0.30494843882634115,False,18
1.0,24,-465.71182857142253,0.09051760912698413,0.7475801539171698,1.6003356686153616,0.233861282782588,False,19
1.0,24,-466.938399999968,0.09116691468253968,0.7317055550793157,1.5276897241709186,0.24642368575794737,False,20
1.0,24,-466.5091428571532,0.08872048611111112,0.6887799540816862,1.273573595486111,0.31299121324915713,False,21
1.0,24,-464.9079428571271,0.08569518849206349,0.6894416365021748,1.168606061189059,0.32354802364825586,False,22
1.0,24,-466.46417142856217,0.09164608134920633,0.6806103507426795,1.3280542698058393,0.3436566660331448,False,23
1.0,24,-466.1883999999905,0.09374801587301587,0.6984546076585806,1.3989057517006804,0.32085603332531454,False,24
1.0,24,-465.9235999999954,0.09141369047619047,0.6995382394048748,1.4560930980725644,0.248051002497769,False,25
1.0,24,-465.3224000000142,0.08701587301587302,0.693911529682484,1.3620444620181402,0.2649940259526231,False,26
1.0,24,-465.9693714286029,0.08649305555555556,0.717899085623483,1.1288534722222214,0.33781749843965536,False,27
1.0,24,-465.38291428572995,0.08833159722222222,0.701091001128235,1.2351970518353173,0.3134190738389603,False,28
1.0,24,-466.5438285714355,0.08836210317460316,0.7241913475679413,1.3309065272108853,0.2895508981434669,False,29
1.0,24,-465.7144571428573,0.08965426587301586,0.7339445974546632,1.495880732851476,0.24960483904320907,False,30
1.0,24,-466.4793142857034,0.08597991071428572,0.6840977293423344,1.3693273369827093,0.22398827795977938,False,31
1.0,24,-465.2928571428388,0.08628050595238096,0.6772737209466868,1.3748702278557245,0.26233882407481635,False,32
1.0,24,-465.9755428571527,0.0890389384920635,0.6990241996371778,1.5692566246811204,0.16366203896254605,False,33
1.0,24,-465.5054857142883,0.08995709325396826,0.663537904104285,1.350654306653911,0.29548908325527856,False,34
1.0,24,-465.9288571428762,0.08916418650793652,0.6629899828515389,1.269685512329931,0.3265246091601389,False,35
1.0,24,-466.08960000000593,0.08568055555555557,0.6594406653968387,1.2698473888888873,0.26569032801652437,False,36
1.0,24,-465.98445714286845,0.09010515873015873,0.6868116440816467,1.4727492057823124,0.26855781209739205,False,37
1.0,24,-465.93348571430397,0.09046006944444444,0.6545717636282057,1.4561333891369053,0.2802866037034193,False,38
1.0,24,-466.53148571428835,0.09298611111111112,0.7089926439852611,1.536340476190476,0.2681041447072393,False,39
1.0,24,-467.1458285714397,0.08857961309523811,0.6927215719727732,1.4523768987740924,0.24661357271109763,False,40
1.0,24,-464.8412,0.0868782242063492,0.7237116959126979,1.3472978015518708,0.2664482138463331,False,41
1.0,24,-464.6109142857052,0.08523809523809525,0.6981406662074127,1.3144260770975051,0.19040965012411692,False,42
1.0,24,-465.81999999999067,0.09139260912698413,0.6917765277777713,1.535888037662981,0.24508528707138122,False,43
1.0,24,-466.76182857142527,0.08805952380952381,0.7260921529251997,1.2737783044217688,0.2893976037066929,False,44
1.0,24,-466.12222857143047,0.09108655753968255,0.733944975504528,1.5304741666312345,0.24603266529221102,False,45
1.0,24,-464.855657142841,0.08939434523809524,0.6520193839228846,1.4135276415816342,0.2837948698030993,False,46
1.0,24,-464.4515428571323,0.0872594246031746,0.676230070272191,1.4133148774092987,0.21850684624373629,False,47
1.0,24,-466.3116000000041,0.09241964285714285,0.7046436155952102,1.4747310623582774,0.29142250848554296,False,48
1.0,24,-464.9415428571403,0.08561111111111112,0.7108911307880388,1.2656836785714267,0.2706149614204699,False,49
1.0,24,-467.67337142857974,0.09409126984126985,0.7687449395918722,1.6040509716553282,0.2481626045105877,False,50
1.0,24,-466.27680000001374,0.09058010912698414,0.685768331428537,1.4035319245677425,0.2899086467835681,False,51
1.0,24,-465.73268571429554,0.08796006944444444,0.6387988793424787,1.29638279389881,0.309451910805163,False,52
1.0,24,-465.65034285715285,0.08808556547619047,0.7148265126926768,1.3880406419713722,0.251628331403702,False,53
1.0,24,-466.8926285714087,0.09138988095238094,0.7190872072504438,1.4986561700680283,0.25859693143317364,False,54
1.0,24,-465.01794285713123,0.0880391865079365,0.6747019013830848,1.2796621075680277,0.2990954654614081,False,55
1.0,24,-466.46777142857206,0.08738640873015872,0.7114949626077052,1.3316563575680278,0.286936904554992,False,56
1.0,24,-465.5160571428645,0.09055332341269842,0.6485320920578488,1.3931797292729584,0.29246733496723165,False,57
1.0,24,-466.49177142856246,0.09233333333333334,0.7371740292743804,1.6013187023809528,0.23765481448886738,False,58
1.0,24,-466.3709714285801,0.09359201388888888,0.7200242513379433,1.4196758514384928,0.3197555886160348,False,59
1.0,24,-465.04045714286167,0.08714409722222222,0.6619376345578429,1.1140359188988103,0.3700401447968237,False,60
1.0,24,-468.030685714286,0.09259548611111112,0.7260727700171022,1.5143148375496014,0.26289754478141025,False,61
1.0,24,-464.67502857142756,0.09003745039682541,0.6915145920125825,1.403671344919216,0.2664960999824243,False,62
1.0,24,-465.79565714287327,0.0884923115079365,0.6949244910657499,1.3965186861890602,0.25397948856808694,False,63
1.0,24,-466.41228571430634,0.08494965277777777,0.7034797776360493,1.215041089533732,0.3161785167742204,False,64
1.0,24,-465.47211428573195,0.08838988095238094,0.6616220031519333,1.2725050827664397,0.3173180182899865,False,65
1.0,24,-465.180571428575,0.0905887896825397,0.6996153764171645,1.365981982851473,0.30068058394164054,False,66
1.0,24,-466.62228571427505,0.0899030257936508,0.6750567568027085,1.5007576487740917,0.20078923178455343,False,67
1.0,24,-465.7993142857188,0.08940426587301586,0.6719097610883485,1.307055042375285,0.3089253251208143,False,68
1.0,24,-466.6644000000146,0.0925595238095238,0.7041151013095764,1.431580994897959,0.3155269187237404,False,69
1.0,24,-466.6403999999923,0.08989136904761903,0.6934962140079632,1.4513867147108863,0.228618958182488,False,70
1.0,24,-465.35588571430026,0.08562549603174602,0.6662436055328524,1.257328849064627,0.26622055394840727,False,71
1.0,24,-465.2769714285612,0.08679340277777776,0.6586495951869438,1.2753706986607152,0.3110419085108572,False,72
1.0,24,-465.5677142857514,0.08832266865079365,0.680651960175712,1.2656789721867918,0.3073996741958376,False,73
1.0,24,-465.6405142857278,0.08693105158730158,0.6711147296995882,1.3072161268424036,0.27626941323096144,False,74
1.0,24,-466.6382857142836,0.08619444444444443,0.6846681695010375,1.335300265873016,0.2643907685762745,False,75
1.0,24,-465.9630285714232,0.0905014880952381,0.7232764761393911,1.3942033161848069,0.29327736622090106,False,76
1.0,24,-465.57851428570507,0.09118204365079363,0.6541841191836587,1.1726143241213172,0.3759724435380877,False,77
1.0,24,-464.15337142857817,0.08523611111111112,0.6863612253061243,1.196144218253967,0.30286372931588046,False,78
1.0,24,-465.8752571428494,0.08874925595238095,0.6780027069783804,1.4407036008715979,0.25645911648636754,False,79
1.0,24,-465.7936571428638,0.08800124007936508,0.6919056444387732,1.260485790780896,0.3274153257809119,False,81
1.0,24,-467.3074285714217,0.09524404761904763,0.7061802018140244,1.6130932335600887,0.27421564652986097,False,80
1.0,24,-466.44445714286434,0.09226711309523809,0.7523852194783811,1.5913462499645694,0.23128128309165175,False,82
1.0,24,-465.5712000000047,0.08916691468253969,0.6464398298412056,1.307061775758219,0.3072590965794467,False,83
1.0,24,-466.07451428572443,0.08898586309523811,0.7027970271201917,1.3610587202026627,0.2794782750631404,False,84
1.0,24,-464.0161714285753,0.08654737103174602,0.6789011729648438,1.336718300701531,0.2923210648866751,False,85
1.0,24,-465.1972571428635,0.08837351190476189,0.6561562567799734,1.2689703201530624,0.3171157864196813,False,86
1.0,24,-465.37725714284375,0.09089136904761905,0.7436712448752082,1.3826467305839003,0.30832574991875505,False,87
1.0,24,-466.6864000000084,0.08872668650793651,0.7481633098413517,1.465425718679139,0.20813206248004268,False,88
1.0,24,-466.7433142857224,0.0900389384920635,0.7469290245806204,1.4527496326176284,0.2946162413362312,False,89
1.0,24,-466.16177142857117,0.09198189484126984,0.6914919072505654,1.4239262457128676,0.292616500202741,False,90
1.0,24,-465.5710285714317,0.09158159722222224,0.7065596935997038,1.585902031994045,0.21804118814444207,False,91
1.0,24,-466.0994285714418,0.09112227182539684,0.6461025192743364,1.4110180334112803,0.2877633635247543,False,92
1.0,24,-465.4217142857071,0.09138467261904762,0.6639321972789831,1.4025941266652495,0.2926760901343304,False,93
1.0,24,-466.9659999999982,0.091125,0.7596470406745842,1.4971922103174613,0.2495530393482347,False,94
1.0,24,-465.5563999999977,0.08850967261904763,0.6565428505158606,1.2720070988874705,0.325972606095415,False,95
1.0,24,-466.63005714285345,0.09415972222222221,0.7153649394785033,1.444138920634921,0.26663830663110677,False,96
1.0,24,-464.7783428571463,0.08983680555555557,0.6929580349150355,1.3612094216269832,0.3083809165103789,False,97
1.0,24,-466.5225142857257,0.09294270833333332,0.7091941001360484,1.6150727740575408,0.1855108410467825,False,98
1.0,24,-465.62857142858155,0.08978025793650793,0.7112415192743557,1.4169209170918373,0.30286520860385524,False,99
1.5,24,-371.04051428572393,0.04225545634920635,0.2058727370093285,0.19424187745653826,0.3131828828882849,False,0
1.5,24,-370.8360571428653,0.042891617063492066,0.19951672169064957,0.20559427624244134,0.2971415105748325,False,1
1.5,24,-370.8306857142911,0.04264037698412699,0.20456916762659716,0.20192163936129975,0.301501668294306,False,2
1.5,24,-371.2592571428546,0.04317286706349206,0.21166570327791923,0.20478740719482222,0.30377526966549395,False,3
1.5,24,-370.8110857142834,0.042703373015873014,0.19622822969010745,0.19787465986394537,0.3035494437513607,False,4
1.5,24,-370.4922285714322,0.04261755952380953,0.19952574704964515,0.19629862159863914,0.3167403711216312,False,5
1.5,24,-370.5817142857358,0.04373983134920635,0.19839501536915594,0.21239833992346951,0.30681077257881484,False,6
1.5,24,-371.3769142857085,0.04265848214285714,0.1906934864802432,0.19658538829837485,0.31535386726364,False,7
1.5,24,-371.44097142853735,0.04282738095238095,0.1992663590601835,0.20232425359032505,0.2968421710607916,False,8
1.5,24,-370.8473142857348,0.043198908730158726,0.19703262891409484,0.21172180451625106,0.2942097824598895,False,9
1.5,24,-371.03559999999186,0.0427281746031746,0.19623711733685115,0.1938044123204838,0.3322328199497424,False,10
1.5,24,-370.90377142856244,0.04323462301587301,0.20046611777274567,0.2040159277210884,0.31308505521230534,False,11
1.5,24,-371.14,0.04355034722222222,0.20202889770719334,0.19874643270502634,0.3364618015993699,False,12
1.5,24,-371.0565142856923,0.043596974206349205,0.19375841743262023,0.20952371293934244,0.3011006997835427,False,13
1.5,24,-370.98531428573904,0.04280034722222222,0.19929771718567663,0.20596133217592602,0.29771662449773495,False,14
1.5,24,-370.9549714285894,0.042985615079365075,0.19812069301085025,0.19868548932350746,0.3155526144934402,False,15
1.5,24,-370.76331428572513,0.04291369047619047,0.20137952591584857,0.19813929554043858,0.32328826675283107,False,16
1.5,24,-370.41851428571,0.04257638888888889,0.2027478483849583,0.2002380899470897,0.303668286456134,False,17
1.5,24,-370.94102857145606,0.04283854166666667,0.19704373639705194,0.2032066178902116,0.2944746529382506,False,18
1.5,24,-371.17902857143775,0.043181051587301594,0.19059646840767885,0.20856346286848038,0.2974329133750908,False,19
1.5,24,-371.3220571428634,0.0430250496031746,0.1994368291861862,0.20385774449640962,0.3049680869559461,False,20
1.5,24,-370.5498285714154,0.04322073412698413,0.19545393075329937,0.19512351766817837,0.3301954599630684,False,21
1.5,24,-371.1271999999911,0.043505952380952374,0.20011972014107873,0.2075448541194258,0.3133574428278715,False,22
1.5,24,-370.7540571428649,0.04306299603174602,0.2016048263643443,0.19952709514361336,0.31925542057361345,False,23
1.5,24,-371.1329142857443,0.04282539682539682,0.19345257678002253,0.20343316364323516,0.30534590296306174,False,24
1.5,24,-371.2306857142652,0.04295833333333333,0.20182708649787665,0.20051442592592614,0.31303566264727767,False,25
1.5,24,-371.0463428571334,0.04366964285714286,0.1975701241597248,0.20409434580498864,0.31137766374356723,False,26
1.5,24,-371.15262857145694,0.043018849206349206,0.2046957464323817,0.2001900910808768,0.31271724274796164,False,27
1.5,24,-371.1865714285609,0.043096974206349205,0.2000546227639315,0.1974325092356388,0.32414780183764746,False,28
1.5,24,-371.3379428571432,0.042827628968253977,0.1935112436482468,0.20424979306027938,0.29914452953283854,False,29
1.5,24,-371.12348571428805,0.04233234126984128,0.1981323257218326,0.1986896292517004,0.31108081004010835,False,30
1.5,24,-371.28525714282637,0.04337574404761904,0.19831354481231508,0.2112211148667804,0.2966441868352645,False,31
1.5,24,-370.90211428571627,0.04327529761904762,0.19452858561601682,0.2069534156273619,0.30031915055188485,False,32
1.5,24,-371.31599999998684,0.042717757936507936,0.2001636208112617,0.19585651351095976,0.3238387298684072,False,33
1.5,24,-370.78474285711746,0.04300719246031745,0.19450611668179152,0.19763881743669712,0.31776837971844907,False,34
1.5,24,-370.7681142856839,0.043683035714285716,0.19950337776772134,0.20406342356387006,0.3235035295800611,False,35
1.5,24,-370.8283999999976,0.042782242063492064,0.200960735679024,0.1960032595427059,0.33245825769796733,False,36
1.5,24,-371.3334857142752,0.042771329365079366,0.19936406425801612,0.2021322723922901,0.3044648785066556,False,37
1.5,24,-370.7864571428898,0.0432609126984127,0.20072262744015237,0.20226211300075572,0.3030605114329732,False,38
1.5,24,-370.49954285714983,0.04269394841269842,0.194633095076813,0.20315461630763376,0.3027996725313372,False,39
1.5,24,-370.8206285714382,0.04343774801587301,0.19898617958930162,0.20691173278061242,0.3010766734469863,False,41
1.5,24,-371.5797714285881,0.04341121031746032,0.1956342874376181,0.20402808116024163,0.3143921968899287,False,40
1.5,24,-370.7468571428426,0.042678075396825395,0.1976511541950144,0.20460487329931978,0.3040065952082477,False,42
1.5,24,-370.9405714285658,0.043557291666666664,0.19806679868984414,0.21533921180555582,0.29422173301820254,False,43
1.5,24,-371.56634285715063,0.04394295634920634,0.1990426708969518,0.21356652295918382,0.30741082640474726,False,44
1.5,24,-371.02857142855106,0.042755952380952374,0.19946508440416774,0.19722492290249471,0.3210027539219308,False,45
1.5,24,-371.10034285715756,0.04310143849206349,0.20502965599391448,0.2034216452900605,0.29633688490850263,False,46
1.5,24,-371.8361142857199,0.042472966269841275,0.20392481374651258,0.1979244614276264,0.3106329678433598,False,47
1.5,24,-371.2335999999859,0.043231398809523806,0.20360233876541584,0.21014629438303098,0.300946817427032,False,48
1.5,24,-371.40177142857345,0.043231150793650794,0.19339502403380282,0.20972083182161752,0.29556886593932896,False,49
1.5,24,-370.6323428571419,0.04228298611111111,0.1972899865054331,0.20081726603836,0.29496905632463444,False,50
1.5,24,-371.1057714285687,0.043203373015873014,0.19327905719070754,0.20483955933484516,0.3050492719847523,False,52
1.5,24,-370.84731428570575,0.04320461309523809,0.20807866066011396,0.20575856479119425,0.3015913751703684,False,51
1.5,24,-370.54137142855876,0.04306572420634921,0.1961493054270564,0.20348299600812544,0.3083954017830213,False,53
1.5,24,-371.567942857144,0.043014384920634925,0.19501742574707517,0.20363155810657602,0.3167821812264041,False,54
1.5,24,-370.73411428570796,0.04332614087301588,0.19534555704457388,0.20206834653722575,0.30828571884955513,False,55
1.5,24,-371.0715999999909,0.043130208333333336,0.1964973847089924,0.2028691231812167,0.31328014772673063,False,56
1.5,24,-370.5841714285713,0.042917162698412704,0.20400125288739937,0.19871301577853356,0.31646866010801544,False,57
1.5,24,-371.42062857143793,0.04319766865079365,0.19684743179389858,0.206071973521353,0.3134465131266012,False,58
1.5,24,-370.7944571428569,0.043048115079365075,0.1885813343184436,0.20041796815948612,0.32525189673788224,False,59
1.5,24,-371.16268571431095,0.043749503968253965,0.1890892783849941,0.20631593905895695,0.31473143037882234,False,60
1.5,24,-371.028971428577,0.04292460317460318,0.19907621302849698,0.19785399697656833,0.3107452784783815,False,61
1.5,24,-371.050228571408,0.04297767857142857,0.19442380286975858,0.20945044888510966,0.295666210226445,False,62
1.5,24,-370.63211428571185,0.042953621031746034,0.19155934531620095,0.19624677057350723,0.32874491200570066,False,63
1.5,24,-370.406171428578,0.04293129960317459,0.1997309759032232,0.2069637471419125,0.30269223929448696,False,64
1.5,24,-371.15411428571343,0.04298710317460318,0.1893299979617299,0.20880898110355267,0.3011963978303748,False,65
1.5,24,-370.3641714285739,0.04307242063492064,0.18922463560343597,0.19732416326530614,0.3244713355018206,False,66
1.5,24,-370.8114285714677,0.04331795634920635,0.210503179642268,0.19900153618669691,0.33054865102507136,False,67
1.5,24,-370.98080000000675,0.04259548611111111,0.19592754624336298,0.20366128058862426,0.3008373670226977,False,68
1.5,24,-371.09811428570896,0.04361483134920635,0.20028823358779285,0.20593924733087654,0.3039881187262834,False,69
1.5,24,-371.44257142855633,0.04312921626984127,0.19563898960692358,0.21497208973450455,0.28933547995872466,False,70
1.5,24,-370.561371428582,0.042896081349206354,0.19928230542703845,0.20352293912981823,0.31174401284605413,False,71
1.5,24,-370.9123999999742,0.04286235119047619,0.19707157447966758,0.20383543459467118,0.3108629761830446,False,72
1.5,24,-371.41057142857517,0.042241815476190485,0.19572964921891622,0.198146287769274,0.3053539306262879,False,73
1.5,24,-371.02811428566235,0.042958829365079367,0.20180178870241097,0.2005701506991686,0.3096526267077183,False,74
1.5,24,-370.77074285715094,0.04292683531746032,0.19917641183167656,0.19545187166950093,0.3192015836785974,False,75
1.5,24,-370.9038857142987,0.04336929563492064,0.202268603869981,0.21085456290154944,0.28968216117236956,False,76
1.5,24,-371.28400000000136,0.04300570436507936,0.19227155731924642,0.20736554702853371,0.2994562575092683,False,77
1.5,24,-371.3929714285866,0.043254960317460324,0.19734066734945596,0.19900946674225217,0.3291480922586991,False,78
1.5,24,-371.02862857144754,0.04236780753968255,0.19846158981860676,0.20401807140495065,0.28594073168679235,False,79
1.5,24,-370.99800000000573,0.04241369047619047,0.1978178805114303,0.19753174263038575,0.30928546880842256,False,80
1.5,24,-370.77199999998754,0.042174107142857145,0.19989191710760398,0.20085714011715797,0.2838835681614633,False,81
1.5,24,-371.19634285715426,0.043484375,0.19831547468881727,0.20410243667328057,0.32019901727501066,False,82
1.5,24,-371.1651428571317,0.04240104166666666,0.19301909775766282,0.19559631233465635,0.31306138676465656,False,83
1.5,24,-370.5772571428493,0.042936755952380945,0.1934955091862242,0.20385691513133058,0.31281186255148075,False,84
1.5,24,-371.3702285714205,0.04331845238095238,0.19678951010077814,0.20590335411942567,0.3094705541095164,False,85
1.5,24,-370.83262857144297,0.04252951388888889,0.1965279439631738,0.205518177414021,0.28885970250324733,False,86
1.5,24,-371.0859428571281,0.04305257936507936,0.1974469992038607,0.20721514210128517,0.29810326916762253,False,87
1.5,24,-371.36320000001416,0.04248635912698413,0.19730018962963872,0.20684367854780766,0.27507026178730964,False,88
1.5,24,-370.63457142858806,0.04324578373015873,0.19801639701436666,0.20845068761810298,0.30201972561201296,False,89
1.5,24,-371.2978857142922,0.04254786706349206,0.19501414117159,0.2061950394699548,0.284390278361082,False,90
1.5,24,-371.0096000000148,0.043303323412698415,0.19632299767190375,0.2071428618433484,0.3084720068095965,False,91
1.5,24,-370.88840000000516,0.042976686507936505,0.19660044291002257,0.20280925160619812,0.3100198064836679,False,92
1.5,24,-370.3968571428454,0.043349454365079365,0.20785299061477686,0.20418194385393043,0.30531652585974933,False,93
1.5,24,-370.9112000000044,0.042728918650793646,0.1963240390123471,0.19994914283352241,0.31177716157799373,False,94
1.5,24,-370.92994285713866,0.04331522817460318,0.2003848902091749,0.20634179872921352,0.31198902138546136,False,95
1.5,24,-371.40308571429244,0.04319270833333333,0.19953269106576674,0.206186262070106,0.3108409861987904,False,96
1.5,24,-370.44588571428017,0.04227480158730158,0.19812068579240413,0.19844528760393043,0.30542469747573886,False,97
1.5,24,-370.7522857142825,0.04270262896825397,0.19666037736207703,0.19742898882747548,0.31571285352347034,False,98
2.0,24,-325.3826285714366,0.03653323412698413,0.1339717142630358,0.11017224340986383,0.30855470936168927,False,1
2.0,24,-324.8141142857398,0.03648611111111111,0.13868186790110335,0.10811882539682546,0.3166120015326369,False,0
1.5,24,-371.29342857139636,0.043106398809523806,0.21145628061222616,0.20491914623488294,0.31165210175322644,False,99
2.0,24,-324.1530285714355,0.03642708333333333,0.13980610589002002,0.10984718898809528,0.31805279793341856,False,2
2.0,24,-325.07662857142293,0.03645386904761905,0.1361291776062722,0.10850817878401355,0.30641723132728615,False,3
2.0,24,-324.4586857142897,0.03679464285714286,0.1323102016312166,0.11180844784580496,0.3004662056177676,False,4
2.0,24,-323.97411428571326,0.03582217261904762,0.13473057226616447,0.10697012781675172,0.3079959736476441,False,5
2.0,24,-325.31462857145164,0.036688244047619056,0.12822308668367238,0.10961510896754523,0.31206060912450606,False,6
2.0,24,-324.3060571428184,0.03593998015873016,0.13538503863944445,0.10713987918083903,0.3069356515834478,False,7
2.0,24,-324.17194285710997,0.036347222222222225,0.12869059087159307,0.11063012499999994,0.3019062230926304,False,8
2.0,24,-324.8116571428666,0.03674875992063492,0.12869690530614106,0.11046566324759066,0.29420064354598185,False,9
2.0,24,-325.13880000001456,0.03630853174603175,0.1333067771527744,0.10559943990929704,0.3201804278593702,False,10
2.0,24,-324.90617142857025,0.036166666666666666,0.1325473892233554,0.11061761309523806,0.2958957241643295,False,11
2.0,24,-325.2209714285743,0.03660912698412699,0.1256856722094742,0.10751428458049883,0.3252693346525459,False,12
2.0,24,-325.4839428571661,0.036386160714285715,0.1326434694430279,0.10647233416595803,0.32469348095257144,False,13
2.0,24,-325.1017142857179,0.03669940476190476,0.13056566836734065,0.11075558418367347,0.3083378506176766,False,14
2.0,24,-324.6749142857324,0.03642311507936508,0.1353660165518641,0.10848352175453504,0.3150081195464267,False,15
2.0,24,-324.4396000000208,0.03648015873015874,0.13625891262896378,0.11156905924036269,0.29701191477712563,False,16
2.0,24,-324.7570285714442,0.036075892857142855,0.13243677791383687,0.10469522810374157,0.3238253976779163,False,17
2.0,24,-324.9354285714292,0.036724454365079366,0.13188211890590967,0.10778156304917799,0.3169004564294692,False,18
2.0,24,-324.8047428571182,0.03634747023809524,0.13112315491921814,0.10946831049815756,0.30784074526961835,False,19
2.0,24,-325.6080571428581,0.0361421130952381,0.13198500158588583,0.10515237696641141,0.3257161014270281,False,20
2.0,24,-324.6868000000062,0.03629241071428571,0.13434113469244519,0.1040398143246882,0.3178888616356432,False,21
2.0,24,-324.9882857142872,0.036490079365079364,0.13364998012332308,0.10939653514739232,0.3011375950797167,False,22
2.0,24,-324.7690857142985,0.03670138888888888,0.13667235305980008,0.10839345238095258,0.3272465537181839,False,23
2.0,24,-325.09537142855885,0.03627430555555555,0.1302021633205944,0.10744138740079368,0.30500519585185315,False,24
2.0,24,-325.4283999999931,0.03613492063492064,0.13659343961307335,0.10688654308390014,0.3068728465139914,False,25
2.0,24,-325.9051999999905,0.03642782738095238,0.12950626802579437,0.11024638376913272,0.31052656118529776,False,26
2.0,24,-324.20577142854955,0.0360828373015873,0.127180957765025,0.10554570231009058,0.31717041596901796,False,27
2.0,24,-325.1976000000026,0.03655853174603174,0.13104432289681098,0.11039368594104315,0.30929761025066915,False,28
2.0,24,-325.26942857143206,0.03640997023809524,0.1328553582412029,0.10748680156958618,0.32364650786207017,False,29
2.0,24,-324.99514285711945,0.036187003968253965,0.13341530722080583,0.10490563286564632,0.31906244539035944,False,30
2.0,24,-325.30365714287757,0.03586656746031746,0.12805700312358365,0.10627464221938777,0.3093680215774902,False,31
2.0,24,-324.36131428571497,0.036348958333333334,0.12992239607567374,0.10966731361607149,0.30775434294346127,False,32
2.0,24,-324.941371428586,0.036425347222222224,0.13319376604875466,0.10834752889384913,0.3101448660021321,False,33
2.0,24,-325.1459999999847,0.03609499007936508,0.1307509665178625,0.10333363050949546,0.3278801745170822,False,34
2.0,24,-325.11125714286834,0.03639384920634921,0.12911436960176084,0.10905162981859406,0.3098720884164,False,35
2.0,24,-325.1191428571564,0.03654712301587302,0.1362764183318935,0.10639058666383218,0.31820089059221135,False,36
2.0,24,-324.6181714285977,0.035990575396825396,0.13740699954079597,0.11094517084750574,0.2932037548971632,False,37
2.0,24,-325.14617142858987,0.036302827380952384,0.13725836541382502,0.11120050083262464,0.3001836014246273,False,38
2.0,24,-325.3798285714176,0.036745039682539685,0.13722625197136218,0.11149219926303854,0.30641814820415225,False,39
2.0,24,-324.5969142857294,0.03643030753968254,0.13471315062925113,0.10931711010133233,0.31292096465836927,False,40
2.0,24,-325.37657142858006,0.03633779761904762,0.1306632736678163,0.11044869267290258,0.3045520706046847,False,41
2.0,24,-325.0138857142723,0.03624355158730158,0.13299916234550815,0.11084187294501142,0.2980944575762494,False,42
2.0,24,-324.9271428571415,0.03623164682539683,0.133619124681123,0.10671511132369613,0.3156364538262648,False,43
2.0,24,-325.08188571427536,0.0361624503968254,0.13251740718680416,0.10857138872945007,0.3027692503912712,False,44
2.0,24,-325.17737142853906,0.03666344246031746,0.13350630553286968,0.10656067656958607,0.32322912095767375,False,45
2.0,24,-325.02925714286044,0.03651636904761905,0.1324000054648372,0.10522199624433115,0.33362696357868926,False,46
2.0,24,-324.77937142857616,0.036145089285714284,0.13337121411423267,0.10837414666595818,0.3149830127654024,False,47
2.0,24,-324.7277142856978,0.03587400793650793,0.12767796028202205,0.10551897789115652,0.3012970681397126,False,48
2.0,24,-324.6159999999947,0.03615649801587301,0.13217072222224463,0.10516981843466558,0.3224292920774441,False,49
2.0,24,-325.1321714285707,0.036707589285714284,0.13551156466978556,0.11018064368976763,0.3030847570070161,False,50
2.0,24,-325.0055999999886,0.03634771825396825,0.13004113718252105,0.10905996818310668,0.3098413818768314,False,51
2.0,24,-324.5926285714095,0.03638194444444444,0.1298682502253238,0.10571855753968265,0.3266646454873873,False,52
2.0,24,-324.63662857142384,0.03667683531746032,0.13295283038405614,0.11251638391085592,0.30480795201027633,False,53
2.0,24,-324.5949714285658,0.036622519841269845,0.13200895727891926,0.10955523235544218,0.31794551721553854,False,54
2.0,24,-325.1291999999861,0.03636954365079365,0.1326263858829293,0.10900938626700679,0.30423832023084785,False,55
2.0,24,-324.8574857142872,0.035986359126984134,0.13264051015305414,0.10982510613307808,0.29904086117792605,False,56
2.0,24,-324.92480000000967,0.03603249007936508,0.13336663285712624,0.10465895888251142,0.3184930941025985,False,57
2.0,24,-324.4882285714292,0.03604389880952381,0.13257914124715045,0.1044387535253685,0.3173011279579422,False,58
2.0,24,-324.5770285714557,0.03623189484126984,0.13238014795352784,0.10409522801516444,0.3266891877167484,False,59
2.0,24,-325.05062857141434,0.03654737103174603,0.13252610969954048,0.1102865313031463,0.30526236414846764,False,60
2.0,24,-325.15617142858554,0.035821924603174606,0.13257657697138509,0.10537566687925158,0.3188863511334419,False,61
2.0,24,-325.1496571428685,0.03637276785714286,0.12890212420492414,0.10766468209679714,0.3140210517613219,False,62
2.0,24,-325.10902857142344,0.03618799603174603,0.1287934318820842,0.10679616461167804,0.31612537259203277,False,63
2.0,24,-325.0977142857257,0.036553075396825396,0.1270923042800531,0.10970326806972788,0.3161102927986239,False,64
2.0,24,-324.82262857141325,0.036414186507936507,0.1309239642630473,0.10876183949829926,0.30709948670968723,False,65
2.0,24,-324.8436571428604,0.036046130952380954,0.12683800213152255,0.10713806965702949,0.31556777441316,False,66
2.0,24,-324.4149142856808,0.03674156746031746,0.13638318718677864,0.1128774418225624,0.3029513108771694,False,67
2.0,24,-324.36537142855934,0.036460565476190476,0.13380007477891492,0.1100140114618764,0.30112494344157004,False,68
2.0,24,-324.86074285715193,0.0365704365079365,0.12947444023667584,0.1106226207482994,0.30699040597152083,False,69
2.0,24,-324.5012571428376,0.03641542658730158,0.13391945863944935,0.10713773864441617,0.32102335338177546,False,70
2.0,24,-324.58685714282853,0.03641889880952381,0.13132135359977484,0.10813633289044794,0.3058201450012148,False,71
2.0,24,-325.10137142857025,0.036326140873015875,0.13188288112811758,0.10943705553784007,0.30387285245521933,False,72
2.0,24,-324.94257142857305,0.03640749007936508,0.1350256717332867,0.11391654221584466,0.294625872021152,False,73
2.0,24,-324.81382857141045,0.036388144841269836,0.13302358763606512,0.10621423099135494,0.3168963791428986,False,74
2.0,24,-325.11171428572334,0.036203125,0.12999926583757493,0.11031494754464272,0.29407640788959133,False,76
2.0,24,-324.86674285713235,0.0364265873015873,0.13384072530612912,0.10903145578231292,0.3038904510598678,False,75
2.0,24,-325.21154285713214,0.0362874503968254,0.13326216439342412,0.10515391650722788,0.31464824452607454,False,77
2.0,24,-324.843257142849,0.03664459325396826,0.1282565192049358,0.11115481503330482,0.29301206686719883,False,78
2.0,24,-325.0901142857109,0.03620957341269841,0.13366540401219457,0.10680199459679708,0.3070173456430699,False,79
2.0,24,-324.90451428574045,0.03651289682539682,0.13358751099630378,0.11065340844671209,0.30186668168122455,False,80
2.0,24,-324.5364000000065,0.03617559523809524,0.13397181580355286,0.10870465561224478,0.303563284915889,False,81
2.0,24,-324.75320000000175,0.03602852182539682,0.1337889799305698,0.10765897305484708,0.31108623460290963,False,82
2.0,24,-325.1745714285998,0.03652182539682539,0.12942042371741358,0.10832026757369627,0.31073534250161894,False,83
2.0,24,-324.6468571428864,0.0362078373015873,0.13135845181405634,0.10959502373866209,0.3084075484515446,False,84
2.0,24,-324.8969142857036,0.036761408730158734,0.13544092344670844,0.11090856568877538,0.29696381218180345,False,85
2.0,24,-325.4019428571548,0.036078125,0.13270454201246037,0.10567798524305548,0.3202216782224232,False,86
2.0,24,-324.6321142857245,0.035870287698412696,0.1355255047562246,0.10754959181901938,0.30401110750764715,False,87
2.0,24,-324.85925714285554,0.03653472222222222,0.12583546999858677,0.11130412301587307,0.3041944558574251,False,88
2.0,24,-324.72817142857264,0.03635193452380952,0.13300477459041657,0.1087580243587019,0.3122648695428094,False,89
2.0,24,-324.85279999999705,0.03610962301587302,0.13581793682538368,0.10956691404478452,0.28986929754557633,False,90
2.0,24,-324.7741142857257,0.03621825396825397,0.12957491750425257,0.10657739824263036,0.3152290397967811,False,91
2.0,24,-325.0083428571654,0.036017609126984124,0.13995504915532012,0.105183022799745,0.3238592222471799,False,92
2.0,24,-324.5793142857009,0.036374007936507934,0.13679542935941905,0.10741437074829926,0.318104357402029,False,93
2.0,24,-325.6844571428543,0.03665352182539682,0.13557698344105676,0.1123740722611963,0.3052088791887495,False,94
2.0,24,-324.6116571428843,0.03634747023809524,0.12959394895690618,0.10544474899022113,0.3285875681611048,False,95
2.0,24,-325.75640000000897,0.036178075396825396,0.13662354000990085,0.10770307362528342,0.30765578888759104,False,96
2.0,24,-325.2658285714267,0.03638020833333333,0.13409351600906425,0.10712138206845245,0.3175050396938641,False,97
2.0,24,-324.58177142858693,0.036449156746031754,0.13909132403484945,0.10588353229520958,0.32482000668607214,False,98
2.0,24,-325.11188571429375,0.036695932539682535,0.13484611428002483,0.11176176721938788,0.3064397189887489,False,99
2.5,24,-292.1601142856932,0.03336929563492064,0.10326716444081184,0.07267202345521534,0.3206167093947777,False,0
2.5,24,-292.02919999995936,0.033092757936507934,0.09729623934602892,0.07266900651927442,0.31147894148144195,False,1
2.5,24,-292.0798285713857,0.03313368055555556,0.09746660443628773,0.07262901041666663,0.3112661352354342,False,2
2.5,24,-291.47285714281617,0.03358928571428572,0.1023894461451184,0.07483363628117903,0.3086349471818468,False,3
2.5,24,-291.287142857094,0.03320436507936508,0.09923920487528247,0.07341660430839003,0.3063095826714458,False,4
2.5,24,-291.3649714284994,0.033537450396825395,0.1012649544045376,0.07269534114229025,0.3280552226766096,False,5
2.5,24,-290.5895428571335,0.033290922619047626,0.1019281474022662,0.07432214511054407,0.30198853934685044,False,6
2.5,24,-291.3276571428411,0.03343204365079365,0.10463803831655241,0.07461628679138325,0.3032216821749488,False,7
2.5,24,-291.55908571428836,0.03365823412698413,0.09869954770430922,0.07473718679138322,0.30945698042303227,False,8
2.5,24,-291.8655999999938,0.033227678571428575,0.1011793887492038,0.0728456820294784,0.30458176457335595,False,9
2.5,24,-292.0095999999523,0.03333779761904762,0.10328165059047428,0.0732213049319727,0.3092281736643613,False,10
2.5,24,-291.8783428571064,0.03338343253968254,0.10067574272925009,0.0732709693310658,0.31705909938703436,False,11
2.5,24,-292.1462857142616,0.03323735119047619,0.10555215092970482,0.0720260321853742,0.31381182770148497,False,12
2.5,24,-292.0848571428136,0.03361185515873016,0.10557861566893634,0.07376702765022682,0.3037007286901373,False,13
2.5,24,-291.8887999999693,0.033493799603174605,0.09754730801269437,0.07353019828514736,0.30682521013776276,False,14
2.5,24,-291.4690285714131,0.033694444444444444,0.10084115259500524,0.07555622539682544,0.3031186909504937,False,15
2.5,24,-291.7843999999771,0.03322544642857143,0.10164230700317502,0.07186844919217686,0.32223686692349296,False,16
2.5,24,-291.9370857142488,0.03336036706349207,0.10308749097415583,0.07100850225340133,0.3250902873445035,False,17
2.5,24,-291.9231428571008,0.03335739087301587,0.10274895598639382,0.0731494896683674,0.315814161835944,False,18
2.5,24,-291.9906857142875,0.03357638888888889,0.10493598225034172,0.07319234126984121,0.3105507323334309,False,19
2.5,24,-292.0129714285342,0.033537450396825395,0.10385602310295428,0.07445327765022682,0.31565372158222493,False,20
2.5,24,-291.5725142856861,0.03339360119047619,0.10076709808526275,0.07225727821712015,0.3122737727253808,False,21
2.5,24,-291.16371428567874,0.033483878968253965,0.10197732950114086,0.07169281393140597,0.32309034878029086,False,22
2.5,24,-291.4400571428488,0.033609623015873016,0.10362648761813842,0.07510507091836735,0.3082131061860798,False,23
2.5,24,-291.3993142856787,0.03330084325396825,0.10026306018685217,0.07171378456632654,0.3133772181857526,False,24
2.5,24,-291.1571428571526,0.033609126984126984,0.10177951519274049,0.07664211814058951,0.3015696686016933,False,25
2.5,24,-291.53639999996636,0.03335069444444445,0.10144862243174833,0.0705788988095238,0.3247054880129123,False,26
2.5,24,-291.8703428571362,0.03355704365079365,0.10262146996734373,0.07259434234693886,0.3234982356736742,False,27
2.5,24,-292.18319999999323,0.03318229166666666,0.10267899461587351,0.07561821597222229,0.28315653448959754,False,28
2.5,24,-291.704857142843,0.03338144841269841,0.10333888233560477,0.07402649041950116,0.305085033163341,False,29
2.5,24,-291.5833714285404,0.03359126984126984,0.10326913589024722,0.0749503458049887,0.30678227314396933,False,30
2.5,24,-292.2784571428345,0.03346378968253968,0.09946311552925585,0.07413830107709758,0.3126766585611277,False,31
2.5,24,-291.42514285713276,0.03357539682539683,0.10220758312925884,0.07577058707482988,0.29885573706623836,False,32
2.5,24,-291.8082285714182,0.03363467261904762,0.1043060891283393,0.0743871141581632,0.3119301319275849,False,33
2.5,24,-290.5364571428336,0.03330580357142857,0.09986761492607911,0.07239222617630388,0.3153143604169262,False,34
2.5,24,-292.097257142821,0.03306845238095238,0.10003987410067768,0.07119367596371877,0.31516840158108517,False,35
2.5,24,-292.07782857139426,0.033354662698412696,0.10452673646802496,0.07416652216553293,0.3074487099021437,False,37
2.5,24,-291.6451428571299,0.033483878968253965,0.10373683074829589,0.07371285361394567,0.31497717237342016,False,36
2.5,24,-292.10074285712847,0.033468501984126986,0.09997157444988261,0.0721276357001133,0.31985547911889023,False,38
2.5,24,-291.61799999993735,0.03336061507936508,0.10763839253968197,0.072541098356009,0.31513323881357336,False,39
2.5,24,-291.2890857142634,0.03302306547619047,0.10815735738684856,0.07222022107426306,0.3086151689690171,False,40
2.5,24,-291.34485714283346,0.03347321428571429,0.10117792360544829,0.07410961882086164,0.3052282686053156,False,41
2.5,24,-292.10302857137594,0.033220982142857146,0.10229449269024675,0.072856040121882,0.3108585765518458,False,42
2.5,24,-292.4285714285326,0.033562748015873015,0.09820077641723603,0.07408876665249435,0.3037380279922579,False,43
2.5,24,-291.37948571423055,0.03378125,0.10270778151383436,0.0758297273809524,0.31587180941896187,False,44
2.5,24,-291.7062285714169,0.0333219246031746,0.10042934160454024,0.07317381921768709,0.3090613742743571,False,45
2.5,24,-291.9018285714019,0.033533234126984134,0.10394002764263051,0.0733909518707482,0.3138629794881572,False,46
2.5,24,-291.0741714285469,0.03348412698412699,0.10304328453152266,0.07324880861677993,0.3171862961331975,False,47
2.5,24,-291.58914285709795,0.033466021825396826,0.09747821487527997,0.07373314590419501,0.30483598241876975,False,48
2.5,24,-291.2877714285585,0.03331671626984127,0.10170759973150982,0.07183900384070292,0.3116689512503177,False,49
2.5,24,-291.61994285710614,0.03311532738095238,0.10252785777688486,0.07176867288832196,0.315976974067692,False,50
2.5,24,-291.39377142855375,0.03329042658730158,0.10363285271564868,0.07469820678854884,0.29854041808525444,False,51
2.5,24,-292.1707428570949,0.03352430555555556,0.10138907016417863,0.0732390178571428,0.31114554122427984,False,52
2.5,24,-291.51291428568163,0.03338144841269842,0.1040931060535028,0.07289791899092965,0.3261862608223033,False,53
2.5,24,-291.96611428568866,0.032921875,0.10184413183763859,0.07244716438492062,0.30439537989844556,False,54
2.5,24,-291.31394285712423,0.033482142857142856,0.10355492060226727,0.0729718820861678,0.3180863329642185,False,55
2.5,24,-291.76851428569375,0.03297445436507936,0.10330640399002328,0.07064669488378685,0.31491112753896267,False,56
2.5,24,-291.35874285712555,0.03337946428571428,0.10217199702131136,0.07106772397959188,0.31958352156487513,False,57
2.5,24,-291.85571428572695,0.03337251984126984,0.10573415997732405,0.07223623350340137,0.3133387235235503,False,58
2.5,24,-291.58777142854893,0.03321230158730159,0.10219763465215591,0.07138841065759638,0.3195050007323099,False,60
2.5,24,-291.44977142855294,0.0337125496031746,0.10264451823945517,0.07464279987244897,0.31186553658503735,False,59
2.5,24,-292.47937142855125,0.03339831349206349,0.10313774846167184,0.07461660651927438,0.30110155947634876,False,61
2.5,24,-291.80611428569136,0.03333308531746032,0.10079314517097777,0.07397692458900218,0.30476200929939834,False,62
2.5,24,-291.8282285714108,0.033359871031746036,0.09866710563628456,0.07326850837585025,0.30009559280163944,False,63
2.5,24,-291.3298285714138,0.03380332341269841,0.10029045443628598,0.07605079329648527,0.3112449884501981,False,64
2.5,24,-292.0561142857268,0.03305307539682539,0.10247031263128721,0.07262039540816334,0.3096995426890663,False,65
2.5,24,-292.1805142856932,0.033535218253968255,0.10380733579954621,0.07334818883219953,0.3138609660432313,False,66
2.5,24,-292.2037142856958,0.03350917658730159,0.10233390092970189,0.07262654647108835,0.322217575843849,False,67
2.5,24,-291.5489142856994,0.033562996031746034,0.10657339570431051,0.07243879994331058,0.33422716437337285,False,68
2.5,24,-291.3102857142584,0.0330890376984127,0.10527058965986523,0.0732341663123583,0.31159200319916025,False,69
2.5,24,-292.30199999997245,0.03340079365079365,0.10224631634920418,0.07472784036281173,0.29888555677734063,False,71
2.5,24,-292.0482857142486,0.0334952876984127,0.10362648251700496,0.0747485004393423,0.3069958097275246,False,72
2.5,24,-291.7122857142427,0.03354117063492064,0.09963247870748293,0.07493338089569153,0.30451412546658896,False,70
2.5,24,-292.0913142857193,0.03350793650793651,0.09706489650431549,0.07347654739229025,0.30983803824662925,False,73
2.5,24,-291.7723999999631,0.033375992063492066,0.10125853125715771,0.07307608866213156,0.3135470614539657,False,74
2.5,24,-291.1447428571528,0.03348338293650793,0.09575118359274105,0.07444967368197287,0.29484086729283854,False,75
2.5,24,-291.196285714274,0.033482142857142856,0.1030645612471724,0.07169430272108851,0.32311736428636917,False,76
2.5,24,-291.29068571428274,0.03366294642857143,0.1033788901868522,0.07363145633503403,0.31702892631639923,False,77
2.5,24,-291.09519999995183,0.03360590277777777,0.09762000947301001,0.07510821994047623,0.31414250918440345,False,78
2.5,24,-290.98199999995643,0.03311780753968254,0.1043308814285572,0.07039967458900227,0.31396782253845645,False,79
2.5,24,-291.6023999999839,0.03320188492063492,0.09821848728888856,0.07453550311791382,0.2974105526611326,False,80
2.5,24,-291.92159999997557,0.03355233134920635,0.10137956246349657,0.07338059681122445,0.3180403204087744,False,81
2.5,24,-291.4979999999897,0.03329067460317461,0.10517641793651111,0.07265977913832194,0.3168969430667141,False,82
2.5,24,-291.5122285713643,0.03344072420634921,0.1012183806838948,0.0729903785572563,0.3178873758573987,False,83
2.5,24,-291.8646285713709,0.03335838293650794,0.10374988738231979,0.07300547050736957,0.3135581098832889,False,84
2.5,24,-291.7345714285318,0.033248015873015874,0.10582198546485112,0.07230939433106569,0.3201051751649673,False,85
2.5,24,-292.18365714284334,0.03340476190476191,0.0987485480308371,0.0727947371882086,0.3144514752869889,False,86
2.5,24,-291.50514285711256,0.03379489087301587,0.1049920783673507,0.07413748411281186,0.30446639357630156,False,87
2.5,24,-291.5981714285747,0.033389632936507936,0.09904778319818838,0.07309373399943317,0.31290542190401616,False,88
2.5,24,-291.56308571426723,0.03347891865079365,0.10095954529161746,0.07405545395408161,0.30406328957567386,False,89
2.5,24,-291.93525714284533,0.033290178571428575,0.10025466422765425,0.07569278520408158,0.29611728036484275,False,90
2.5,24,-290.38702857139117,0.033549107142857144,0.10486541992834747,0.07413074121315184,0.3011924083012797,False,91
2.5,24,-292.23257142852606,0.03320758928571429,0.10202446721088765,0.07176578161848067,0.3174576516915947,False,92
2.5,24,-291.17171428570344,0.03333953373015873,0.10094869839002057,0.07422707447562364,0.3112619243029684,False,93
2.5,24,-291.96485714284154,0.03325694444444444,0.10144839979590971,0.07323131428571424,0.3024771368634104,False,94
2.5,24,-291.4545142856704,0.03299032738095238,0.1060991871963698,0.07232271415816328,0.29958730827349,False,95
2.5,24,-291.6322857142795,0.033320188492063495,0.10275442156462507,0.07125017844387753,0.3124400644418983,False,96
2.5,24,-291.2427999999522,0.03352083333333333,0.09995653877460427,0.0710480111111111,0.3259546903316324,False,97
2.5,24,-291.2693142856851,0.033479910714285716,0.09949498923446906,0.07279173638038552,0.3114053875793278,False,98
2.5,24,-291.4553142856954,0.03304290674603175,0.10429360088526463,0.07266979250283435,0.30941948087374616,False,99
3.0,24,-265.2517714284266,0.031739831349206354,0.08376405087176268,0.05400593318924787,0.3235216676884376,False,0
3.0,24,-265.38245714268896,0.03157862103174603,0.08049315932916731,0.055123032112150416,0.31366656169288165,False,1
3.0,24,-264.33497142841213,0.03184945436507936,0.08114723542202969,0.05505807245606578,0.31411047754805366,False,2
3.0,24,-264.8311428570093,0.031547371031746034,0.08337069033447374,0.054661510286753576,0.3173929943827821,False,3
3.0,24,-265.71617142843536,0.03171552579365079,0.08333628994142757,0.054272461628401394,0.3189739848329053,False,4
3.0,24,-265.4113714284132,0.031246527777777776,0.08129310556752202,0.05331911144179901,0.31268251174555073,False,5
3.0,24,-264.75634285699226,0.031433531746031744,0.08290065526832088,0.05417574168556312,0.31484923329814996,False,6
3.0,24,-265.1638285713201,0.03175768849206349,0.08425644514424653,0.05506104486725247,0.3194471045999223,False,7
3.0,24,-264.75748571414533,0.031605406746031746,0.0832492368757739,0.054648118752362015,0.30855343113093914,False,8
3.0,24,-264.7261714284216,0.032026537698412696,0.08363689388762889,0.056076930260298585,0.30825112569842483,False,9
3.0,24,-264.9489714284274,0.0314828869047619,0.08182955942995396,0.0542416534273432,0.31284058270675164,False,10
3.0,24,-264.13457142847756,0.03133630952380952,0.08291725181091374,0.055089343537414986,0.3005978740837806,False,11
3.0,24,-264.6671428570086,0.0315453869047619,0.08017900691295858,0.054413224194539006,0.3148925095555347,False,12
3.0,24,-264.02479999986247,0.03179836309523809,0.08232675966491239,0.05384925924744906,0.3220128284724848,False,13
3.0,24,-264.40434285700934,0.031804315476190476,0.0805825713177096,0.055217377350245594,0.3111842608477965,False,14
3.0,24,-264.6059999998901,0.03156746031746032,0.08284745337301715,0.05429100056689337,0.31816080834356997,False,15
3.0,24,-264.68794285701256,0.03148412698412698,0.0829063123450632,0.05408438284202571,0.3237578003692846,False,16
3.0,24,-265.64525714272276,0.03184449404761904,0.08190816750818529,0.05569032727465996,0.31383464752863643,False,17
3.0,24,-264.85497142844645,0.03138665674603175,0.08370616311161164,0.054054863461356725,0.31632865239677255,False,18
3.0,24,-265.40194285699863,0.031351438492063496,0.08147594283446992,0.05520577899423661,0.30468733380160506,False,19
3.0,24,-265.4562857141519,0.031586557539682536,0.08120148763856254,0.054026449723639514,0.3102846991281881,False,20
3.0,24,-264.944857142726,0.03141617063492064,0.08435884024627313,0.05428834915910809,0.3155049588156652,False,21
3.0,24,-265.0321714284429,0.03145138888888889,0.0825305851795062,0.05397319841269846,0.3089591116167574,False,22
3.0,24,-264.1100571427338,0.03149231150793651,0.08087314847821964,0.053453591163548766,0.313942944656455,False,23
3.0,24,-264.2200571427306,0.031274057539682536,0.08135188006991922,0.05318366863898344,0.31766508230680224,False,24
3.0,24,-265.21674285699453,0.031644593253968255,0.0816663789058976,0.054918765577758905,0.3124831080288645,False,25
3.0,24,-264.76845714271,0.03174677579365079,0.08382202147644432,0.055515695755385536,0.3130249696268683,False,26
3.0,24,-264.8869142855632,0.03168576388888889,0.0861947817831836,0.05424007878637563,0.3178995187355814,False,27
3.0,24,-263.99885714270835,0.03181423611111111,0.08177153413959033,0.053332640955687835,0.326978379095891,False,28
3.0,24,-265.192914285581,0.031558779761904764,0.08403216844545501,0.05373508332152303,0.3155049051146813,False,29
3.0,24,-265.01731428558213,0.0316780753968254,0.08335190866149966,0.05519976998299314,0.3129108001517781,False,30
3.0,24,-264.4813142856051,0.031231150793650794,0.08186081889077824,0.05447529554043835,0.30446681027240163,False,31
3.0,24,-264.60765714273407,0.03166145833333333,0.08082863948350026,0.05500015021494713,0.30395741115144725,False,32
3.0,24,-265.7847428570262,0.03163219246031746,0.08518010500818962,0.054028584644274374,0.314739053186571,False,33
3.0,24,-265.343199999857,0.03146875,0.08625776389772842,0.055353411706349206,0.2953308876864652,False,34
3.0,24,-265.30559999984087,0.03189310515873016,0.08323103231041275,0.056256322645030166,0.3097987276871442,False,35
3.0,24,-265.5386857141606,0.03159523809523809,0.08223280654509342,0.054231083900226795,0.3161813952859144,False,36
3.0,24,-265.12182857125873,0.031288442460317464,0.08699912104811804,0.05333743120512087,0.31624185501122204,False,37
3.0,24,-264.528857142723,0.03184002976190476,0.08062193372071014,0.054451428559618306,0.32366558267897894,False,38
3.0,24,-265.383999999848,0.0316140873015873,0.08312592945327915,0.05562534221466364,0.30659194630632913,False,39
3.0,24,-264.46154285699896,0.03158184523809524,0.0855374572127762,0.0555337508975812,0.29372556895445234,False,40
3.0,24,-265.0960571427025,0.031997023809523815,0.08185134179830915,0.0555836623204837,0.31267190470720796,False,41
3.0,24,-265.0897714284567,0.0317328869047619,0.08361951244582548,0.05602591400935382,0.3072309367921745,False,42
3.0,24,-264.31079999983785,0.03168923611111111,0.08531475704145393,0.05510259069113754,0.31321894537561923,False,43
3.0,24,-265.8302857141774,0.03169890873015873,0.0844054138951861,0.05574553453325777,0.3030004899155082,False,44
3.0,24,-265.43605714271683,0.03150496031746032,0.08387004902936968,0.05374529024943303,0.3126316700558951,False,45
3.0,24,-265.03588571414934,0.031737103174603175,0.084190007316701,0.05375371674225242,0.3190988277333172,False,46
3.0,24,-265.86908571415523,0.03178993055555556,0.0843490175856695,0.055757436590608375,0.30197620335958386,False,47
3.0,24,-264.1486285712821,0.03128125,0.08488759498549718,0.052106293981481505,0.3217402034214911,False,48
3.0,24,-265.1528571427428,0.0316312003968254,0.08154305894116494,0.05585081999952762,0.3039098374893605,False,49
3.0,24,-265.8562857141589,0.03155332341269841,0.0811858791729618,0.05490288727088058,0.31320429547686135,False,50
3.0,24,-264.47165714271324,0.031637400793650794,0.08435024406903553,0.05481261994520027,0.30323295266703054,False,51
3.0,24,-265.31839999988796,0.031125992063492064,0.08286170497355254,0.054241756424792106,0.3040843491877926,False,52
3.0,24,-264.9977142855439,0.03158730158730158,0.08347224766943226,0.055140192743764305,0.30504714893505025,False,53
3.0,24,-265.30982857129544,0.03159647817460317,0.08032403118920263,0.0560638391794218,0.29527299312979594,False,54
3.0,24,-265.1874857141527,0.03185763888888889,0.07956187014297254,0.05438628472222226,0.3138852752673582,False,55
3.0,24,-264.83828571415614,0.03150868055555556,0.08388191301334284,0.05488091873346558,0.3081112489051753,False,56
3.0,24,-265.36371428560795,0.031767857142857146,0.08445588358215249,0.054033331632653,0.3260752131564568,False,57
3.0,24,-265.018799999876,0.031482142857142854,0.08222339742944852,0.054890446712018176,0.3129350063243913,False,58
3.0,24,-264.60137142843087,0.031806547619047616,0.08295054637439118,0.054214338435374126,0.3158097136004019,False,59
3.0,24,-265.3709142855958,0.03180109126984127,0.08354362869677959,0.05558603453325775,0.3097197014106693,False,60
3.0,24,-265.15068571412905,0.031545386904761906,0.07889954411124575,0.055960512554327255,0.29850978429677943,False,61
3.0,24,-265.37857142842427,0.03184895833333334,0.07807323593788955,0.05740540881283067,0.297036428149811,False,62
3.0,24,-265.1870285713104,0.03159970238095238,0.08629596842466628,0.053665342734315946,0.32101523009957944,False,63
3.0,24,-265.36457142844137,0.0318077876984127,0.08156418468126256,0.05565678145077475,0.30319274652596284,False,64
3.0,24,-264.4229142855961,0.03118154761904762,0.08075350982552282,0.0539066730914588,0.30691512717074454,False,65
3.0,24,-265.0427428570153,0.031716517857142856,0.08026582923657827,0.05472201954601286,0.31509933038747884,False,66
3.0,24,-265.14079999987257,0.03143824404761905,0.08094144035272273,0.054359350422808,0.31474689663771194,False,67
3.0,24,-264.3405714284904,0.031844246031746036,0.0831092393550029,0.05489747713529851,0.3125477661346281,False,68
3.0,24,-265.8065714284136,0.03197048611111111,0.08224804281620116,0.05462048817791,0.3255452626111669,False,69
3.0,24,-265.2151999998385,0.03181770833333333,0.08267091663139053,0.05501492204034393,0.30237601932836056,False,70
3.0,24,-264.6515999998457,0.03143948412698413,0.08358328709435081,0.05263480612244892,0.3213821294217355,False,71
3.0,24,-264.67417142844243,0.03163888888888889,0.08288626681531769,0.05636861507936512,0.3045879961245136,False,72
3.0,24,-265.1654285712761,0.030979662698412697,0.08215133470333585,0.053230511857520806,0.2977395300982363,False,73
3.0,24,-265.06542857131313,0.031806795634920636,0.08267345992377766,0.0554074897841081,0.30954751906933975,False,74
3.0,24,-264.76954285703005,0.03123685515873016,0.08533322934681564,0.05483950055508315,0.2960461013256196,False,75
3.0,24,-265.37839999982685,0.03150644841269841,0.08017561546736583,0.053698021116780084,0.31340409957083637,False,76
3.0,24,-264.7677714284365,0.031695684523809525,0.08532962327036543,0.056282877350245605,0.2980285958883454,False,78
3.0,24,-265.30777142843965,0.03165724206349207,0.08058581066011582,0.05602239035336354,0.29993259223394275,False,79
3.0,24,-265.13097142840934,0.03188194444444444,0.08244913374652624,0.053525010582010576,0.3312645759873235,False,77
3.0,24,-264.90782857127635,0.031718998015873016,0.08371130651991375,0.055265390199829914,0.3133181838900826,False,80
3.0,24,-264.56525714272794,0.0316155753968254,0.08222432623835382,0.053587435326908545,0.320328971942914,False,81
3.0,24,-265.3398857141652,0.03158482142857143,0.08349138403627314,0.05509223237906272,0.3053865006266555,False,82
3.0,24,-265.31228571416267,0.031466269841269844,0.0824202883440317,0.0535307021919879,0.3205400434182675,False,83
3.0,24,-264.9573142855739,0.03199255952380953,0.0854779906720877,0.05503781609032493,0.3288174367851917,False,84
3.0,24,-265.0707999998413,0.03164012896825397,0.08384823058641802,0.056575522852891205,0.2908045192202028,False,85
3.0,24,-264.8835999998559,0.03180034722222222,0.08499359450175173,0.056212431960978845,0.30451868345412425,False,86
3.0,24,-264.72674285697866,0.031474950396825394,0.08381173373393519,0.05354162357095617,0.30623013464836635,False,87
3.0,24,-264.61914285701334,0.03161532738095238,0.08517158715986109,0.055664272380479954,0.3049195910317771,False,88
3.0,24,-264.37017142843195,0.031584325396825395,0.08410027810279284,0.054722091080876764,0.31184422951820334,False,89
3.0,24,-265.36005714273244,0.031762648809523814,0.08255202028155711,0.05508966967828796,0.3156399558133608,False,90
3.0,24,-265.4523428570213,0.03189161706349206,0.08380269018896988,0.055750737327569896,0.30529625940687866,False,91
3.0,24,-264.7293714284616,0.03161383928571428,0.08145942573948425,0.05501583653391913,0.31139266955367295,False,92
3.0,24,-266.28737142844096,0.0314422123015873,0.08335275142291193,0.05441461610685941,0.3051303622442396,False,93
3.0,24,-264.4374285712685,0.03159697420634921,0.08101763540878858,0.05380219906226377,0.32046295649954704,False,94
3.0,24,-265.393714285585,0.03160019841269841,0.08018647385990986,0.053959257558578985,0.31464807359523805,False,95
3.0,24,-265.7106857141526,0.031614831349206354,0.08492414023117413,0.054200221549036226,0.3188260376289318,False,96
3.0,24,-265.1637142855878,0.031507440476190474,0.08003560580434371,0.05383648143424041,0.31804545125504546,False,97
3.0,24,-264.842742856993,0.031929315476190476,0.0813710320584432,0.055458603540721824,0.32473639647706876,False,98
3.0,24,-265.1067999998514,0.03167113095238096,0.08129243817019594,0.056215948554421705,0.3056613460185398,False,99
3.5,24,-243.4759999998539,0.030302579365079362,0.07025984872043327,0.0430427559118886,0.31595825821769885,False,0
3.5,24,-243.75914285699628,0.030729166666666665,0.06846426617381612,0.0452373866213152,0.3003678681768349,False,2
3.5,24,-243.39422857128193,0.030866319444444446,0.0711045109903204,0.0441923974631519,0.3094789499269385,False,1
3.5,24,-243.8905142855531,0.03077405753968254,0.06867384374288499,0.04435068876538713,0.31230582875025426,False,3
3.5,24,-243.33005714271252,0.03046750992063492,0.07213786839926947,0.04327274634556206,0.3093073009950117,False,4
3.5,24,-242.89937142842297,0.03041691468253968,0.06810993515617984,0.04308539964974086,0.3291720791125078,False,5
3.5,24,-243.52399999985377,0.030278521825396823,0.06795533948817836,0.04380563766399423,0.301611985246675,False,6
3.5,24,-243.24337142843873,0.030547123015873017,0.07053950341016425,0.04272609373987688,0.3239262089840276,False,7
3.5,24,-243.74788571418043,0.030613343253968257,0.06908597077884074,0.04390105190111758,0.3078454503860132,False,8
3.5,24,-242.76537142842517,0.030024305555555558,0.06772764994400121,0.04287138236961453,0.29773039756171815,False,9
3.5,24,-242.99891428558487,0.03045064484126984,0.06748026546300503,0.0434212754190962,0.3152200888184077,False,10
3.5,24,-242.99674285701317,0.03006547619047619,0.06910687248416073,0.04132748040168449,0.32076808002809176,False,11
3.5,24,-243.29965714274266,0.03056299603174603,0.0704611969383012,0.04300509293002913,0.32488388460283635,False,12
3.5,24,-243.57314285702816,0.030622271825396823,0.0687137364523957,0.043518839478053156,0.3142656519647379,False,13
3.5,24,-243.22994285702063,0.030519097222222225,0.06912883956868503,0.04247380335884352,0.33583386101030366,False,14
3.5,24,-242.74394285699495,0.030628968253968252,0.07125866381554617,0.042755689018464556,0.3283711692703354,False,15
3.5,24,-242.460114285579,0.03047247023809524,0.06863688985885492,0.04245159919622609,0.3204550332225967,False,16
3.5,24,-242.7835428570093,0.030798859126984126,0.06646328523115833,0.04539443876538714,0.2982178028421625,False,17
3.5,24,-243.57857142843957,0.030755456349206352,0.0673628147415466,0.043920918002915435,0.32098758537640026,False,18
3.5,24,-243.40651428558644,0.030121279761904762,0.069533502246287,0.04340746881073857,0.3031840956662444,False,19
3.5,24,-243.33497142842558,0.030312748015873015,0.06944517976583024,0.04401891155450278,0.30291392858163446,False,20
3.5,24,-243.88325714272187,0.030632688492063492,0.07167320614141777,0.04496230036240689,0.3035222974499039,False,21
3.5,24,-242.51868571417126,0.030564980158730156,0.06885865476005827,0.04369715091512798,0.32348147185198783,False,22
3.5,24,-243.72497142843417,0.030316964285714287,0.06924551253227214,0.04252722461127306,0.3230952806887998,False,23
3.5,24,-243.26919999984486,0.03042013888888889,0.07045377873987851,0.0427293517573696,0.318435584854038,False,24
3.5,24,-243.44885714271845,0.030414186507936505,0.06890214307696065,0.04230439241172664,0.32728190945984503,False,26
3.5,24,-242.38611428558553,0.030275545634920638,0.07027728721875194,0.04259465054057333,0.31214432821870863,False,25
3.5,24,-242.94337142844304,0.030492559523809526,0.0707271192183845,0.043670180231616416,0.30787220172360474,False,27
3.5,24,-243.73759999983795,0.030628224206349208,0.0681434779656635,0.0435946099672012,0.31983751796795745,False,29
3.5,24,-244.31605714272084,0.030650545634920638,0.07018345552270434,0.04308350654964362,0.32644633663093037,False,28
3.5,24,-243.65142857129433,0.030351438492063496,0.06867528437224789,0.044372012380547415,0.29020732825841855,False,30
3.5,24,-242.26479999986498,0.030533234126984127,0.06762486003238949,0.043090904397473234,0.3160708027856449,False,31
3.5,24,-243.31594285701848,0.030779265873015868,0.06812818555185388,0.04442951890994496,0.3108299877518428,False,32
3.5,24,-242.75988571413825,0.030599950396825396,0.06926139164051208,0.04383897553247486,0.3121092718674001,False,33
3.5,24,-242.9561142855692,0.03042063492063492,0.07229902733861061,0.04332883527696793,0.30962505477754,False,34
3.5,24,-243.4941142855857,0.030180307539682538,0.06759219463695974,0.043373552710965345,0.30512117691819673,False,35
3.5,24,-242.8296571427289,0.03054290674603175,0.07093356825351586,0.04459990280814703,0.3005495726726837,False,37
3.5,24,-243.21914285700453,0.030253968253968252,0.06957712655606318,0.04392261645610629,0.30186064742201724,False,38
3.5,24,-243.28045714271195,0.03054340277777778,0.0689973721764112,0.043745284651360496,0.31402840912402397,False,36
3.5,24,-243.04125714271635,0.030451140873015873,0.06919511995742525,0.04373447277899254,0.30785500484068906,False,39
3.5,24,-243.35159999984896,0.03037549603174603,0.06840989152251516,0.04296002717039194,0.30773107778555553,False,40
3.5,24,-243.2938857141527,0.030730654761904758,0.07144590659030627,0.04378696108681573,0.31465898703117345,False,41
3.5,24,-243.05714285699213,0.030288690476190476,0.06790503771576564,0.04372886929057336,0.3065747573936335,False,42
3.5,24,-243.4943428569885,0.030539434523809528,0.06918645481002897,0.04267009611880461,0.3204404343367492,False,43
3.5,24,-243.25148571414962,0.03048090277777778,0.07134985108010666,0.043199919005102026,0.31580739475551234,False,44
3.5,24,-242.801485714154,0.0301827876984127,0.06951061193205549,0.042454215166423726,0.31944940898003993,False,45
3.5,24,-242.733999999872,0.030474950396825396,0.07055184459021474,0.04374149027170391,0.31200968929512407,False,46
3.5,24,-242.82217142842126,0.03069469246031746,0.07109082764404187,0.04324524091958216,0.32353499855273427,False,47
3.5,24,-243.16325714271852,0.030274801587301593,0.06714594731407847,0.04418249287333979,0.29807909191452286,False,48
3.5,24,-243.4889714284454,0.030289434523809527,0.06956825292748356,0.04312146573331708,0.3096561453970049,False,49
3.5,24,-243.34497142844577,0.030393105158730158,0.06811420640982979,0.04315658380911889,0.3110104769824421,False,50
3.5,24,-243.48462857127376,0.03039236111111111,0.06937853146328177,0.04490361026077099,0.2947242988452119,False,51
3.5,24,-242.62142857126452,0.030252232142857143,0.0696073531283233,0.04336684555191128,0.3073590186983597,False,52
3.5,24,-243.7029142855818,0.030705357142857142,0.06998220806100229,0.04466504275996113,0.3060074228716353,False,53
3.5,24,-243.05394285699668,0.030639632936507934,0.07225248686379787,0.044412966462180126,0.3100109925943997,False,54
3.5,24,-243.67782857130402,0.030562748015873012,0.06714081306678434,0.0429046258402171,0.3222526065197855,False,55
3.5,24,-243.15262857131162,0.03042361111111111,0.06854924788698731,0.043014028344671225,0.32009858190313145,False,56
3.5,24,-243.6729714284269,0.030321676587301588,0.06666673805868162,0.043341238975947535,0.3083274331066328,False,57
3.5,24,-242.72537142843314,0.030077380952380956,0.06737144262298213,0.04175372546161317,0.3160656138885417,False,58
3.5,24,-243.39211428557388,0.03016121031746032,0.06713819008561119,0.04375516176708777,0.2882111504124748,False,59
3.5,24,-242.12194285702336,0.030138640873015876,0.068660199011519,0.04270369330053449,0.29795025779197915,False,60
3.5,24,-243.99868571415044,0.030333829365079362,0.06680568488638751,0.04254553737447367,0.3096575481630274,False,61
3.5,24,-244.1204571427176,0.030257440476190473,0.06798879556480933,0.04338846367832852,0.3090589436368233,False,62
3.5,24,-242.86885714271338,0.030415178571428572,0.07022621823082209,0.04284718217525103,0.31333122416162484,False,63
3.5,24,-243.7185142855764,0.03030059523809524,0.06868996275811376,0.043264500485908616,0.31746694929012176,False,64
3.5,24,-243.06788571415257,0.030555555555555558,0.06983167599426868,0.04444954648526076,0.303592705706465,False,65
3.5,24,-242.6602285712604,0.030530505952380955,0.06994232360774424,0.04351493358236147,0.31371299276871223,False,66
3.5,24,-243.46834285702744,0.030642113095238097,0.07200698948771274,0.04363937073817614,0.3086941411447628,False,67
3.5,24,-242.6137142855853,0.030340029761904763,0.06958712591974275,0.04300892289237121,0.3107033826488096,False,68
3.5,24,-242.171828571279,0.02999330357142857,0.07222773332916894,0.042039626974003916,0.3117873853539789,False,69
3.5,24,-242.98611428557376,0.030581101190476193,0.07129830114813754,0.04467473670837378,0.30793742045986416,False,70
3.5,24,-243.58468571415438,0.0302703373015873,0.06977630625017185,0.04394367002753484,0.2986087038490115,False,71
3.5,24,-243.53765714271685,0.030960317460317462,0.07022473909898576,0.044308043569808844,0.3222133270102602,False,72
3.5,24,-243.17662857127004,0.03047718253968254,0.07004755135314487,0.043055338354389384,0.31418849640043656,False,73
3.5,24,-242.66851428557902,0.030318948412698415,0.06881038104447189,0.04273786730644634,0.31387529527480773,False,74
3.5,24,-243.32188571414568,0.03027281746031746,0.06949360882548544,0.042466861030126375,0.32408704863150883,False,75
3.5,24,-243.26891428558267,0.0304327876984127,0.06999736385950243,0.04387811766075478,0.31434729675891604,False,76
3.5,24,-242.42119999986826,0.030549107142857142,0.06715497679624192,0.04359659179624231,0.316978363246449,False,77
3.5,24,-242.71662857128317,0.03048983134920635,0.06531542890417125,0.043603668357223846,0.3029403844482017,False,78
3.5,24,-243.05937142845403,0.030609623015873017,0.06985696722614872,0.04404744974894721,0.3199972129069373,False,79
3.5,24,-242.43308571415355,0.030859126984126985,0.06948907388541783,0.04416065581470681,0.3276170515018073,False,80
3.5,24,-243.859257142718,0.030535466269841275,0.07057455904067249,0.04443546362771292,0.30890116706344584,False,81
3.5,24,-243.09165714273504,0.0306765873015873,0.06866670053403887,0.043894868156786525,0.309578190461424,False,82
3.5,24,-242.41919999985626,0.030468253968253967,0.07197420755426599,0.04349083754454165,0.31301732069564314,False,84
3.5,24,-243.89879999985627,0.030563244047619047,0.0688281792581857,0.04384124594063821,0.3116746291414769,False,83
3.5,24,-244.0164571427197,0.03081919642857143,0.06937107920588802,0.04470677266561389,0.3168206598173652,False,85
3.5,24,-242.76394285700903,0.030376488095238095,0.06778557214077527,0.042804700315840626,0.3115021449603652,False,86
3.5,24,-243.90571428557752,0.030308531746031746,0.07208690985237534,0.04267399967606092,0.3130577524717699,False,87
3.5,24,-242.74731428557328,0.030493799603174603,0.06973692439076912,0.04375672780004858,0.31399119672584075,False,88
3.5,24,-243.17348571414337,0.030437748015873015,0.06937864348373236,0.04352372221209915,0.3015854382813996,False,89
3.5,24,-243.82639999985696,0.030662202380952384,0.0697842549659779,0.04311122347748621,0.3176438925896812,False,90
3.5,24,-244.07634285699254,0.030244791666666666,0.06929281831830364,0.04237077047902497,0.31620320060501883,False,91
3.5,24,-244.0283999998546,0.030351686507936505,0.06903960386458996,0.043223913953676744,0.3094217540649119,False,92
3.5,24,-242.68897142841894,0.03054191468253968,0.07066628985654262,0.043834223912779434,0.30733503840954157,False,93
3.5,24,-243.41051428557054,0.030683531746031747,0.0695567319838907,0.044178908973113044,0.31444406137582903,False,94
3.5,24,-243.07531428558048,0.030507440476190476,0.0704424484594366,0.04503694893909943,0.29221340353953495,False,95
3.5,24,-243.61417142843416,0.030480158730158732,0.06863209333888003,0.042369586005830906,0.32382651175554744,False,96
3.5,24,-242.6736571427303,0.03075248015873016,0.06902320259105037,0.043397472910592816,0.31840602218726166,False,97
3.5,24,-243.27422857130625,0.030441716269841275,0.06633830885233437,0.043394536756964606,0.31250826725952896,False,98
3.5,24,-242.28188571413762,0.03027752976190476,0.06914725832337647,0.04294094953636222,0.3146984222828436,False,99
0.1,24,-589.185942857142,0.2093779761904762,55.39777521768578,13.660554512471581,0.6086263127979917,True,0
0.1,24,-625.5981714285688,0.2317668650793651,0.0002533877401826126,1.2013491156462663,0.6615226818712886,True,1
0.1,24,-591.9979428571421,0.20224776785714285,0.00028497958434551635,0.7200987213010146,0.6625965240792744,True,2
0.1,24,-691.1999999999971,0.5,-2.0210993372731735e-11,0.0,0.6666666666666667,True,3
0.1,24,-659.9999999999978,0.28260912698412705,0.0,0.013516723355788685,0.6666274808656911,True,4
0.1,24,-628.2316571428553,0.27177331349206346,0.024349820836909602,1.980902742347057,0.660300940416835,True,5
0.1,24,-651.9999999999978,0.15579861111111112,-1.0105496686365867e-11,0.03504662698408323,0.6663325342242757,True,6
0.1,24,-611.1993142857132,0.18576190476190474,9.515644908080703e-05,0.05063985827669093,0.6663271144356764,True,7
0.1,24,-691.1999999999971,0.5,-2.0210993372731735e-11,0.0,0.6666666666666667,True,8
0.1,24,-648.8221714285692,0.18243278769841267,4.564771800455167,0.31295324511065203,0.6646742925210252,True,9
0.1,24,-691.1999999999971,0.5,-5.0527483431829335e-11,0.0,0.6666666666666667,True,10
0.1,24,-589.5986285714282,0.12587078373015873,0.00019014969439012924,0.10411206030329856,0.6651523038197389,True,11
0.1,24,-627.9985142857124,0.2994789186507937,0.00020596597904740414,0.6630456345662328,0.6649629430812698,True,12
0.1,24,-691.1999999999973,0.5,-5.0527483431829335e-11,0.0,0.6666666666666667,True,13
0.1,24,-602.1963428571422,0.14163095238095239,0.049402439849978275,0.21602638321994494,0.6641001700485569,True,14
0.1,24,-618.2836571428559,0.2868258928571429,0.013808789127425468,0.2749757922334517,0.665894542636797,True,15
0.1,24,-671.9675428571404,0.4583333333333332,0.01784885265199894,4.796163466380676e-13,0.6666666666666666,True,16
0.1,24,-668.7999999999976,0.4583333333333332,3.03164900590976e-11,4.796163466380676e-13,0.6666666666666666,True,17
0.1,24,-691.1999999999965,0.5,0.0,0.0,0.6666666666666667,True,18
0.1,24,-691.1999999999973,0.5,-5.0527483431829335e-11,0.0,0.6666666666666667,True,19
0.1,24,-625.0842285714267,0.1674094742063492,46.14859372105556,3.4237687694869923,0.6420152306001391,True,20
0.1,24,-611.780685714285,0.23525297619047622,0.15274475964462095,0.1116859410429738,0.6662012443543612,True,21
0.1,24,-634.3991999999987,0.3159719742063492,0.00011099997815714835,0.2152405750424169,0.6661679549036849,True,22
0.1,24,-613.5975999999987,0.1909875992063492,0.0003323333051715356,2.0327466539115813,0.6540796049521005,True,23
0.1,24,-691.1999999999971,0.5,-5.0527483431829335e-11,0.0,0.6666666666666667,True,24
0.1,24,-691.1999999999979,0.5,-5.0527483431829335e-11,0.0,0.6666666666666667,True,25
0.1,24,-634.3990857142838,0.33333085317460326,0.0001268389900764709,0.17170631377522838,0.6663090688912761,True,26
0.1,24,-665.4335999999986,0.4440530753968253,0.19535161900421366,1.567217940759953,0.6649027987214563,True,27
0.1,24,-659.9999999999978,0.11775223214285714,0.0,0.013068760983552252,0.6664498166043444,True,28
0.1,24,-691.1999999999971,0.5,-2.0210993372731735e-11,0.0,0.6666666666666667,True,29
0.1,24,-633.2147428571411,0.33705530753968255,13.78615274153263,4.606860455994974,0.6573994674555663,True,30
0.1,24,-667.9999999999978,0.13949206349206347,1.0105496686365867e-11,0.003936145124758816,0.6666196658233561,True,31
0.1,24,-591.1978285714275,0.2013869047619048,0.0003007687256386917,0.23173608843531923,0.6653471711153531,True,32
0.1,24,-671.9999999999984,0.4583333333333332,0.0,4.796163466380676e-13,0.6666666666666666,True,33
0.1,24,-626.3979428571415,0.30033878968253963,0.0002849795439235296,0.8575839158164378,0.6644339267387132,True,34
0.1,24,-591.9979428571421,0.09374652777777777,0.00028497958434551635,0.13048108134921965,0.6632597526639638,True,35
0.1,24,-658.2539428571408,0.4227289186507936,0.36962974149395844,0.5488083726621618,0.6659429991865745,True,36
0.1,24,-667.9999999999976,0.26811706349206355,4.042198674546347e-11,0.0042678911563243105,0.6666529124829983,True,37
0.1,24,-662.3994285714265,0.4049169146825396,7.93084028474469e-05,0.10599644805875386,0.6665168887821875,True,38
0.1,24,-663.9999999999978,0.19927480158730154,0.0,0.0059727267575349074,0.6666318364452972,True,39
0.1,24,-691.1999999999971,0.5,-5.0527483431829335e-11,0.0,0.6666666666666667,True,40
0.1,24,-691.1999999999971,0.5,-5.0527483431829335e-11,0.0,0.6666666666666667,True,41
0.1,24,-691.1999999999971,0.5,-5.0527483431829335e-11,0.0,0.6666666666666667,True,42
0.1,24,-635.9990857142838,0.3428816964285714,0.00012683904060395432,0.03329365043938104,0.6666011195808391,True,43
0.1,24,-691.1999999999969,0.5,-3.03164900590976e-11,0.0,0.6666666666666667,True,44
0.1,24,-614.5477714285703,0.12817881944444445,0.017526419499821103,0.9447943278769633,0.6546350921276337,True,45
0.1,24,-691.1999999999971,0.5,-2.0210993372731735e-11,0.0,0.6666666666666667,True,46
0.1,24,-691.1999999999965,0.5,0.0,0.0,0.6666666666666667,True,47
0.1,24,-632.235885714284,0.3195195932539683,0.24519706125324262,0.34657213399940545,0.6658813580587525,True,48
0.1,24,-667.9999999999982,0.4148549107142856,-5.0527483431829335e-11,0.0007234888753693269,0.6666656972860416,True,49
0.1,24,-668.7999999999984,0.4583333333333332,2.0210993372731735e-11,4.796163466380676e-13,0.6666666666666666,True,50
0.1,24,-615.9983999999984,0.21526860119047622,0.00022177780718064032,0.21220437606286335,0.6656077860283303,True,51
0.1,24,-642.3987428571413,0.3845431547619047,0.0001743287915208687,0.3938639158165813,0.6660513316064216,True,52
0.1,24,-623.1967999999982,0.19272842261904763,0.0004426666641342711,0.9244594809381557,0.6608516276403651,True,53
0.1,24,-618.1215999999981,0.2341374007936508,0.02536939682613592,0.42616292375280196,0.6648742840388029,True,54
0.1,24,-691.1999999999969,0.5,-3.03164900590976e-11,0.0,0.6666666666666667,True,55
0.1,24,-691.1999999999965,0.5,0.0,0.0,0.6666666666666667,True,57
0.1,24,-691.1999999999969,0.5,-3.03164900590976e-11,0.0,0.6666666666666667,True,56
0.1,24,-637.5982857142841,0.3029506448412698,0.00023758502720738756,0.25388888570014423,0.6660274948391341,True,58
0.1,24,-691.1999999999971,0.5,-5.0527483431829335e-11,0.0,0.6666666666666667,True,59
0.1,24,-607.3301714285703,0.18230927579365078,3.92488362586947,0.8550205353599782,0.6606669363839398,True,60
0.1,24,-635.9999999999984,0.08876810515873015,2.0210993372731735e-11,0.00498491744614693,0.6665200915028069,True,61
0.1,24,-619.5002285714276,0.2673613591269841,0.026367054437691363,0.06332589250291676,0.6664615430908255,True,62
0.1,24,-691.1999999999971,0.5,-5.0527483431829335e-11,0.0,0.6666666666666667,True,63
0.1,24,-583.1986285714283,0.0781264880952381,0.00019014960344065907,0.08738589994330082,0.663341237458777,True,64
0.1,24,-600.7970285714276,0.23523958333333328,0.0004111655066986308,0.27891858134936776,0.6655025647143875,True,65
0.1,24,-623.9990857142841,0.17622073412698414,0.00012683902039296093,0.3163391142290095,0.6643141249279525,True,66
0.1,24,-619.1990857142838,0.24652777777777776,0.00012683904060395432,0.5015426587301564,0.6647482548180912,True,67
0.1,24,-663.9999999999978,0.4438397817460318,0.0,0.003940673185365284,0.6666620416255903,True,68
0.1,24,-623.1988571428559,0.23350347222222223,0.0001585034018110794,0.07223207341267912,0.6663614710178387,True,69
0.1,24,-616.798742857142,0.23003224206349204,0.00017432876120437863,0.2031001629818796,0.665778450565338,True,70
0.1,24,-662.2022857142836,0.3996661706349206,6.909435600917073,6.774707300170046,0.6594853773544611,True,71
0.1,24,-671.9999999999978,0.25,1.0105496686365867e-11,0.0,0.6666666666666667,True,72
0.1,24,-691.1999999999973,0.5,-5.0527483431829335e-11,0.0,0.6666666666666667,True,73
0.1,24,-655.199657142855,0.4270825892857143,4.7598647749206656e-05,7.437287266043313e-06,0.6666666572663742,True,74
0.1,24,-656.7996571428547,0.38107614087301583,4.7598647749206656e-05,0.004340277423864336,0.6666597482568479,True,75
0.1,24,-623.1974857142839,0.25086185515873016,0.00034810890509915114,0.23982616744618213,0.6657862371916518,True,76
0.1,24,-626.3997714285704,0.3220486111111111,3.173699951730668e-05,0.0043501984126148585,0.6666569576298669,True,77
0.1,24,-671.9999999999984,0.4583333333333332,0.0,4.796163466380676e-13,0.6666666666666666,True,78
0.1,24,-632.7973714285698,0.27081969246031745,0.00036387976554882085,0.8998029956774456,0.6638157438666369,True,79
0.1,24,-614.3988571428555,0.22482539682539684,0.0001585034018110794,0.1383432482992486,0.6660346635899124,True,80
0.1,24,-625.05177142857,0.2637003968253968,1.884407689319939,11.718396541950185,0.6341505658975659,True,81
0.1,24,-652.7999999999984,0.16666666666666666,0.0,5.995204332975845e-14,0.666666666666667,True,82
0.1,24,-691.1999999999973,0.5,-5.0527483431829335e-11,0.0,0.6666666666666667,True,83
0.1,24,-605.599428571428,0.12847271825396825,7.930835231996347e-05,0.05509920493198983,0.6658946400534367,True,84
0.1,24,-667.4161142857117,0.45640302579365066,1.0124787278982692,0.06644696393205862,0.6665935076781366,True,85
0.1,24,-624.7977142857126,0.3203085317460318,0.00031655328914186807,0.2366566553286198,0.6661327757902094,True,86
0.1,24,-691.1999999999969,0.5,-3.03164900590976e-11,0.0,0.6666666666666667,True,87
0.1,24,-691.1999999999971,0.5,-5.0527483431829335e-11,0.0,0.6666666666666667,True,88
0.1,24,-615.1978285714273,0.1903549107142857,0.00030076867511120823,0.31764380633504175,0.6646567753908882,True,89
0.1,24,-633.5999999999985,0.0903531746031746,0.0,0.0007212244898002762,0.6666458566048188,True,90
0.1,24,-691.1999999999971,0.5,-2.0210993372731735e-11,0.0,0.6666666666666667,True,91
0.1,24,-618.3980571428559,0.21743154761904765,0.000269185966317309,1.1229833276642909,0.6612542693489343,True,92
0.1,24,-650.3997714285701,0.2795133928571429,3.173696920081662e-05,4.958900090556995e-06,0.6666666520652083,True,93
0.1,24,-691.1999999999969,0.5,-3.03164900590976e-11,0.0,0.6666666666666667,True,94
0.1,24,-635.0666285714269,0.26018849206349204,3.8957848322146056,2.096337018140657,0.6591410435311704,True,95
0.1,24,-668.7999999999981,0.4583333333333332,3.03164900590976e-11,4.796163466380676e-13,0.6666666666666666,True,96
0.1,24,-691.1999999999971,0.5,-2.0210993372731735e-11,0.0,0.6666666666666667,True,97
0.1,24,-691.1999999999971,0.5,-5.0527483431829335e-11,0.0,0.6666666666666667,True,98
0.1,24,-624.7978285714271,0.3046706349206349,0.00030076873574418837,0.869323758503544,0.6645041749228098,True,99
0.5,24,-690.9449142857113,0.4998861607142857,0.009155752923510995,0.0003883446003491997,0.6666648837792426,True,0
0.5,24,-690.9725714285678,0.49990029761904764,0.007885886622211223,0.0003030325963599978,0.6666652724601512,True,1
0.5,24,-690.9399999999965,0.49988764880952385,0.008958492061436927,0.0003262323553379076,0.6666651653008526,True,2
0.5,24,-690.9593142857113,0.49989037698412697,0.00875961578155208,0.0003651244331202008,0.6666649878677686,True,3
0.5,24,-690.9507428571387,0.4998960813492064,0.008675214424632335,0.000288650722747974,0.6666653376596581,True,4
0.5,24,-690.9564571428539,0.4998953373015873,0.008654135057036506,0.00031773781177335536,0.6666652053974133,True,5
0.5,24,-690.9612571428527,0.4998960813492063,0.008494973153170172,0.00032535707197212105,0.6666651705045217,True,6
0.5,24,-690.9639999999955,0.4998983134920635,0.008312269842766304,0.000302572278911839,0.6666652743422774,True,7
0.5,24,-690.9077714285683,0.49986383928571426,0.010730771066139115,0.0004940192035931545,0.6666643978730113,True,8
0.5,24,-690.9637714285678,0.4998980654761904,0.008562948844175682,0.00030598632376666046,0.6666652586204569,True,9
0.5,24,-690.9738285714251,0.49990203373015873,0.007966672017775837,0.0002890430130122468,0.6666653362573112,True,10
0.5,24,-690.9430857142822,0.49988963293650795,0.009111156097787898,0.00032971761618583173,0.6666651494501588,True,11
0.5,24,-690.905028571425,0.4998668154761905,0.01044022122409337,0.000443355371295695,0.666664629133228,True,12
0.5,24,-690.9499428571388,0.49988888888888894,0.008946091249526944,0.00035184920631436967,0.6666650484145897,True,13
0.5,24,-690.9037714285679,0.49986879960317465,0.010548710746257307,0.00042213428282522614,0.666664725863696,True,14
0.5,24,-690.9428571428543,0.4998829365079365,0.00920938775703285,0.00038599886618229107,0.6666648918930944,True,15
0.5,24,-677.2443428571399,0.277921378968254,0.578119678548521,31.97836166092687,0.3629401528591182,True,16
0.5,24,-690.9611428571397,0.49989558531746037,0.008333959182992758,0.00031035707194604356,0.6666652384080503,True,17
0.5,24,-690.9562285714251,0.4998933531746032,0.00877145677926213,0.0003370960883870566,0.6666651164325694,True,18
0.5,24,-690.9309714285678,0.49988268849206347,0.009665005352467738,0.00035765809245447144,0.666665020824635,True,19
0.5,24,-690.9730285714251,0.4999022817460318,0.00781748789045701,0.0002856267006272617,0.6666653523210702,True,20
0.5,24,-690.9506285714247,0.49989087301587304,0.008785929797239887,0.0003325113378238598,0.666665136863001,True,21
0.5,24,-690.9331428571394,0.49987574404761903,0.009674990928841807,0.00042318587021838994,0.6666647210509619,True,22
0.5,24,-690.9501714285674,0.4998918650793651,0.008840218050964823,0.0003287913832075162,0.6666651540871003,True,23
0.5,24,-690.9612571428524,0.49989756944444447,0.008592750932520075,0.00031082986111385935,0.6666652368966817,True,24
0.5,24,-690.9577142857106,0.4998878968253969,0.008609487527590116,0.0003644909295985599,0.6666649897462569,True,25
0.5,24,-690.9571428571393,0.4998943452380953,0.008759308390128555,0.0003294022108519812,0.666665151596462,True,26
0.5,24,-690.9804571428532,0.4999050099206349,0.007693855691791719,0.00027978394273375784,0.66666537901259,True,27
0.5,24,-690.9617142857103,0.4998973214285714,0.008476170068105502,0.00030928316327205607,0.6666652437835455,True,28
0.5,24,-690.956342857139,0.499889880952381,0.00878390712063669,0.00035507823123381854,0.6666650333877089,True,29
0.5,24,-690.9517714285682,0.4998931051587302,0.008787339320406318,0.00031471364791002543,0.6666652183084165,True,30
0.5,24,-690.9347428571396,0.49988219246031745,0.00928598267637426,0.00036149199265977927,0.6666650032051971,True,31
0.5,24,-690.9391999999968,0.4998841765873016,0.009291471744897232,0.00038087521255292245,0.6666649162880806,True,32
0.5,24,-690.9737142857111,0.4999025297619048,0.008090122447255352,0.00029014675449445804,0.6666653313715418,True,33
0.5,24,-690.9841142857102,0.49990178571428573,0.007504279275761089,0.0003172607709345243,0.6666652077382924,True,34
0.5,24,-690.964571428568,0.4998988095238095,0.008201759635186236,0.00028979138327400733,0.6666653324193648,True,35
0.5,24,-690.9380571428535,0.4998834325396826,0.009049862675359085,0.00039010062354805086,0.6666648756273017,True,36
0.5,24,-690.9710857142823,0.49989856150793655,0.007975781494880922,0.0003140390447207153,0.6666652221986085,True,37
0.5,24,-690.9163428571401,0.49988020833333335,0.01024885950027965,0.0003480520832823686,0.6666650643853231,True,38
0.5,24,-690.9666285714251,0.49989980158730163,0.008370996461760823,0.0003039104307731577,0.6666652686384011,True,39
0.5,24,-690.9294857142821,0.4998814484126984,0.009591502132227307,0.00036376955786820986,0.6666649928503654,True,40
0.5,24,-690.9630857142816,0.49990079365079365,0.00819625134034949,0.00027239229025965983,0.6666654122494542,True,41
0.5,24,-690.9577142857108,0.4998950892857143,0.00834663038323116,0.0003092453939963491,0.6666652435213238,True,42
0.5,24,-690.9524571428541,0.4998923611111111,0.008624620770003984,0.000316017857130646,0.6666652120864212,True,43
0.5,24,-690.9481142857112,0.49988764880952385,0.008827971337369591,0.0003629387045940291,0.6666649980375599,True,44
0.5,24,-690.9381714285673,0.4998836805555556,0.00912329424196893,0.000358917162646577,0.6666650152598597,True,45
0.5,24,-690.9661714285673,0.49990203373015873,0.008077449795059187,0.0002612652352382838,0.666665462931417,True,46
0.5,24,-690.9665142857106,0.4998968253968254,0.008604911654806023,0.0003508321995795427,0.6666650551471494,True,47
0.5,24,-690.9233142857101,0.4998789682539683,0.009562971340831913,0.00035316439900512364,0.6666650406610417,True,48
0.5,24,-690.9849142857112,0.49991021825396825,0.007894610068938669,0.00026948384352820653,0.6666654279221631,True,49
0.5,24,-690.9255999999964,0.4998762400793651,0.009777433016602622,0.00040348632371234316,0.6666648110708642,True,50
0.5,24,-690.9222857142821,0.4998814484126984,0.009985043083159124,0.0003647616212916205,0.666664989345066,True,51
0.5,24,-687.7590857142825,0.4458561507936508,0.3710242481619288,21.012100987528296,0.6238969012017175,True,52
0.5,24,-690.9293714285674,0.49988368055555554,0.0094901202699273,0.00033907589286741313,0.6666651057921624,True,53
0.5,24,-690.9429714285677,0.4998898809523809,0.009134240271022363,0.00032730045352380444,0.6666651605528169,True,54
0.5,24,-690.9674285714251,0.4998940972222222,0.008402156461266309,0.0003625758928293976,0.6666650017593164,True,55
0.5,24,-690.942057142854,0.4998831845238096,0.00934938331071559,0.00037564902200060146,0.6666649385747269,True,56
0.5,24,-690.9431999999964,0.4998871527777778,0.009042357460809095,0.0003558655753757023,0.6666650302550878,True,57
0.5,24,-690.9329142857113,0.4998856646825397,0.009575095781555219,0.0003425792941804673,0.6666650902850666,True,58
0.5,24,-690.9423999999959,0.49988938492063495,0.009245848891522555,0.0003291584466751374,0.6666651520448829,True,59
0.5,24,-690.9487999999963,0.4998861607142857,0.00899798603131785,0.0003804080923863751,0.6666649181410957,True,60
0.5,24,-690.9527999999967,0.4998883928571429,0.008670878095371235,0.0003606505101281243,0.6666650086299878,True,61
0.5,24,-690.9445714285679,0.4998834325396826,0.009043426302620597,0.0003910926869714615,0.6666648689439887,True,62
0.5,24,-690.9561142857107,0.49988963293650795,0.008846625305725157,0.00036642396537800437,0.6666649821410735,True,63
0.5,24,-690.9545142857107,0.4998973214285715,0.008356108479347313,0.0002795212583954765,0.666665379468601,True,64
0.5,24,-690.9581714285682,0.49989037698412697,0.008743087890454464,0.0003522276077205788,0.6666650464007908,True,65
0.5,24,-690.9701714285675,0.4998973214285714,0.008363979955902323,0.00032317205215903755,0.6666651797536172,True,66
0.5,24,-690.964342857139,0.49990079365079365,0.008075297595900742,0.00026842403631022194,0.6666654302575001,True,67
0.5,24,-690.9311999999965,0.4998794642857143,0.009687446347622123,0.000392984977295896,0.6666648598913139,True,68
0.5,24,-690.9452571428529,0.499890625,0.00911569696593991,0.00032699255955748185,0.66666516192041,True,69
0.5,24,-690.9260571428536,0.4998826884920635,0.009893459501149159,0.0003646025368020389,0.666664990206997,True,70
0.5,24,-690.9249142857108,0.49987648809523805,0.010004657685284555,0.00040206887761584653,0.666664817873662,True,71
0.5,24,-690.9146285714244,0.4998779761904762,0.009997640911024064,0.0003568548752497236,0.6666650245206167,True,72
0.5,24,-690.9771428571393,0.49990401785714284,0.007691927436907362,0.0002746053713060803,0.6666654024092644,True,73
0.5,24,-690.9692571428535,0.4999037698412699,0.008160420770258902,0.0002621496597718931,0.6666654591802198,True,74
0.5,24,-690.9732571428541,0.49989980158730163,0.008171223944777416,0.00031482312919806077,0.6666652184020052,True,75
0.5,24,-690.9238857142827,0.49987648809523816,0.009682625304170264,0.00038917205208832684,0.6666648764636197,True,76
0.5,24,-690.9573714285684,0.4998923611111112,0.008478174239118945,0.0003269305554916002,0.6666651622740025,True,77
0.5,24,-690.9505142857113,0.4998878968253969,0.008745533876208356,0.0003585385486104542,0.6666650178082808,True,78
0.5,24,-690.9699428571391,0.4998988095238095,0.00849150394505058,0.0003195532879907148,0.6666651967841553,True,79
0.5,24,-690.7162285714245,0.49795659722222224,0.04569475836574889,0.442313341765864,0.6653478248474776,True,80
0.5,24,-690.933371428568,0.4998854166666667,0.009278377412960658,0.00033507341266414414,0.6666651246475137,True,81
0.5,24,-690.9361142857108,0.4998826884920635,0.009461180860752292,0.0003874199971392045,0.6666648866855565,True,82
0.5,24,-690.9791999999959,0.49990600198412705,0.007564932065886549,0.00027007929419298193,0.6666654237252341,True,83
0.5,24,-690.9282285714256,0.49988070436507936,0.009842640905440526,0.0003749744189072146,0.6666649422102727,True,84
0.5,24,-690.9467428571393,0.49988963293650795,0.008990779499678562,0.00035352713997838237,0.6666650425249936,True,85
0.5,24,-690.9434285714251,0.499890625,0.009162537412824653,0.00032401636909540343,0.6666651754757795,True,86
0.5,24,-690.916457142853,0.49987847222222226,0.01007724617051685,0.0003629464285275219,0.6666649966603038,True,87
0.5,24,-690.9487999999956,0.4998861607142857,0.008821478096150612,0.00036453507649270023,0.6666649900420041,True,88
0.5,24,-690.9671999999964,0.4998973214285714,0.007968401903781341,0.000311267290246775,0.6666652344940849,True,89
0.5,24,-690.9678857142821,0.49989657738095244,0.008346488797946626,0.00035523745743404334,0.6666650356384651,True,90
0.5,24,-690.9623999999963,0.4998923611111111,0.008569864761537045,0.0003557003968168715,0.6666650312755509,True,91
0.5,24,-690.9475428571391,0.49988839285714287,0.008653906485657595,0.0003368409863675481,0.6666651166942477,True,92
0.5,24,-690.9463999999964,0.49988591269841265,0.008990207618707145,0.0003917517007430149,0.6666648676618172,True,93
0.5,24,-690.9595428571387,0.4998983134920635,0.00852799854813687,0.0002946357709809888,0.6666653106450424,True,94
0.5,24,-690.9517714285678,0.4998940972222222,0.008763212334290275,0.00031892509919373424,0.6666651997734716,True,95
0.5,24,-690.9521142857112,0.49989434523809523,0.00877010784339897,0.00030559268705943055,0.6666652598433527,True,96
0.5,24,-690.9609142857107,0.49989682539682545,0.008855105304974131,0.0003131337867721129,0.666665225757237,True,97
0.5,24,-690.9487999999964,0.4998943452380953,0.008844335237275422,0.00030460062354009665,0.666665264868957,True,98
0.5,24,-690.9602285714245,0.4998943452380953,0.00855187265551649,0.00034626729016906665,0.6666650756733021,True,99
1.0,24,-512.4445714285761,0.1901500496031746,3.0970378208616642,8.478507715950967,0.24659547896965117,True,0
1.0,24,-511.6959999999835,0.19594890873015872,2.9654611428570914,7.822928913123581,0.32329893166581614,True,1
1.0,24,-517.1719999999749,0.20390352182539684,3.3558675277776677,9.50350778341128,0.30484966568379346,True,2
1.0,24,-515.8926857142762,0.20412599206349205,3.4085474666438436,9.064442697845806,0.31227809660336736,True,3
1.0,24,-511.1995428571471,0.1915250496031746,2.662023491700489,7.5665007992843005,0.30495860545505027,True,4
1.0,24,-506.67942857141094,0.1792594246031746,2.4881249200680537,6.688003575822,0.27280644054750547,True,5
1.0,24,-505.3566857142966,0.17125595238095237,2.6764389650565032,7.18300992006803,0.19972710930507143,True,6
1.0,24,-505.62274285711646,0.17640401785714285,2.3373059274151475,6.51345517570153,0.2758239222661506,True,7
1.0,24,-507.0492571428655,0.1754466765873016,2.3518908670974574,6.11707986816185,0.27849632269686175,True,8
1.0,24,-512.2566857142646,0.1917532242063492,2.825271643627881,7.81076398805981,0.30046745916655127,True,9
1.0,24,-510.98582857142,0.180437996031746,2.795041952925102,7.572940452239234,0.232022146613871,True,10
1.0,24,-506.62765714286235,0.17999751984126985,2.745929068843452,7.70963412344104,0.2561690932942675,True,12
1.0,24,-506.34514285713567,0.17059573412698414,2.6547150929704912,7.346754784438768,0.18803346902063656,True,11
1.0,24,-508.4593142857295,0.18498090277777776,2.5901627809295555,6.951860414930557,0.2885358427212481,True,13
1.0,24,-504.3033142857038,0.16863318452380952,2.4323059928344466,6.903430483241211,0.213557142185,True,14
1.0,24,-513.5581714285598,0.1971416170634921,3.2220156926075814,8.419837775474768,0.2909141259714242,True,15
1.0,24,-516.9869714285622,0.2155376984126984,3.5225570862582267,9.139842534580495,0.3644614947954139,True,16
1.0,24,-509.67451428570126,0.18605530753968255,3.029465598548642,7.767717204329646,0.25660838475322845,True,17
1.0,24,-502.5549714285681,0.16654489087301588,2.2913122735600258,6.364315615043931,0.19543022798522325,True,18
1.0,24,-509.8198857142799,0.17450545634920633,2.628230345215444,7.624804165391161,0.23201829447801925,True,19
1.0,24,-513.3407999999882,0.2006011904761905,2.6363097092065195,7.312164931405894,0.3491741796492247,True,20
1.0,24,-521.9299428571193,0.22906200396825396,3.5371235426530094,8.789658372874154,0.39834592671792135,True,21
1.0,24,-514.2134857142762,0.19728497023809521,2.8220008747390843,7.462106710282034,0.32704398531995416,True,22
1.0,24,-507.91622857141203,0.18110912698412698,2.716596546734561,6.995597299319726,0.257774661937036,True,23
1.0,24,-503.93851428571503,0.170421378968254,2.3292061350565643,5.965994461415811,0.25473702079870264,True,24
1.0,24,-502.3738285714174,0.1597261904761905,2.2440910330839063,6.083157232993193,0.1842323764159386,True,25
1.0,24,-510.7218285714063,0.19287003968253968,2.6685338354647885,6.995619362811793,0.3251179557429449,True,26
1.0,24,-503.86331428570753,0.16538492063492066,2.275463119818495,6.071857276643986,0.20031661046538496,True,27
1.0,24,-497.2573714285503,0.14955580357142856,1.85441968244878,4.890377867028061,0.17373525107351273,True,28
1.0,24,-511.2107428571311,0.1856512896825397,2.9162832917007413,7.6230770225340105,0.25188580913333103,True,29
1.0,24,-518.2553142856989,0.21876314484126985,3.3362515928344387,8.42187366039541,0.3764722168841017,True,30
1.0,24,-517.9474285714244,0.21290600198412696,3.1357205986392325,8.162735261869335,0.3683701309349918,True,31
1.0,24,-504.72148571427533,0.17266865079365076,2.3313123136280813,6.68071010487529,0.2487389023542722,True,32
1.0,24,-500.5539428571391,0.15845634920634918,2.266209015669018,5.8971186643991,0.16123306351643718,True,33
1.0,24,-508.2025142857112,0.18440773809523808,3.1129383223581804,7.829107319161,0.25385023629843795,True,35
1.0,24,-503.2387428571365,0.1676912202380952,2.596230886145046,7.0595335118693345,0.19004745163128145,True,34
1.0,24,-508.76468571426994,0.18565004960317463,2.866479898389874,7.373093973887464,0.26461291063430814,True,36
1.0,24,-505.44811428570284,0.1769094742063492,2.581317568231245,6.972093948377269,0.24741556734669712,True,37
1.0,24,-505.3482285714124,0.1673799603174603,2.5048577276870168,6.971055648526082,0.197767017741856,True,38
1.0,24,-506.4255999999853,0.16251785714285713,2.314783306666666,6.466281463151935,0.1896960876336682,True,39
1.0,24,-507.3173714285573,0.1813268849206349,2.740109892766264,7.441870603032884,0.24293889197020402,True,40
1.0,24,-512.0980571428645,0.19308134920634923,2.898175052970348,7.824183247732417,0.30598776697271646,True,41
1.0,24,-507.2333714285349,0.18541170634920634,3.003001241179087,7.808342247732423,0.2527093266842566,True,42
1.0,24,-505.24342857141653,0.17506919642857144,2.5874789478457894,7.037461676551868,0.22857441081971208,True,43
1.0,24,-513.3324571428432,0.19536855158730154,2.8436127147165786,7.78671743636622,0.3117982398459871,True,44
1.0,24,-515.1328000000003,0.202484623015873,2.9642953346031695,8.027420042375287,0.3359754813725949,True,45
1.0,24,-520.6811428571287,0.2254139384920635,3.748300235827527,9.094179132617619,0.38262885167863603,True,46
1.0,24,-504.6708571428415,0.16609126984126985,2.3433085056688268,6.387187769274377,0.2063076454027719,True,47
1.0,24,-504.8093714285524,0.16735069444444445,2.428512228480637,6.553229997023811,0.20898431503734138,True,48
1.0,24,-503.9563428571199,0.17733680555555553,2.539296691065778,6.703792854166668,0.25535942301749026,True,49
1.0,24,-515.8850285714118,0.19975719246031745,2.9858322894329428,8.248690396789971,0.31390198603626807,True,50
1.0,24,-508.07782857143394,0.17966046626984128,2.4983007537187203,6.806596801268423,0.2778247142703416,True,51
1.0,24,-513.4512000000071,0.18641790674603173,2.815817750476021,8.193521231257092,0.25197462914819335,True,52
1.0,24,-508.6931428571394,0.16803993055555555,2.7331333509070848,7.544168460565473,0.1570536919892911,True,53
1.0,24,-508.02422857143006,0.1832938988095238,2.6070399332425547,6.9854162173682,0.2790485819779489,True,54
1.0,24,-508.95165714285764,0.18405977182539685,2.947127212494201,8.0670279322208,0.2559722926889406,True,55
1.0,24,-505.99154285713684,0.17570213293650794,2.4154862250339244,6.2631350353954085,0.2798469442693742,True,56
1.0,24,-505.6425142856901,0.177687251984127,2.251533369977349,6.186259416631231,0.3138957181640806,True,57
1.0,24,-508.54091428571405,0.18091592261904765,2.676160446961401,7.766970088966829,0.24159145578931474,True,58
1.0,24,-504.98594285712386,0.17873635912698413,2.6117118791609957,6.604231390837589,0.26159054194925213,True,59
1.0,24,-513.8772571428466,0.20198263888888887,2.7591376536054466,7.737795945436515,0.342250453112232,True,60
1.0,24,-506.1018285714083,0.1754699900793651,2.5050575537187694,6.550066963399942,0.24624099273120703,True,61
1.0,24,-501.8037714285616,0.16421875,2.2040893403854573,5.708710639880955,0.2456051696384891,True,62
1.0,24,-507.25325714284844,0.18102157738095237,2.8499579329703315,7.739611265554142,0.24560057453203332,True,63
1.0,24,-515.6141714285664,0.2009424603174603,3.2578098100681623,8.75660097789116,0.30225468327612837,True,64
1.0,24,-516.6081142857072,0.21743948412698413,3.5427022666437753,8.574523148526074,0.35996352738354886,True,65
1.0,24,-503.77325714285513,0.1712388392857143,2.4552939170974546,6.640150077062079,0.23333505750368988,True,66
1.0,24,-507.9366857142797,0.18760540674603174,2.6863736753742464,7.47654493959042,0.29083211461621716,True,67
1.0,24,-504.1043428571325,0.16924082341269842,2.339219352176618,6.653441941574544,0.22517473644517993,True,68
1.0,24,-514.0214857142835,0.21187475198412703,2.796116023945615,7.089114553535987,0.3852289063946548,True,69
1.0,24,-506.0613714285555,0.17365823412698414,2.2119740959410086,6.127775506660996,0.27982763220997253,True,70
1.0,24,-508.8294857142766,0.18016468253968254,2.488194363628079,6.840506739795918,0.2830275568682118,True,71
1.0,24,-514.6714285714112,0.19763988095238094,3.2702855867346443,8.358818471655333,0.29547752887034984,True,72
1.0,24,-503.1029714285641,0.166953125,2.0278323854647877,5.797558141121033,0.27661979846255835,True,73
1.0,24,-510.3575999999845,0.18651711309523808,2.8434291011110164,7.863444289647109,0.26473046169955905,True,74
1.0,24,-507.2137142857132,0.18840079365079365,2.93833999092956,7.052124382653061,0.2708192767862597,True,75
1.0,24,-517.4231999999907,0.2118219246031746,3.249027160793452,8.291631790107713,0.3479218283435871,True,76
1.0,24,-509.38719999997676,0.18902356150793653,2.8355226520634966,7.587671150474767,0.2955410857233399,True,78
1.0,24,-512.6917714285421,0.19219221230158734,3.032300457845546,8.006815066574536,0.26936677864565306,True,77
1.0,24,-512.5332571428405,0.19365749007936509,3.20518567900217,8.490034901892004,0.2779676658246951,True,79
1.0,24,-507.9373714285595,0.18222619047619046,2.410641761814026,6.903622530612247,0.3032779657680631,True,80
1.0,24,-508.86239999998935,0.18282886904761902,2.797284033650663,7.838625936933111,0.2500394941277789,True,81
1.0,24,-517.5157714285679,0.2076917162698413,2.9536065721313207,8.01084397785572,0.3519719539597955,True,82
1.0,24,-507.44285714284916,0.18210416666666665,2.8249076048751807,7.7006846111111145,0.255206999672009,True,83
1.0,24,-502.4972571428508,0.16694568452380953,1.9537735782086605,5.586872072526922,0.2583454807069969,True,84
1.0,24,-506.8326857142867,0.1752643849206349,2.6005216372789417,6.850598230017013,0.2609259675805071,True,85
1.0,24,-511.11794285713205,0.18612872023809524,2.8019781513828295,7.3458660416312345,0.28205544204952704,True,86
1.0,24,-512.3812571428512,0.1957876984126984,2.7323203424942526,7.862336697278908,0.3098291042595601,True,87
1.0,24,-508.73497142855024,0.18684945436507938,2.6531617060995814,7.117979197526921,0.29339687364450706,True,89
1.0,24,-501.52651428569925,0.16251190476190477,2.3220104660090835,6.471555573129247,0.19942420400262062,True,88
1.0,24,-511.43142857141885,0.1909955357142857,2.8843243168933745,7.937262583758507,0.2896133832578659,True,90
1.0,24,-510.50868571425826,0.18434250992063492,3.0336450475964134,8.202700632050735,0.23996188845009825,True,91
1.0,24,-508.8409142857109,0.19227083333333336,2.970677411247076,7.871288063492054,0.3011214900051271,True,92
1.0,24,-510.0837714285663,0.18783903769841268,2.496160514988686,7.19648661816185,0.30584115533360845,True,93
1.0,24,-506.7827428571273,0.17270882936507934,2.669554403605515,6.905609444302726,0.22484495487131584,True,94
1.0,24,-508.941028571431,0.18797147817460316,2.648764835464893,7.330416850871604,0.2953713690671119,True,96
1.0,24,-498.05234285714306,0.1565577876984127,1.8985669894784425,4.96853595943169,0.22914500089298084,True,95
1.0,24,-513.6289142856988,0.1985362103174603,2.9487844215645964,8.01345301856577,0.31596723286066086,True,97
1.0,24,-505.035771428553,0.17449057539682541,2.3969604768933297,6.089502405187073,0.2631282425750995,True,98
1.0,24,-510.45954285712503,0.1926512896825397,2.755519400430583,7.761003086026071,0.3060522125814277,True,99
1.5,24,-381.3457142857152,0.04626016865079365,0.20621557445198882,0.23584839283352194,0.3051702831986156,True,0
1.5,24,-382.5684571428504,0.04662301587301588,0.19921492893925818,0.23327621277399851,0.31843494011967766,True,1
1.5,24,-381.78559999998424,0.04621577380952381,0.19413271477954108,0.23534601842403613,0.3052612032579908,True,2
1.5,24,-381.7988571428719,0.0468343253968254,0.19700511363066373,0.2397662297808012,0.3117493651629223,True,3
1.5,24,-381.8041142856921,0.04580952380952381,0.2033484525472437,0.2362135389266819,0.2892310496482773,True,4
1.5,24,-382.00045714285386,0.04663244047619048,0.19413022911560993,0.2345091533446712,0.316915590389903,True,5
1.5,24,-382.0078857143033,0.045629216269841275,0.2019941671856986,0.2308453437027586,0.3043413708690319,True,6
1.5,24,-381.8693714285788,0.04657688492063492,0.19998020207606682,0.23822843905895685,0.31185818525811715,True,7
1.5,24,-381.7654857142576,0.045844246031746035,0.19831876337613924,0.23395478231292505,0.3139987731698587,True,8
1.5,24,-381.78399999997765,0.046459573412698414,0.20079885008817655,0.23913925205498865,0.30600704896810615,True,9
1.5,24,-381.7196571428573,0.04627083333333333,0.19701886410684105,0.24144448941798952,0.3092203129520741,True,10
1.5,24,-382.1213714285497,0.046367063492063494,0.19803138479210808,0.23507189380196514,0.29983496558958966,True,11
1.5,24,-382.24800000000823,0.04553720238095239,0.19854076190479386,0.23142783361677988,0.3040715092559617,True,12
1.5,24,-381.9428571428682,0.046003720238095236,0.19940615772234363,0.2297142817224112,0.3069854416855716,True,13
1.5,24,-382.38537142857325,0.04689260912698412,0.19890438514486936,0.24091109124622107,0.31152563254270005,True,14
1.5,24,-382.2736000000098,0.04668774801587301,0.20831007068782015,0.2399486719340515,0.30924967626494115,True,15
1.5,24,-381.4926857142714,0.046103670634920636,0.20202434143613102,0.23376029620181404,0.30984325900409837,True,16
1.5,24,-382.1314285714622,0.04513194444444444,0.20391697152936777,0.22892491534391562,0.2925288740562959,True,17
1.5,24,-382.1340571428413,0.046516865079365075,0.2019326588158071,0.22898844633408943,0.32463872625654344,True,18
1.5,24,-382.11017142854723,0.04618452380952381,0.20130463798440035,0.23752889606953914,0.30178725094336833,True,19
1.5,24,-381.82777142856577,0.046760912698412704,0.19784589519775092,0.24150260770975018,0.2974807055831308,True,20
1.5,24,-381.233142857162,0.04620858134920635,0.19479266213151009,0.23595925526738465,0.29654101697672053,True,21
1.5,24,-381.8617142857175,0.04582291666666667,0.19693776669189475,0.22652634722222198,0.31103001379972595,True,22
1.5,24,-382.1614857142938,0.045818948412698415,0.19824061910811805,0.23329826710128476,0.3062000398435314,True,23
1.5,24,-381.3315428571625,0.045821180555555556,0.19684407356012176,0.2339553334986771,0.311243494327203,True,24
1.5,24,-381.9108571428626,0.045931299603174595,0.19900776618795382,0.22814297465514016,0.31703437735564355,True,25
1.5,24,-381.73577142856175,0.046763144841269845,0.19603191389269117,0.23877413073979586,0.3057074671219404,True,26
1.5,24,-382.31222857140125,0.04623090277777778,0.19571525498615278,0.24167353058862429,0.27977635059366524,True,27
1.5,24,-381.927428571423,0.04648115079365079,0.19865456059464415,0.23748805404383988,0.31353707411654397,True,28
1.5,24,-381.9683428571388,0.04543551587301587,0.20203280696397188,0.22641098790627356,0.2949945182553443,True,29
1.5,24,-382.4015999999952,0.046357390873015866,0.19780712324512775,0.23874946690759646,0.2987847681629531,True,30
1.5,24,-382.5028571428601,0.046671875,0.1967677097505702,0.23996877926587307,0.3029150100288437,True,31
1.5,24,-381.85371428572637,0.046496775793650795,0.1985722711010623,0.235899928547808,0.3005315132704557,True,32
1.5,24,-381.6709714285565,0.0464593253968254,0.19544747149405867,0.23986718216175346,0.2917269580104338,True,33
1.5,24,-382.263428571429,0.04599801587301587,0.19552585512725204,0.23685711224489792,0.3108339926674051,True,34
1.5,24,-382.35862857141876,0.04630853174603175,0.19269539890154663,0.23888107860922114,0.29666166181375264,True,35
1.5,24,-381.86457142856045,0.04603348214285714,0.2044072942806923,0.2358099147534013,0.30374781270519724,True,36
1.5,24,-381.3265142857058,0.04651240079365079,0.20199329353487916,0.23089693301209374,0.3193177752752133,True,37
1.5,24,-382.10434285713734,0.04603025793650793,0.19688754276642242,0.23680468546863198,0.2998457093006911,True,38
1.5,24,-381.65474285712787,0.0458779761904762,0.19252093281930785,0.23000650982615245,0.3100231844204189,True,39
1.5,24,-381.8445714285738,0.04657018849206349,0.19339412849584744,0.23501376036942567,0.3188429444875156,True,40
1.5,24,-381.87142857143175,0.0462718253968254,0.20247613378685653,0.2364621451247162,0.30333413981680535,True,41
1.5,24,-381.92788571426587,0.046165674603174604,0.19468311251195566,0.2334542800453514,0.316073726497769,True,42
1.5,24,-382.2323428571279,0.046348710317460316,0.1980784168405125,0.23855236952003006,0.2957329949502989,True,43
1.5,24,-382.1305142857064,0.0460047123015873,0.19223955491055855,0.2322165986158352,0.31328260557486964,True,44
1.5,24,-381.8753142857112,0.0459280753968254,0.1945557643638618,0.23002968811413455,0.3118450748581264,True,45
1.5,24,-381.7662857143324,0.04676661706349206,0.20174183900228485,0.24815868364984883,0.29429058116652507,True,46
1.5,24,-382.10434285712654,0.04676066468253969,0.19241770149661241,0.23562113754251685,0.3225927826760199,True,47
1.5,24,-381.1564571428664,0.046412698412698405,0.1982615352884705,0.23069372411186706,0.3179782550482043,True,48
1.5,24,-382.4582857142845,0.04573586309523809,0.1968524051398735,0.23158686108749066,0.3074022779061868,True,49
1.5,24,-382.09805714288615,0.047080605158730165,0.20107081719324474,0.23824120745937233,0.31693541306145045,True,50
1.5,24,-381.8895999999995,0.04603968253968254,0.2056759571076125,0.2371903953136809,0.2991991385524997,True,51
1.5,24,-381.3500571428899,0.045941220238095236,0.19550177909803568,0.2287572698176495,0.31055283656562693,True,52
1.5,24,-382.05314285716827,0.04661309523809523,0.1995341877046923,0.23285328949357537,0.3167185945854666,True,53
1.5,24,-381.4672000000062,0.04695882936507936,0.20195775012343578,0.2381451189531369,0.3099347789260377,True,54
1.5,24,-381.73211428570363,0.0468484623015873,0.1960992659510844,0.23972244782218433,0.3011217818104339,True,55
1.5,24,-382.5208000000149,0.04671478174603174,0.19705519527337015,0.23387208720710517,0.3118336760433029,True,56
1.5,24,-381.6202285714157,0.04655481150793651,0.19368963135297865,0.24700378682445212,0.29146975619356097,True,57
1.5,24,-382.52057142859564,0.04686532738095237,0.19840959410430514,0.24495317174508724,0.30011587045110255,True,58
1.5,24,-381.83062857144876,0.046716517857142856,0.19920297985389665,0.2341555338010206,0.3212798988331981,True,59
1.5,24,-382.6213714285803,0.046279017857142855,0.19360148179390466,0.23946330761054413,0.3101599975434458,True,60
1.5,24,-381.62491428571326,0.046772817460317466,0.19609983850847287,0.23503666515495059,0.31562126469356167,True,61
1.5,24,-381.58137142854434,0.04597147817460317,0.20078470577981883,0.23109673920540436,0.3084469741556245,True,62
1.5,24,-381.8580571428728,0.04631498015873015,0.20018015052658114,0.24024530980725634,0.29633060425035185,True,63
1.5,24,-382.13165714283303,0.046803075396825405,0.1938331156059486,0.23332043414588016,0.3212482187161152,True,64
1.5,24,-381.92262857142384,0.045804811507936506,0.19910860842533168,0.22811327888794392,0.3097066250954653,True,65
1.5,24,-381.6610285714107,0.045984871031746026,0.20703867819597857,0.2384045748063115,0.28380509124813136,True,66
1.5,24,-382.6254857142871,0.046445436507936505,0.1975848251045978,0.23537953930461075,0.3102752801591938,True,67
1.5,24,-381.65554285713716,0.046226686507936515,0.20262661430082696,0.22991002938397548,0.31519932667085715,True,68
1.5,24,-382.05097142858193,0.04643377976190477,0.1965190535046318,0.2374826190239982,0.30607942164724955,True,69
1.5,24,-381.9937142857448,0.046510912698412704,0.19453287956662,0.24039023469387727,0.3025079852819964,True,70
1.5,24,-381.94457142857823,0.04528943452380952,0.198141403628086,0.22936745443594114,0.29634941610487986,True,71
1.5,24,-381.9518857142696,0.04628521825396826,0.19601810792644553,0.23825564805366567,0.30855704727041,True,72
1.5,24,-382.13028571427276,0.04630431547619048,0.20482556210629776,0.24240387374811007,0.28050185524822124,True,73
1.5,24,-382.0357714285897,0.0463655753968254,0.1892680073670806,0.24203559816704445,0.297513228705253,True,74
1.5,24,-381.41508571427863,0.04649231150793651,0.19464634997222427,0.24245847862339398,0.28996716588799487,True,75
1.5,24,-382.018171428568,0.04620684523809524,0.19150676461576052,0.2402928562925168,0.2963825622713625,True,76
1.5,24,-381.95222857144233,0.046483134920634925,0.19176599925426505,0.24136034580498844,0.3051356599549776,True,77
1.5,24,-381.8013714285772,0.046728422619047624,0.19418472518013857,0.2343305394699544,0.3241246524981207,True,78
1.5,24,-381.5041142857368,0.04571825396825398,0.19538444020151843,0.23624081405895647,0.2830683791967006,True,79
1.5,24,-382.1867428571403,0.046191468253968256,0.19389661923908275,0.23369459712773982,0.31498586553996233,True,80
1.5,24,-381.78777142857297,0.04610565476190476,0.20193138373392291,0.23855809703325792,0.2935526455587616,True,81
1.5,24,-381.72457142856246,0.04603918650793651,0.20209680927181592,0.23739444208238852,0.2993493635551395,True,82
1.5,24,-381.596457142832,0.046256448412698416,0.1997935000150998,0.2348296004346182,0.30623637949650817,True,83
1.5,24,-381.7002285714242,0.0455141369047619,0.19476649907786245,0.2243898769605066,0.3209764468348242,True,84
1.5,24,-381.564800000007,0.045494295634920634,0.2016932943915441,0.22027904173752821,0.32976775778777245,True,85
1.5,24,-381.96502857146845,0.04631770833333333,0.20319609336356848,0.23361271709656073,0.30866743066227176,True,86
1.5,24,-382.0134857142774,0.04755704365079365,0.19726631469889128,0.24022877692743766,0.3312279239198769,True,87
1.5,24,-381.86765714284587,0.046063740079365076,0.20010288773997156,0.23968063962112618,0.3020437496445523,True,88
1.5,24,-382.23108571430737,0.04643080357142857,0.2016922702544962,0.23149384256897193,0.3247073801936007,True,89
1.5,24,-381.7495999999805,0.046143105158730165,0.20186583541445868,0.2335223119567268,0.30914725482273453,True,90
1.5,24,-382.3161142856979,0.04615302579365079,0.20262370616275108,0.22880066796579746,0.31670923312583077,True,91
1.5,24,-381.9469714285727,0.04575049603174603,0.20093821823127342,0.22739934911186688,0.3074712527990615,True,92
1.5,24,-381.31051428572266,0.04643774801587301,0.1931492356865936,0.23381233066421026,0.2986781493297258,True,93
1.5,24,-382.2436571428549,0.04680654761904762,0.1932508397682043,0.23817974829931965,0.295462047904233,True,94
1.5,24,-381.95405714285937,0.04617237103174603,0.19454976463593657,0.23851197824546488,0.2984817629769345,True,95
1.5,24,-381.1297142857227,0.046525297619047626,0.19984902771473032,0.23562433626228257,0.31195920001652944,True,96
1.5,24,-382.26251428568565,0.04698958333333333,0.19213052951373458,0.24686367526455055,0.285073095684114,True,97
1.5,24,-382.34754285718407,0.04592013888888888,0.19516662453010392,0.23453612764550286,0.30442431150840765,True,98
1.5,24,-381.58011428570256,0.04687450396825397,0.19774445678006117,0.24610416657218465,0.30178842139334905,True,99
2.0,24,-335.528914285731,0.038285714285714284,0.13483407662129643,0.11988599376417242,0.3135728448460936,True,0
2.0,24,-335.9532571428756,0.037772321428571426,0.13530440883785863,0.12033285848922906,0.2951059799017549,True,1
2.0,24,-336.02434285714503,0.03838516865079365,0.1380629570918346,0.1201496180378401,0.3178413092521717,True,2
2.0,24,-335.58102857139346,0.03839806547619047,0.13463912950111812,0.1173086195967972,0.3212704145192765,True,3
2.0,24,-335.3325714285524,0.03801984126984127,0.13250887981858897,0.11625436479591833,0.32040765598150345,True,4
2.0,24,-335.13314285713346,0.03790625,0.13488421074263593,0.11474393700396818,0.3205868378037753,True,5
2.0,24,-335.03851428571994,0.0380297619047619,0.1277616577721119,0.11817076077097519,0.3143871840025876,True,6
2.0,24,-336.16480000002906,0.03828968253968254,0.13453400587302944,0.12208196116780037,0.30613171063248856,True,7
2.0,24,-335.2772571428286,0.037827380952380946,0.1333613776870632,0.12056412273242634,0.3061893983326883,True,8
2.0,24,-336.20834285714284,0.03814136904761904,0.1356430253458143,0.11972885140306125,0.3087056564313083,True,9
2.0,24,-335.647657142875,0.03795882936507936,0.13558060153627594,0.12036794040532889,0.2969068530158999,True,10
2.0,24,-335.36354285712514,0.03823784722222222,0.13126660566326917,0.12396609933035721,0.28954498171928555,True,11
2.0,24,-336.1139428571501,0.03813839285714286,0.13356924598074707,0.11867444238945579,0.31540600419658826,True,12
2.0,24,-335.6523428571414,0.03814161706349207,0.1397292076870763,0.1189938639278627,0.31504433699630363,True,13
2.0,24,-336.4920000000285,0.03846775793650793,0.1313784692460255,0.12508587719671208,0.296201197062528,True,14
2.0,24,-335.6672000000193,0.038471478174603176,0.13630542095237766,0.12016527265802152,0.3142065436493756,True,15
2.0,24,-336.35428571431083,0.037726686507936515,0.13460964852607857,0.11737820656179128,0.31390548184285694,True,16
2.0,24,-335.45748571425906,0.038283978174603175,0.13575189904195087,0.12314340063421203,0.30424085108656684,True,17
2.0,24,-335.8542857142884,0.03804315476190476,0.1365041574546366,0.12030392396541964,0.3102564622564944,True,18
2.0,24,-335.593942857142,0.03806746031746032,0.13309133328230396,0.11772278656462581,0.3192140009805077,True,19
2.0,24,-335.0640000000419,0.03801215277777778,0.13195554365078502,0.11886208147321421,0.3143730976921224,True,20
2.0,24,-335.9437714285692,0.03784895833333333,0.12434545315191296,0.11623310925099217,0.3112973080728757,True,21
2.0,24,-335.86297142857205,0.03769667658730158,0.13418990589003796,0.11458972773171776,0.3070650430144406,True,22
2.0,24,-335.4316571428262,0.03829092261904762,0.13468087455215205,0.1209193182929422,0.3097784332366168,True,23
2.0,24,-335.6138285714513,0.03842212301587302,0.13126809160432154,0.12212346364795906,0.3066630459323032,True,24
2.0,24,-336.18959999999606,0.037806795634920634,0.13756705623014417,0.11628943507298753,0.3133593688513554,True,25
2.0,24,-335.1278857142984,0.038330357142857145,0.13349651269274115,0.11997533475056688,0.30648150687088616,True,26
2.0,24,-335.8153142857462,0.03848983134920635,0.13026622757368816,0.12128203867276072,0.30547766595232184,True,27
2.0,24,-335.49977142858705,0.03843129960317461,0.13628183033447133,0.12350430440405316,0.30775252551046406,True,28
2.0,24,-335.7915428571443,0.03806845238095238,0.1358322507029407,0.11636943622448975,0.3251090384619566,True,29
2.0,24,-336.1219428571456,0.03810590277777778,0.13118445867912795,0.12308367968749998,0.2988075936969854,True,30
2.0,24,-336.15097142858724,0.038054315476190474,0.13150943287414268,0.11432904221584474,0.32701404546983814,True,31
2.0,24,-335.4478857142707,0.038175099206349206,0.1340851952324316,0.11635058666383216,0.3254200115222673,True,32
2.0,24,-335.8646857142616,0.038096726190476195,0.1284090370974885,0.11733157532596357,0.3234948951299341,True,33
2.0,24,-336.0388571428808,0.037922371031746026,0.13232736054421443,0.11494507495393999,0.3248080878078432,True,34
2.0,24,-335.40571428571883,0.0378125,0.13377107709750488,0.11763308531746025,0.30494917887006867,True,35
2.0,24,-335.6490285714227,0.03810987103174603,0.13346086144558614,0.1232173100729875,0.29446585711831574,True,36
2.0,24,-335.8636571428599,0.0378420138888889,0.1341098285204099,0.12263374714781718,0.2933985641574747,True,37
2.0,24,-335.52160000001635,0.03801339285714286,0.13547884015871306,0.12090028167517011,0.30111846638949025,True,38
2.0,24,-335.8923428571586,0.03790625,0.13352330292517914,0.11765018700396818,0.31166491074089875,True,39
2.0,24,-335.6897142856986,0.038010664682539684,0.1396676971371878,0.11661564482355438,0.312448584162649,True,40
2.0,24,-335.31439999996905,0.038007936507936504,0.13177269273808812,0.1198243072562359,0.3122096873271383,True,41
2.0,24,-335.77028571427576,0.03844990079365079,0.13551860487526962,0.12097748547335604,0.31158921920048466,True,42
2.0,24,-335.3886857143054,0.03781770833333334,0.13378998412131674,0.11641063702876972,0.3199073186845681,True,43
2.0,24,-335.9886857142691,0.03833085317460318,0.13518434920067396,0.12139766687925166,0.30683274075285394,True,44
2.0,24,-336.0942857142799,0.03783854166666666,0.1349051495181407,0.11777837611607152,0.30409230385778274,True,45
2.0,24,-336.33108571426413,0.03800024801587301,0.1325111133276664,0.11535558232355457,0.3106083301312629,True,46
2.0,24,-335.7114285714271,0.03856498015873017,0.1318956427154237,0.12082628195861657,0.32424318710454514,True,47
2.0,24,-335.858171428575,0.0383219246031746,0.12984234081066384,0.1194005775935374,0.31681726121175413,True,48
2.0,24,-335.85497142857025,0.03833010912698413,0.12941797414399994,0.12016917855371309,0.3146723502084653,True,49
2.0,24,-335.59645714286876,0.03803695436507936,0.13158174058390967,0.1194991811047337,0.31467980717247745,True,51
2.0,24,-335.80194285715066,0.038417906746031745,0.1361778555045387,0.12371168507298755,0.3100618010856405,True,50
2.0,24,-335.61382857142826,0.037935019841269846,0.13082658366779595,0.11562000219671192,0.31504147919741277,True,52
2.0,24,-334.9163428571344,0.03844717261904761,0.13271031562357571,0.12118014170564068,0.30528788646389227,True,53
2.0,24,-335.182742857151,0.037867063492063494,0.13725816439341543,0.11528857709750562,0.31975363626302356,True,54
2.0,24,-336.2225142857185,0.03818402777777777,0.13357108951815158,0.1196941651785716,0.31130446089407215,True,55
2.0,24,-335.4725714285674,0.03813492063492064,0.13552326969953457,0.12205379109977307,0.29923924227288334,True,56
2.0,24,-336.1386285714185,0.03830977182539683,0.12936653985829277,0.12165502365008507,0.3092523181950264,True,58
2.0,24,-335.9181714285881,0.037510664682539684,0.1332074112471623,0.12039696625212586,0.28913133649902767,True,57
2.0,24,-336.16525714284535,0.037999255952380954,0.1372721943537398,0.12201990559452945,0.29640829799293167,True,59
2.0,24,-336.3666285714176,0.038262896825396825,0.13341753251700084,0.11924021797052155,0.3157438845557521,True,60
2.0,24,-335.52411428572157,0.03809424603174603,0.13380853233559264,0.11918634467120194,0.30231290308023395,True,61
2.0,24,-335.8053714285472,0.03800694444444444,0.12941407477889774,0.11588595634920631,0.31596233084751035,True,62
2.0,24,-335.31108571427717,0.03801240079365079,0.13537654884352276,0.11545722158446711,0.31768216473956234,True,63
2.0,24,-335.3955428571216,0.03856969246031745,0.13788439613946618,0.12436532438704656,0.30536902325555826,True,64
2.0,24,-335.6100571428519,0.038031746031746035,0.1311704322902377,0.12218186054421763,0.30437868774554366,True,65
2.0,24,-335.42582857142946,0.03832886904761904,0.13563199219953503,0.11825694862528359,0.3098010180266264,True,66
2.0,24,-335.10388571425614,0.038120783730158724,0.1324092047562494,0.11642713277706929,0.3207908967378511,True,67
2.0,24,-335.72937142859547,0.038038938492063495,0.12953408489796125,0.11992470718183101,0.3030235563248018,True,68
2.0,24,-335.6317714285527,0.03790277777777778,0.13223273648524506,0.11750104563492053,0.3080144527007509,True,70
2.0,24,-336.2179428571367,0.0384233630952381,0.13526609042517318,0.1267062618870464,0.283561130831427,True,69
2.0,24,-335.45805714286297,0.03822718253968254,0.13441982673469965,0.12084964172335594,0.31012147814468816,True,71
2.0,24,-335.40434285716566,0.03820610119047619,0.13492846403627506,0.11901546185870185,0.3134947942930765,True,72
2.0,24,-335.4649142857262,0.037897321428571426,0.13316660360543311,0.1237129180130386,0.29104608471815907,True,73
2.0,24,-336.1772571428206,0.03831646825396826,0.1320866405838817,0.11694784467120159,0.32432263190250565,True,74
2.0,24,-335.8476571428644,0.03804861111111111,0.12690369677436467,0.11879174206349205,0.3118973508513312,True,75
2.0,24,-335.8124571428487,0.038125,0.13597128185374963,0.12201001984126988,0.3031449823128901,True,76
2.0,24,-335.9515428571355,0.03816145833333333,0.1351225522902458,0.11859232056051597,0.3108288537795342,True,77
2.0,24,-335.378857142851,0.03861458333333334,0.13263425042518723,0.11844097867063477,0.32899222083501856,True,78
2.0,24,-335.75839999996697,0.038017113095238086,0.13373291952382893,0.11842360712514187,0.307581863027081,True,79
2.0,24,-335.90605714284874,0.03792088293650794,0.13137672514739052,0.11286894825325963,0.318240839683925,True,80
2.0,24,-335.8763428571359,0.03842162698412699,0.13233328387756652,0.1161545306122449,0.3271874057060037,True,81
2.0,24,-335.6497142857273,0.03775843253968255,0.1320647209467312,0.12155685650510181,0.292987110910195,True,82
2.0,24,-335.58834285711566,0.038271825396825394,0.13943398863945808,0.12057813662131528,0.31619001180470785,True,83
2.0,24,-336.389600000021,0.038098214285714284,0.1333110641666685,0.11871806717687078,0.3171262142714367,True,84
2.0,24,-335.588114285712,0.03823933531746031,0.1408695418594132,0.12028376982355463,0.30166724781119236,True,85
2.0,24,-336.10754285713165,0.0382983630952381,0.1282663691553315,0.11934969244260196,0.3175367250799246,True,86
2.0,24,-336.40857142859807,0.03822544642857143,0.12422052366778441,0.11998992656958615,0.31567699986940845,True,87
2.0,24,-335.17302857142806,0.03792261904761905,0.13736904934239647,0.117644394557823,0.3108773121989139,True,88
2.0,24,-335.8073142857195,0.03836483134920635,0.13723618709750302,0.11972688192672892,0.31353213670590774,True,89
2.0,24,-335.32297142859335,0.03823809523809524,0.1335716906122381,0.11720505640589571,0.3228362283450953,True,90
2.0,24,-335.2756571428853,0.03814657738095238,0.13040886482993605,0.11779658714214852,0.3228928503085512,True,91
2.0,24,-335.7740571428714,0.038607390873015866,0.13299097772675672,0.12190860216482431,0.3139663494895848,True,92
2.0,24,-335.92857142856946,0.038193700396825396,0.1347049681122346,0.12124813972151359,0.30964468485761454,True,93
2.0,24,-335.74285714281876,0.038372519841269846,0.13731050736962264,0.12137826806972775,0.31270336904528184,True,94
2.0,24,-336.2772571428533,0.03815203373015873,0.13152536578230134,0.12215858416595812,0.29507343448062273,True,95
2.0,24,-335.4634285714581,0.037781994047619054,0.13352238081066994,0.12022320420564041,0.3063854220293335,True,96
2.0,24,-335.9843428571192,0.038908730158730157,0.1336454094728007,0.12263331916099776,0.31136163300816944,True,97
2.0,24,-335.7655999999975,0.03806498015873015,0.13217119273808622,0.12131982560941058,0.299492959962245,True,98
2.0,24,-335.11154285713246,0.03827852182539682,0.12894192133788668,0.11884183813421206,0.3102432571024155,True,99
2.5,24,-301.86159999997557,0.03510689484126984,0.10609255865396941,0.0805465617772109,0.3171423186408697,True,0
2.5,24,-302.54697142856367,0.034370783730158734,0.10125159983310571,0.07887501574546482,0.2976740884781597,True,1
2.5,24,-301.6186285714244,0.03442286706349207,0.10631068455691194,0.07589492844387742,0.3240671071162111,True,2
2.5,24,-302.6459428571508,0.03450173611111111,0.10275993431656792,0.07679028740079359,0.31757765382023984,True,3
2.5,24,-302.01634285710327,0.034535466269841275,0.09907878295146172,0.07768789669784568,0.32191155155253504,True,4
2.5,24,-302.17268571429406,0.03448759920634921,0.10773998323447612,0.08009009472789114,0.2978197751480448,True,5
2.5,24,-302.20594285714344,0.034257192460317464,0.10247045368163527,0.07741356823979588,0.3139928488313394,True,6
2.5,24,-301.4122285714234,0.03449652777777778,0.1037217870331046,0.07827913690476186,0.324837320399575,True,7
2.5,24,-302.72857142855173,0.03477529761904762,0.1016165129251749,0.08014697001133783,0.3091923268015029,True,8
2.5,24,-301.9558857142693,0.03430729166666667,0.10539547212335391,0.07969535248015867,0.30965181490222504,True,9
2.5,24,-301.88342857143,0.03455034722222222,0.10133494276643129,0.07859289613095238,0.3087686810145791,True,10
2.5,24,-301.3531428571101,0.034636656746031745,0.10859762503400917,0.07690952345521543,0.3254577879706313,True,11
2.5,24,-301.70137142857914,0.03468179563492064,0.10240484074739167,0.07797035758219956,0.3157660768621936,True,12
2.5,24,-302.8907428571947,0.03470238095238096,0.10215776349750942,0.0787552664399092,0.3071283626671484,True,13
2.5,24,-302.25965714282574,0.034603918650793646,0.10089560822131817,0.0802276285572563,0.3079742745905568,True,14
2.5,24,-302.46159999999514,0.03454613095238095,0.100384088812708,0.08131031604308386,0.29090294287327867,True,15
2.5,24,-302.78502857139705,0.03488392857142857,0.10584511869025948,0.07820488798185944,0.3272998048559378,True,16
2.5,24,-302.57131428568465,0.034689484126984124,0.10187718094875486,0.07660888004535148,0.32385848495015834,True,17
2.5,24,-302.06079999998093,0.034627232142857144,0.10011112553650794,0.08153552028061223,0.29760605933509077,True,18
2.5,24,-301.380685714277,0.03408060515873016,0.10699090590113984,0.07939413876133782,0.297494012376914,True,19
2.5,24,-302.0131428571587,0.03473685515873016,0.10682966630385231,0.08100659749149669,0.29334056756942806,True,20
2.5,24,-301.91051428569364,0.034768849206349206,0.10323978199001431,0.07955366575963715,0.31003757121505326,True,21
2.5,24,-302.6042285714409,0.034759176587301585,0.10930455376325375,0.07860097504251712,0.3176545341089966,True,22
2.5,24,-302.066514285695,0.03482366071428571,0.1013301234503524,0.07965943479308392,0.31266861053781836,True,23
2.5,24,-301.8772571428328,0.034842261904761904,0.10322405632289398,0.07795005306122454,0.32066003218927897,True,24
2.5,24,-301.9519999999851,0.03482390873015873,0.10470691555555985,0.0811962287414965,0.3026170965437631,True,25
2.5,24,-301.8817142857423,0.034354662698412704,0.10344368172336141,0.07927542057823121,0.30403153227091784,True,26
2.5,24,-302.08377142854084,0.03476463293650794,0.10565427922357533,0.08169016098356013,0.2995138848551998,True,27
2.5,24,-302.8603428571187,0.034979414682539685,0.10343868377687614,0.0814354539540816,0.30341319831185654,True,28
2.5,24,-301.7930285714335,0.03479042658730158,0.10074939602359033,0.07900041631235839,0.3136537670685209,True,29
2.5,24,-301.1250285713936,0.034984375,0.10387597519819085,0.08158486041666672,0.30073886730405563,True,30
2.5,24,-301.8833142857163,0.03491220238095238,0.10390600837731553,0.07789426366213159,0.3222577336994419,True,31
2.5,24,-301.6041142857254,0.03480109126984127,0.10288167148843867,0.0802570985827665,0.3092863330973875,True,32
2.5,24,-301.2375999999947,0.034685515873015875,0.10543671205078782,0.07863818163265311,0.30507167299847815,True,33
2.5,24,-301.8389714285755,0.03432142857142857,0.10276582573786679,0.08052370385487523,0.29691825621655954,True,34
2.5,24,-302.0873142857365,0.03485243055555556,0.10069334894874676,0.08016246279761906,0.3023221208724517,True,35
2.5,24,-301.5981714285768,0.03466393849206349,0.10756871018230514,0.07726558638038543,0.3233084064731976,True,36
2.5,24,-301.49908571429535,0.03411631944444444,0.10248258072019073,0.07616253898809526,0.3078457715178774,True,37
2.5,24,-302.3254857142562,0.034384176587301585,0.10078809576780866,0.07923309567743761,0.29754648561704555,True,38
2.5,24,-301.58605714283857,0.03462251984126984,0.10464812377687242,0.07750544778911565,0.3173889565053962,True,40
2.5,24,-302.36754285712334,0.034539930555555556,0.10488712324353401,0.07526545882936507,0.33095916899885636,True,39
2.5,24,-301.7060571428552,0.03473189484126984,0.10070915488797456,0.07769749828514741,0.31747016896562974,True,41
2.5,24,-301.87234285714914,0.034752728174603176,0.10349612085623651,0.0813183371740363,0.29759390499559124,True,42
2.5,24,-301.7244571428745,0.03497991071428572,0.09900621162448564,0.08014511733276643,0.31281357255181796,True,43
2.5,24,-302.47108571425997,0.03484176587301587,0.10627755506938734,0.08007150901360545,0.308312953409853,True,44
2.5,24,-302.2531428571402,0.035103918650793646,0.10093199011338584,0.08268756347789129,0.2976246706743576,True,45
2.5,24,-301.9200000000018,0.03477926587301587,0.09934633650793936,0.07841055980725624,0.3181151707232426,True,46
2.5,24,-302.12639999996924,0.034608382936507934,0.10228483179682775,0.07868639907879821,0.30941189315686735,True,47
2.5,24,-301.1401142857326,0.0343125,0.10119285777414108,0.07932540952380951,0.2936151126759241,True,48
2.5,24,-302.2080000000589,0.03500868055555555,0.10291715047618911,0.08283635168650798,0.2930683906264121,True,49
2.5,24,-302.1306285714344,0.034518849206349206,0.10463297433470467,0.07950078798185946,0.29997724876430565,True,50
2.5,24,-302.320914285749,0.03467361111111111,0.10095618008525586,0.07885620158730157,0.32091815002183766,True,51
2.5,24,-301.45291428569067,0.0344781746031746,0.09729865081542004,0.07702278548752842,0.32339664355036735,True,52
2.5,24,-301.9035428571319,0.03475124007936508,0.10680660921179272,0.07904673059807256,0.30889887997998666,True,53
2.5,24,-301.60159999995557,0.03426314484126985,0.10302003738412167,0.07652475622165518,0.31516944128724567,True,54
2.5,24,-301.958742857134,0.034585565476190475,0.10434395892606618,0.07957238377267575,0.3139561906972316,True,55
2.5,24,-302.53577142858194,0.034861607142857146,0.10259140011246927,0.07714711105442172,0.32723138116586137,True,56
2.5,24,-301.63931428571937,0.03466964285714286,0.10109082145670173,0.07920551383219959,0.3133115964819879,True,57
2.5,24,-301.81862857142227,0.03438814484126984,0.1069958147156366,0.07743271812641717,0.30786707386121426,True,58
2.5,24,-302.0895999999798,0.03455183531746032,0.1024461255111156,0.07792594998582766,0.31377321245188716,True,59
2.5,24,-302.25657142855505,0.034634424603174604,0.1035944126077124,0.0775109223922902,0.3204737935869356,True,60
2.5,24,-301.89268571426993,0.034638392857142854,0.10800315021859408,0.07939024597505674,0.3101473818787164,True,61
2.5,24,-302.3535999999734,0.03504985119047619,0.10098332576507447,0.08129977266156461,0.31145491232108247,True,62
2.5,24,-301.21531428571313,0.03449355158730159,0.1052654078693902,0.07961453962585029,0.30596290282200744,True,63
2.5,24,-302.31657142856875,0.03433705357142857,0.10319212371882411,0.07603198966836736,0.32585504089280937,True,64
2.5,24,-301.59965714282555,0.03464112103174603,0.10043334599909738,0.07794818694727883,0.3085317589264749,True,65
2.5,24,-301.8870857142596,0.03459573412698413,0.1041922171646244,0.07973738520408162,0.30140439444567,True,66
2.5,24,-302.61119999997345,0.03440277777777778,0.10291992706031629,0.07858759999999994,0.3003936959014687,True,67
2.5,24,-301.89782857142444,0.03464012896825397,0.10399517011881673,0.07879259409013609,0.3169193292567146,True,68
2.5,24,-302.30525714281094,0.035013392857142854,0.10302854152925445,0.07790288724489806,0.31862133568925877,True,69
2.5,24,-301.4098285714359,0.034668898809523806,0.10412719856326778,0.07830896789965995,0.30787749954887755,True,70
2.5,24,-302.0861714285561,0.03454786706349207,0.10274135322993162,0.07841908717403619,0.31673431228220306,True,71
2.5,24,-302.54845714287404,0.0347390873015873,0.10155738267212049,0.0799957678004535,0.3206604876463679,True,72
2.5,24,-301.7435428571339,0.03449454365079365,0.10427668921179753,0.07758071536281179,0.3156873726362742,True,73
2.5,24,-302.2020571428307,0.03470734126984127,0.10064359247528853,0.07704617913832197,0.31965377552909846,True,74
2.5,24,-302.6067428571463,0.03428397817460318,0.10463318102131679,0.0783899760629251,0.3065374693244297,True,75
2.5,24,-301.86457142858967,0.03454960317460318,0.10244701959183455,0.07947031723356006,0.31002151482814566,True,76
2.5,24,-301.776228571382,0.03473313492063492,0.10961519541405222,0.0780525519274376,0.3133280222147621,True,77
2.5,24,-301.6846857142752,0.03476488095238096,0.10315963326622296,0.07895374739229016,0.3094761613187462,True,78
2.5,24,-302.2210285714129,0.034830853174603174,0.1041700993886722,0.0794044239795919,0.31928023037102704,True,79
2.5,24,-302.26537142857217,0.034863839285714286,0.09766724468391152,0.07816154987244893,0.33084514057513437,True,80
2.5,24,-301.7245714285846,0.03450322420634921,0.10267276879817169,0.07802099363662132,0.31681034870259206,True,81
2.5,24,-302.79645714284686,0.03501066468253968,0.10334033937052785,0.08170493808106571,0.3063908734354738,True,82
2.5,24,-302.5244571428396,0.03455257936507936,0.10404042114829887,0.07843305192743774,0.316054923112303,True,83
2.5,24,-301.6316571428501,0.03479117063492064,0.10156205812607773,0.07786616660997724,0.306664251273127,True,84
2.5,24,-301.4132571428711,0.03425868055555555,0.10826271943401176,0.07766587073412701,0.31342674173301843,True,85
2.5,24,-302.1660571428181,0.034905257936507936,0.1031999593324306,0.08090914620181408,0.30495953854706803,True,86
2.5,24,-301.73085714285673,0.03499007936507937,0.10404032281178742,0.07948902494331059,0.3257690450118259,True,87
2.5,24,-301.1852571428546,0.034592757936507935,0.10415999041813645,0.0817094319160998,0.30225761191268685,True,88
2.5,24,-301.5786285713791,0.034652777777777775,0.10366638741406657,0.07928777777777783,0.30860307560099587,True,89
2.5,24,-301.97211428573536,0.03486607142857143,0.10368709828209022,0.07614304988662131,0.32555170982255965,True,90
2.5,24,-302.27714285712625,0.03461433531746032,0.10319918503401924,0.0762740047477324,0.32131345973619374,True,91
2.5,24,-302.1106285714229,0.034682787698412695,0.10377894957279042,0.07739458218537414,0.3175610090950569,True,92
2.5,24,-301.78137142855127,0.03434350198412699,0.10098258296961528,0.07621824363662125,0.3213136141179864,True,93
2.5,24,-301.5821714285592,0.034868303571428574,0.1036161656743732,0.08068426982709746,0.3084281476141766,True,94
2.5,24,-302.10434285715945,0.034479910714285716,0.10560850587210653,0.07807744431689338,0.30673481037084316,True,95
2.5,24,-302.3049142856787,0.03492559523809524,0.10741417424398808,0.07841170068027205,0.31710705381246074,True,96
2.5,24,-301.96559999998755,0.035062251984126984,0.10528124589207437,0.08159607935090703,0.2979328697221043,True,97
2.5,24,-301.9046857142709,0.03473363095238095,0.10460192088526027,0.08071425572562353,0.30609945574734554,True,98
2.5,24,-301.6178285714392,0.03480902777777778,0.10334767043628137,0.08034171626984124,0.30203880173311093,True,99
3.0,24,-274.96788571419233,0.03262624007936508,0.08386242892164672,0.05896413925500757,0.31021326063759347,True,0
3.0,24,-274.99474285703417,0.03273784722222222,0.08753744616779717,0.059583156167328,0.3079207586647109,True,1
3.0,24,-275.37645714276886,0.03256894841269841,0.0864976620408206,0.0581234986300076,0.3090010209355857,True,2
3.0,24,-275.2499428570967,0.03288789682539683,0.08598870756109867,0.05912562811791379,0.3126036487614209,True,3
3.0,24,-274.4849142856163,0.032442708333333334,0.08674748035019986,0.05677721701388888,0.31751299719262915,True,4
3.0,24,-275.0983999998897,0.03236284722222222,0.08722878477953072,0.05829173553240742,0.30808542064662825,True,5
3.0,24,-275.1692571427159,0.0326391369047619,0.08277521450995552,0.05988536705168185,0.2963658374293825,True,6
3.0,24,-274.63142857129526,0.03246527777777778,0.0851611145754636,0.05689252645502643,0.3187103957436679,True,7
3.0,24,-274.21759999992014,0.03300793650793651,0.08609188910053837,0.059175834467120214,0.313797724369445,True,8
3.0,24,-275.83645714273985,0.03292931547619048,0.08382706283448639,0.05670614322326151,0.32031053400388443,True,9
3.0,24,-274.7827428570264,0.032743551587301585,0.08320639757873581,0.05817934519085413,0.3222239442087613,True,10
3.0,24,-275.988457142689,0.03232762896825397,0.0826408384958417,0.05866914653013988,0.3090381366346241,True,11
3.0,24,-274.6642285712981,0.032498511904761905,0.08617199963720379,0.05736126280234319,0.3183554095041099,True,12
3.0,24,-275.3454857141809,0.032403273809523805,0.08341533502393028,0.057363349159108123,0.3194459295746843,True,13
3.0,24,-275.13554285703617,0.0326827876984127,0.08423344898967768,0.059768628011621264,0.3024804822438072,True,14
3.0,24,-274.99851428560055,0.03283308531746032,0.08412022885109471,0.05702799403580874,0.3218098446169354,True,15
3.0,24,-275.07645714274946,0.032812748015873014,0.08103012456286919,0.05857450395644373,0.3162993873271678,True,17
3.0,24,-275.8474285713135,0.03276810515873016,0.08298074773241426,0.05889786894132648,0.30711187364388426,True,16
3.0,24,-275.3665142856196,0.0327234623015873,0.08062020698161244,0.05804057444019278,0.3153063040344798,True,18
3.0,24,-274.0393142856086,0.03283358134920635,0.08603232971529871,0.058314068109882766,0.31172560120314463,True,19
3.0,24,-275.7222857141842,0.03240798611111111,0.0856153164525152,0.0569150774636243,0.3173178203576166,True,20
3.0,24,-275.08308571420935,0.032568204365079366,0.0825547353766653,0.057521444810563066,0.3084734260921024,True,21
3.0,24,-275.57222857136094,0.03249578373015873,0.08023512459309456,0.05608437820058576,0.3281321976241032,True,23
3.0,24,-275.10159999988565,0.03281150793650794,0.08729197701939731,0.05821091250944824,0.3152003467985305,True,22
3.0,24,-275.081371428464,0.03263938492063492,0.08369986030738857,0.05808257270408157,0.3149082622142376,True,24
3.0,24,-275.0417142855968,0.03254166666666666,0.08480989361300213,0.056391472222222266,0.3207281292698402,True,25
3.0,24,-273.96228571419556,0.03250843253968254,0.08511940816324962,0.057174940051020376,0.3240617074080665,True,26
3.0,24,-275.352228571317,0.0326391369047619,0.085490873711265,0.056670915993480786,0.32367517090465703,True,27
3.0,24,-274.66891428562116,0.03243501984126984,0.08567478052657827,0.05714373955971273,0.3241345960765435,True,28
3.0,24,-275.493028571327,0.032507440476190474,0.0842865051750991,0.05909555815381708,0.3066654120420007,True,29
3.0,24,-275.26079999987695,0.03265897817460317,0.08202701178131211,0.06022689010534772,0.3013508566893689,True,30
3.0,24,-274.77028571418634,0.0326827876984127,0.08366568505920564,0.05887494414918737,0.30192240362437817,True,31
3.0,24,-275.074857142729,0.0324186507936508,0.08298828413958122,0.05795156670445953,0.3054646166020133,True,32
3.0,24,-275.3369142856105,0.032674355158730156,0.08303063440666004,0.059640317354025,0.2964829087490274,True,33
3.0,24,-275.8389714284808,0.032537450396825394,0.08256224670950124,0.056721354391061976,0.32692688740639175,True,34
3.0,24,-275.86399999989976,0.0324516369047619,0.08483304585537171,0.05690588358607336,0.3202181810629865,True,35
3.0,24,-274.6585142856064,0.032612103174603176,0.08310495680523863,0.06074794425547994,0.2909213226753301,True,36
3.0,24,-275.54777142847536,0.03291145833333333,0.08463372424036472,0.059457511326058254,0.3132410240277602,True,37
3.0,24,-274.44102857137045,0.03244196428571428,0.08166325552783298,0.05871249485071815,0.29880429654115204,True,38
3.0,24,-274.7076571427333,0.032852182539682535,0.08349366373392603,0.05872704554043848,0.32115327535477156,True,39
3.0,24,-275.26137142842896,0.03255555555555555,0.08543421171832029,0.05827376587301589,0.3125894737166811,True,40
3.0,24,-275.20159999989005,0.03258482142857143,0.08299290955908502,0.05862301677059713,0.311840231910648,True,41
3.0,24,-275.3701714284629,0.03230877976190476,0.0836878001486504,0.05580039019982996,0.32391368274744703,True,42
3.0,24,-275.847999999872,0.03255902777777778,0.08334873544973326,0.05978458895502642,0.29466265407808867,True,43
3.0,24,-275.3537142855685,0.033005456349206354,0.08429874017385239,0.05838054983938008,0.3145951494909158,True,44
3.0,24,-275.49942857131987,0.03269196428571428,0.08368894834972179,0.059757197231670514,0.2930320626619366,True,45
3.0,24,-275.5033142856175,0.032764136904761904,0.0864727646359325,0.05701095964427445,0.32257731146624047,True,46
3.0,24,-274.84651428562773,0.032712797619047614,0.08232670786344583,0.057530300406273674,0.318791240629137,True,47
3.0,24,-275.63279999989805,0.03271949404761904,0.08366772897706602,0.05940574658682926,0.3046799280593816,True,48
3.0,24,-274.48914285705746,0.03256597222222222,0.08364093625598315,0.05801637334656089,0.3017804888252993,True,49
3.0,24,-274.61634285701507,0.03242336309523809,0.08687109486267117,0.05782651453845432,0.3189410870512165,True,50
3.0,24,-274.7910857141625,0.03252777777777778,0.08055737444192626,0.05629068518518515,0.3282983122563611,True,51
3.0,24,-275.2391999999117,0.03262326388888889,0.08335781645503092,0.05931590881283064,0.3117123843448979,True,52
3.0,24,-274.603771428466,0.032477678571428574,0.08204544699168607,0.05817804587112628,0.2903781670257465,True,53
3.0,24,-274.8860571427404,0.03254141865079365,0.08433694883094042,0.0575757056760204,0.31392661899233343,True,54
3.0,24,-274.778971428495,0.03265203373015873,0.08105994997229989,0.05954545293603554,0.2974414574952564,True,55
3.0,24,-276.13348571416657,0.03231919642857143,0.08568929648777719,0.05705903107284577,0.30185869446965385,True,56
3.0,24,-275.1748571427533,0.033000248015873014,0.08574841421012272,0.05765728636385113,0.3287082902796111,True,57
3.0,24,-275.1397714284776,0.03286334325396825,0.08410005863189933,0.05966980790580126,0.3068164047096448,True,58
3.0,24,-275.14251428559686,0.03294766865079365,0.08474639957421179,0.059509058189247996,0.30801884228004084,True,59
3.0,24,-274.8222857141958,0.032334573412698416,0.08480575957421227,0.05759566174178003,0.30047304511151185,True,60
3.0,24,-275.9803428570557,0.03260069444444444,0.08567202422777265,0.0588704540343916,0.3054780087796979,True,61
3.0,24,-275.5180571427655,0.032692708333333334,0.08530131496849612,0.05860855431547614,0.31183259186488055,True,62
3.0,24,-275.4454857141948,0.03266220238095238,0.08144431871000456,0.05661229643801961,0.3199015617330442,True,63
3.0,24,-274.8414857141837,0.032642113095238096,0.08554400662887367,0.05731102644321613,0.3103472863331289,True,64
3.0,24,-275.1157714284629,0.032500248015873014,0.08271854328797788,0.05739027445908923,0.32177363718912777,True,65
3.0,24,-275.9724571427664,0.03226116071428571,0.08511757853112152,0.058573944999527644,0.30687822016789434,True,66
3.0,24,-274.64708571419425,0.03264558531746032,0.08274847003274963,0.05778519310988278,0.31522833578418763,True,67
3.0,24,-274.61862857131973,0.03253893849206349,0.08452085016628987,0.05728146484079738,0.31540714883331233,True,68
3.0,24,-275.3791999999134,0.03258308531746032,0.08599048973544793,0.058576865728930394,0.30524119807935324,True,69
3.0,24,-274.607085714168,0.03247693452380953,0.0854662954295803,0.05760010618622434,0.3107234037271447,True,70
3.0,24,-274.8714285713093,0.0325047123015873,0.08286628212395493,0.05810208237670067,0.29825027350434885,True,71
3.0,24,-274.27862857132,0.03249900793650794,0.08570234355253585,0.058246937641723284,0.3156207320375256,True,72
3.0,24,-275.1070857141697,0.032938244047619046,0.08537235583521635,0.059237407301114986,0.3169016832756343,True,73
3.0,24,-274.9772571427536,0.032173859126984124,0.08508395666161858,0.05621269575538554,0.3127568394842113,True,74
3.0,24,-274.50571428560636,0.032378224206349206,0.08360710348954482,0.05766590607284579,0.3088716655656619,True,75
3.0,24,-274.10537142845493,0.032643849206349204,0.08449478940791284,0.058146655328798175,0.3072307242152217,True,76
3.0,24,-275.3597714284619,0.032502728174603174,0.08481366489291915,0.05906418177201443,0.306271478497673,True,77
3.0,24,-274.58034285704184,0.032357390873015875,0.08271633639708258,0.05787739482945953,0.3062082809533122,True,78
3.0,24,-274.9195428570187,0.03288888888888889,0.08249660842530818,0.05867361507936507,0.3163808158502317,True,79
3.0,24,-274.3879999998982,0.032578125,0.0862161097883624,0.05830509465939156,0.3093461283890987,True,80
3.0,24,-275.13108571420304,0.0325250496031746,0.08586298158477096,0.05692619896778153,0.3220788042203778,True,81
3.0,24,-275.67268571418765,0.032658234126984126,0.08372578862182073,0.05950416095049131,0.2984671143463731,True,82
3.0,24,-274.826742857048,0.0326577380952381,0.08404518831948005,0.05879146617535891,0.3201177153281122,True,83
3.0,24,-275.15828571419513,0.03261780753968254,0.08632768902745941,0.05883548014691989,0.3028748255246616,True,84
3.0,24,-275.6250285713347,0.03243998015873016,0.08027638709750079,0.05804475146447466,0.3075354674609342,True,85
3.0,24,-274.5500571427675,0.03270436507936508,0.08565394565634343,0.05837612792894935,0.32135590104252276,True,86
3.0,24,-274.98159999986257,0.03259895833333333,0.08646975832452825,0.057562904844576726,0.31662814028334463,True,87
3.0,24,-275.0555428570457,0.03287251984126984,0.08246225322247686,0.05772090225812544,0.32235659307171627,True,88
3.0,24,-275.5631999999031,0.03302876984126984,0.08286224317461302,0.06019227626606198,0.3137369288834261,True,89
3.0,24,-275.23279999989603,0.032367063492063496,0.08370524220458439,0.05858349848828415,0.3028727968918632,True,90
3.0,24,-274.92034285705284,0.03297420634920635,0.08636443736709282,0.05977775056689337,0.31113748400480545,True,91
3.0,24,-274.9469714284138,0.03259722222222222,0.08419297607458337,0.059447649470899505,0.30143580735058884,True,92
3.0,24,-274.94868571414435,0.03264112103174603,0.0835138659586863,0.05747309758834088,0.3225467651272085,True,93
3.0,24,-275.18228571419826,0.03246552579365079,0.08725671195515818,0.05849285713104686,0.3074179595338844,True,94
3.0,24,-274.5218285713,0.03228323412698413,0.08162214573946956,0.05604684481292509,0.31224075898535686,True,95
3.0,24,-275.61885714276247,0.03262847222222222,0.08180818537414465,0.058409800595238176,0.3092198601427597,True,96
3.0,24,-274.31554285703646,0.0323797123015873,0.08322488505667272,0.05864095539257373,0.3014249020288813,True,97
3.0,24,-275.30674285701195,0.03241865079365079,0.08045198197026557,0.056523656651549584,0.31954779734915795,True,98
3.0,24,-275.38685714276227,0.032741815476190476,0.08656139525069867,0.05789040975765303,0.3079763208123899,True,99
3.5,24,-251.8709714283919,0.030953621031746033,0.07039534704799405,0.045419996912455435,0.3034784695569357,True,0
3.5,24,-252.06411428553938,0.03165972222222222,0.07283164288767749,0.046763189342403616,0.31224721305865644,True,1
3.5,24,-253.49794285699113,0.031241071428571427,0.07213547235132782,0.045591540168448366,0.3055031859077826,True,2
3.5,24,-252.54228571411494,0.031106894841269845,0.07415531671989391,0.04642243755061544,0.30118221811257906,True,3
3.5,24,-252.69417142840038,0.031505456349206346,0.07182843541858802,0.045661170837382595,0.3255307451269942,True,4
3.5,24,-252.82491428551597,0.031097718253968253,0.06934355958352303,0.046288842363135754,0.29083550176488127,True,5
3.5,24,-252.75257142842887,0.031313244047619045,0.0704558004072406,0.04649445228984454,0.3141227811258903,True,6
3.5,24,-253.21062857128885,0.031167162698412697,0.07133733416816944,0.04576743646744413,0.31467147807802087,True,7
3.5,24,-252.94925714270698,0.03147123015873016,0.0714957996464376,0.04690209280855203,0.30688021388697684,True,8
3.5,24,-252.8343999998348,0.030839781746031747,0.06992450997084505,0.04534163714771624,0.309220419651417,True,9
3.5,24,-252.29885714270077,0.03115203373015873,0.07206434869729289,0.04595951748258827,0.30649407491052316,True,10
3.5,24,-253.6933714284065,0.03148784722222222,0.07167006989865576,0.04644512592120184,0.3056903834788559,True,11
3.5,24,-252.47897142837988,0.031008184523809528,0.07028389748530486,0.04569991471290891,0.30599515088543394,True,12
3.5,24,-253.33108571411603,0.03130158730158731,0.06984064860196053,0.04510939763524448,0.31206366910742156,True,13
3.5,24,-253.04148571413907,0.03116691468253968,0.07174081212644025,0.046239581055636546,0.30930389476341513,True,14
3.5,24,-253.61588571413174,0.03130357142857143,0.07401534486372773,0.04655111499838029,0.3086661032242469,True,15
3.5,24,-253.22891428552268,0.031461805555555555,0.07064672310797898,0.04694457284580499,0.3065423462426803,True,16
3.5,24,-251.9630857141032,0.031238343253968254,0.07021571876718147,0.04632459498501782,0.3075384569285867,True,17
3.5,24,-253.32502857125417,0.031447420634920634,0.0706098739673303,0.04705225931324911,0.3127612919410021,True,18
3.5,24,-253.21417142838757,0.03109895833333333,0.07025393979175634,0.045106293721655394,0.3142533389323674,True,19
3.5,24,-252.3863999998262,0.03121155753968254,0.06828478104307166,0.046366182529559444,0.3031195458085262,True,20
3.5,24,-253.47668571412856,0.031136160714285713,0.07005196864084277,0.046466333809118875,0.30328176973869825,True,21
3.5,24,-252.8754285712787,0.031015128968253966,0.07070338544124653,0.04626621913467769,0.31054797029222014,True,22
3.5,24,-252.92594285697584,0.03139335317460318,0.07021061890138666,0.04730869286524133,0.30070416346020523,True,23
3.5,24,-252.52205714266276,0.03168501984126985,0.07061233629692157,0.04729666225299638,0.3094425274763446,True,24
3.5,24,-253.48502857123586,0.03139657738095238,0.07056763749177665,0.045099567936103,0.3247604201013119,True,25
3.5,24,-252.6028571426989,0.031071180555555557,0.07093703803970698,0.04529101027494331,0.307035939255878,True,26
3.5,24,-252.9707428569616,0.030759920634920637,0.0689208569836744,0.0438157740524781,0.3187426087987527,True,27
3.5,24,-253.0287999998562,0.03118650793650794,0.07029213382571375,0.045521161969549695,0.3072550460006901,True,28
3.5,24,-252.33222857127083,0.03121155753968254,0.06997840964599959,0.044976726747246495,0.32502562014326175,True,29
3.5,24,-252.34571428555637,0.031348958333333336,0.06901288976814715,0.04721302841553288,0.29868746626042986,True,30
3.5,24,-252.90388571412956,0.031202628968253966,0.06891486828450614,0.04659975825032399,0.2978358692506772,True,31
3.5,24,-252.52068571412556,0.031164434523809525,0.07069383472441201,0.04436777185576612,0.3194179106613755,True,32
3.5,24,-251.95931428552942,0.0315421626984127,0.0683081813392634,0.046728724449303496,0.31256165667114844,True,33
3.5,24,-253.12719999983238,0.03093576388888889,0.07244524824100133,0.04417273759920632,0.31448655238959844,True,34
3.5,24,-253.3882285712615,0.03137301587301587,0.06842535127216272,0.04564773631357304,0.31770826933305407,True,35
3.5,24,-253.29142857124657,0.03166765873015873,0.07014282567449306,0.04682319144800777,0.3117005741073966,True,36
3.5,24,-252.79862857122546,0.031517113095238095,0.06969039169976574,0.04744042629373182,0.3040843485704041,True,37
3.5,24,-252.1668571426458,0.031492063492063495,0.07137834124671552,0.04463944995140908,0.326591501651197,True,38
3.5,24,-252.81474285699235,0.03125967261904762,0.07220266436949102,0.04735663142816647,0.29711608337100603,True,39
3.5,24,-251.47451428554768,0.031086805555555555,0.06679621342219019,0.04597761819727888,0.30142670848909303,True,40
3.5,24,-252.44045714268594,0.0316594742063492,0.07106778228331026,0.04680821994452546,0.31983449531667196,True,41
3.5,24,-253.54731428555,0.031061259920634923,0.07167816831691026,0.04565520609612887,0.3032844936346789,True,42
3.5,24,-252.80114285697076,0.031614335317460315,0.07260672479059788,0.04753633218942344,0.31417169857988836,True,43
3.5,24,-252.7581714283836,0.03153993055555556,0.07213090849923312,0.046408005739795886,0.3131427157467097,True,44
3.5,24,-253.3337142855425,0.0312296626984127,0.07042511749733171,0.04641702376903141,0.30529605920966096,True,45
3.5,24,-253.28594285697366,0.031559275793650796,0.0707640973594405,0.04613909125971817,0.3033772926811933,True,46
3.5,24,-252.96365714268208,0.03119791666666667,0.07137970915080014,0.04528625992063491,0.3056764748032932,True,47
3.5,24,-252.12571428554568,0.03135019841269841,0.07283476699523111,0.04600132393909945,0.3206169275547385,True,48
3.5,24,-253.02925714267093,0.031372023809523815,0.0690592437669493,0.04495701668286356,0.3194108650797971,True,49
3.5,24,-252.61142857123733,0.031181051587301587,0.07113509648757732,0.044383996558147044,0.3242666194237811,True,50
3.5,24,-252.7242285712547,0.031154265873015872,0.07284952645842187,0.04512916063330093,0.31034506981075316,True,51
3.5,24,-252.68182857126004,0.03137301587301587,0.07373599304733415,0.04502273631357304,0.3223041619826873,True,52
3.5,24,-252.93805714268544,0.030912698412698416,0.07099114394187565,0.045626401036605084,0.30527708878919935,True,53
3.5,24,-252.15645714266844,0.03098561507936508,0.07143809864222324,0.045370157555879455,0.31516466657595055,True,54
3.5,24,-252.47302857125302,0.03134548611111111,0.07090124610855734,0.04647022569444439,0.3122765863896545,True,55
3.5,24,-252.75999999984896,0.03096354166666666,0.07126564949789503,0.044132966624149714,0.3147867597349876,True,56
3.5,24,-252.74137142837935,0.03114037698412699,0.07275702500069686,0.04662869124554578,0.2998264598265571,True,57
3.5,24,-251.9711999998243,0.03127256944444445,0.07136581701327789,0.04518436911848069,0.31677596667192565,True,58
3.5,24,-252.7653714284018,0.031283978174603176,0.07024334155399245,0.04475484117873337,0.32472346096613525,True,59
3.5,24,-253.22514285694865,0.030780753968253968,0.06955049025868294,0.04591274230644638,0.3068644572913237,True,60
3.5,24,-252.73714285695553,0.030881944444444445,0.07095936230272809,0.044808346938775556,0.3055375644776728,True,61
3.5,24,-252.71897142837736,0.030862103174603174,0.06979481941598371,0.04504921752510526,0.3097971529417095,True,62
3.5,24,-253.2961142855608,0.0314484126984127,0.0713912142514717,0.04595497246517656,0.31654496090781903,True,63
3.5,24,-252.98297142839058,0.03131944444444445,0.07203953130454861,0.04562066326530603,0.3082601322474844,True,64
3.5,24,-253.15325714267678,0.031051339285714286,0.07161910078022832,0.04542880829891478,0.3098908521875724,True,65
3.5,24,-252.60114285697728,0.030881448412698412,0.07012521523439956,0.04656367229510852,0.29479867730959164,True,66
3.5,24,-253.47897142841774,0.03180927579365079,0.06826444818177384,0.04683748354996768,0.3131534784705676,True,67
3.5,24,-252.7363428569783,0.03123189484126984,0.07231974964320309,0.045975498775105275,0.31856795524788095,True,68
3.5,24,-254.5107428569656,0.031357390873015874,0.06622000469989207,0.0471741933005345,0.3031508696623729,True,69
3.5,24,-252.75371428553734,0.030933531746031747,0.07365166916563809,0.046131193553611914,0.3027262147997568,True,70
3.5,24,-253.34422857124662,0.03160218253968254,0.06867830877133331,0.04616283608681565,0.32036879098157967,True,71
3.5,24,-253.50834285697687,0.03135838293650794,0.06783204552917686,0.04643932247125038,0.31427906445372145,True,72
3.5,24,-252.70148571410562,0.031161954365079365,0.06874257014391531,0.0447751556426142,0.31716884358043784,True,73
3.5,24,-253.54982857125813,0.031327132936507934,0.07031880101624494,0.046842203990524835,0.30255653491692625,True,75
3.5,24,-253.03874285697003,0.03128422619047619,0.06766488607339659,0.04568135483479107,0.3138375256610515,True,74
3.5,24,-252.93291428554565,0.031143601190476187,0.06976383253459474,0.04533763523445097,0.3122519824645955,True,76
3.5,24,-253.3814857141096,0.031087301587301587,0.06927346615946718,0.04630587609329447,0.30951017443040785,True,77
3.5,24,-253.09714285694298,0.03119171626984127,0.071027979082792,0.04515923403587627,0.3204419546469237,True,78
3.5,24,-252.86937142840088,0.031202380952380954,0.07110261567125126,0.0452399896339488,0.31727389740354317,True,79
3.5,24,-252.89977142839587,0.03126116071428572,0.0713106592086582,0.04479993698372203,0.31734879977781993,True,80
3.5,24,-253.262057142668,0.03125272817460317,0.07006732593085738,0.045633289591431855,0.31562989295272526,True,81
3.5,24,-252.714057142676,0.031219494047619048,0.06756731083529847,0.045689401836329774,0.31432315013960843,True,82
3.5,24,-253.65462857124575,0.031609871031746034,0.07377893565828855,0.045887487842160624,0.32088034572374224,True,83
3.5,24,-252.4516571426902,0.03150446428571429,0.07194336007404818,0.04644498424846123,0.3178941588500126,True,84
3.5,24,-252.0492571426767,0.03088219246031746,0.07153223793605067,0.04572667345926462,0.3062318043835608,True,85
3.5,24,-252.85839999984145,0.031355406746031746,0.07145811074830101,0.0462335031482831,0.3078804702511162,True,86
3.5,24,-252.94617142839317,0.031346478174603176,0.07211637587856878,0.04604715013564946,0.3058269605708318,True,87
3.5,24,-252.93817142840967,0.031038938492063493,0.07245079609236843,0.04443775104267893,0.32128008104928385,True,88
3.5,24,-252.78822857126045,0.030826636904761905,0.07040797517886851,0.045511673459264636,0.300578216151849,True,89
3.5,24,-252.90194285697143,0.03159226190476191,0.07070510312555155,0.04598794946550048,0.31608920589352996,True,90
3.5,24,-252.68365714268376,0.031149801587301587,0.07371687662733314,0.04490580239714931,0.31533323317934914,True,91
3.5,24,-253.35439999984192,0.03158804563492063,0.07034937812763278,0.047245295098396554,0.31651705213704673,True,92
3.5,24,-253.24159999982072,0.030959573412698418,0.07277762321995636,0.04493219305758016,0.3131236873144131,True,94
3.5,24,-253.01188571411092,0.03145337301587302,0.07069142798648927,0.047425024295432466,0.30132840474084155,True,93
3.5,24,-252.4486857141101,0.030803075396825395,0.07548592257669606,0.04420536520084229,0.30877796073010766,True,95
3.5,24,-252.4357714284151,0.03143576388888889,0.06975401366282288,0.046529964356575935,0.3134467997180056,True,96
3.5,24,-252.49508571410234,0.031248015873015872,0.06952366842703983,0.045529619533527674,0.31644794998431724,True,99
3.5,24,-252.87782857124452,0.031176587301587306,0.07209338190383306,0.046036244574020044,0.31774347537034375,True,97
3.5,24,-253.1036571426789,0.031079613095238094,0.069358321719662,0.04622332595359572,0.30123953803542547,True,98
